transaction_id,customer_id,amount,payment_method,merchant_category,customer_tenure_months,previous_successes,previous_failures,failure_reason,attempt_number,hours_since_failure,is_subscription,transaction_hour,recovered,recovery_amount,recovery_probability,priority,recommended_action,recommended_channel,actual_recovered
TXN04989,CUST0537,2756.56,Net Banking,Travel,32,17,0,Network Error,1,19.2,1,8,1,2641.73,0.9342600647329183,VERY HIGH,Retry payment,Automatic retry,1
TXN04135,CUST1082,6260.93,UPI,Utilities,50,17,0,Network Error,1,20.1,1,19,1,6170.5,0.9259708616196489,VERY HIGH,Retry payment,Automatic retry,1
TXN02672,CUST0540,1324.54,Net Banking,Utilities,49,13,0,Timeout,1,13.1,1,11,1,1285.5,0.915823580215781,VERY HIGH,Retry payment after short delay,Automatic retry,1
TXN01940,CUST0208,7986.78,UPI,Travel,54,20,4,Network Error,1,19.1,1,23,1,7736.03,0.9112718260906795,VERY HIGH,Retry payment,Automatic retry,1
TXN01355,CUST0261,3459.3,Net Banking,Utilities,43,19,2,Timeout,1,11.3,1,5,1,3235.85,0.9077774564654963,VERY HIGH,Retry payment after short delay,Automatic retry,1
TXN02850,CUST1245,1114.71,UPI,Travel,38,17,1,Timeout,1,9.5,1,16,1,1068.45,0.9066382727745438,VERY HIGH,Retry payment after short delay,Automatic retry,1
TXN03888,CUST1089,8152.73,Wallet,Travel,44,17,1,Timeout,1,12.2,1,18,1,8060.41,0.9026481763010752,VERY HIGH,Retry payment after short delay,Automatic retry,1
TXN00501,CUST1278,1391.96,Net Banking,Shopping,54,19,4,Timeout,1,64.9,1,23,1,1383.16,0.8966363064935255,VERY HIGH,Retry payment after short delay,Automatic retry,1
TXN04817,CUST0096,2547.33,Wallet,Travel,48,20,1,Network Error,1,59.2,1,23,1,2513.63,0.895963587372454,VERY HIGH,Retry payment,Automatic retry,1
TXN01216,CUST0117,2255.35,Net Banking,Entertainment,53,20,4,Timeout,1,8.1,1,20,1,2244.68,0.8932706451794392,VERY HIGH,Retry payment after short delay,Automatic retry,1
TXN03416,CUST0174,6929.25,Card,Food,19,20,1,Network Error,1,23.3,0,11,1,6653.5,0.8925891328532345,VERY HIGH,Retry payment,Automatic retry,1
TXN02031,CUST0837,7491.37,Wallet,Travel,25,16,3,Network Error,1,14.6,1,4,1,6754.49,0.8905235736708064,VERY HIGH,Retry payment,Automatic retry,1
TXN03610,CUST0613,7871.57,Wallet,Utilities,48,14,0,Timeout,1,56.3,1,0,1,7862.36,0.8904306844053678,VERY HIGH,Retry payment after short delay,Automatic retry,1
TXN01716,CUST0826,6730.57,UPI,Food,53,19,0,Network Error,2,19.2,0,19,1,6102.61,0.8861235638803024,VERY HIGH,Retry payment,Automatic retry,1
TXN00722,CUST0668,8253.7,UPI,Food,33,20,1,Timeout,2,17.4,1,18,1,7485.32,0.8855178428196983,VERY HIGH,Retry payment after short delay,Automatic retry,1
TXN04127,CUST0116,2997.45,Wallet,Entertainment,6,17,0,Timeout,1,19.4,1,19,1,2940.7,0.8842679839483316,VERY HIGH,Retry payment after short delay,Automatic retry,1
TXN01334,CUST0007,3326.23,Card,Travel,43,20,0,Authentication Failed,1,16.1,1,0,1,3094.07,0.8814102080279421,VERY HIGH,Request customer authentication,Customer notification,1
TXN03256,CUST0633,2907.13,UPI,Utilities,44,19,2,Timeout,1,21.5,0,22,1,2714.22,0.8797660981013969,VERY HIGH,Retry payment after short delay,Automatic retry,1
TXN02035,CUST0381,2400.8,UPI,Travel,36,20,0,Network Error,1,41.9,0,21,1,2163.94,0.8797497975356916,VERY HIGH,Retry payment,Automatic retry,1
TXN03881,CUST0326,1287.23,Wallet,Shopping,57,18,0,Network Error,1,40.6,0,4,1,1180.24,0.8796455351599901,VERY HIGH,Retry payment,Automatic retry,1
TXN01803,CUST1295,7528.27,Card,Travel,54,17,1,Network Error,1,15.4,0,23,1,7207.55,0.8794839745496743,VERY HIGH,Retry payment,Automatic retry,1
TXN01738,CUST0700,3883.12,Card,Food,38,19,3,Network Error,1,29.4,0,12,1,3620.9,0.8793205729579355,VERY HIGH,Retry payment,Automatic retry,1
TXN00220,CUST1154,6501.34,Card,Shopping,10,17,0,Network Error,1,21.9,1,14,1,6430.45,0.8774054167770164,VERY HIGH,Retry payment,Automatic retry,1
TXN03150,CUST0211,7218.29,Wallet,Utilities,15,19,1,Timeout,1,8.9,1,2,1,6915.08,0.8764744302869449,VERY HIGH,Retry payment after short delay,Automatic retry,1
TXN02780,CUST0108,5249.93,Wallet,Travel,58,16,2,Network Error,1,31.3,1,1,1,5028.42,0.8761773250805106,VERY HIGH,Retry payment,Automatic retry,1
TXN03699,CUST0911,9185.81,Card,Utilities,60,20,1,Network Error,2,7.3,1,3,1,8994.84,0.8725293200723346,VERY HIGH,Retry payment,Automatic retry,1
TXN01036,CUST0140,3608.33,Wallet,Travel,29,20,1,Network Error,1,34.6,0,15,1,3538.52,0.8724886744222181,VERY HIGH,Retry payment,Automatic retry,1
TXN03503,CUST0421,3125.92,UPI,Food,37,18,1,Network Error,3,31.5,1,3,1,2975.26,0.8714299169607445,VERY HIGH,Retry payment,Automatic retry,1
TXN01453,CUST1172,5800.28,UPI,Utilities,33,17,0,Timeout,2,21.8,1,18,1,5432.2,0.8700255518608715,VERY HIGH,Retry payment after short delay,Automatic retry,1
TXN02032,CUST1005,224.7,Net Banking,Entertainment,43,13,2,Timeout,1,13.5,1,13,1,202.82,0.8692653396209945,VERY HIGH,Retry payment after short delay,Automatic retry,1
TXN03889,CUST0356,7454.03,Card,Utilities,11,18,1,Network Error,2,5.1,1,14,1,7063.19,0.8689662241649029,VERY HIGH,Retry payment,Automatic retry,1
TXN04054,CUST0274,8601.55,Card,Travel,27,13,2,Timeout,1,13.1,1,0,1,7986.69,0.8687069496525001,VERY HIGH,Retry payment after short delay,Automatic retry,1
TXN02586,CUST0065,9634.63,Wallet,Food,33,15,5,Network Error,1,21.8,1,15,1,9384.93,0.8677789474679308,VERY HIGH,Retry payment,Automatic retry,1
TXN03474,CUST1131,789.94,Net Banking,Travel,30,20,1,Network Error,3,21.3,0,7,1,778.69,0.8671142178546463,VERY HIGH,Retry payment,Automatic retry,1
TXN03826,CUST0401,4147.05,Wallet,Food,28,18,1,Network Error,2,42.7,1,5,1,4038.93,0.8668930144127438,VERY HIGH,Retry payment,Automatic retry,1
TXN00961,CUST0145,9375.59,Wallet,Entertainment,38,19,0,Authentication Failed,1,26.2,1,21,1,8850.97,0.866319471039311,VERY HIGH,Request customer authentication,Customer notification,1
TXN00523,CUST0852,4258.04,Wallet,Shopping,58,20,3,Network Error,2,59.5,0,22,1,3858.16,0.8662009880567603,VERY HIGH,Retry payment,Automatic retry,1
TXN01575,CUST1464,7911.33,Net Banking,Travel,27,14,5,Network Error,1,11.3,1,20,1,7571.88,0.8658206487103743,VERY HIGH,Retry payment,Automatic retry,1
TXN03634,CUST0695,232.75,Wallet,Travel,36,20,5,Timeout,1,13.3,0,2,1,218.67,0.8654330555010763,VERY HIGH,Retry payment after short delay,Automatic retry,1
TXN00069,CUST0776,6070.09,Wallet,Food,43,19,3,Network Error,2,4.0,0,20,1,5941.19,0.8653064431702863,VERY HIGH,Retry payment,Automatic retry,1
TXN03931,CUST0665,5195.23,Net Banking,Entertainment,37,14,0,Timeout,1,8.2,0,15,1,4871.74,0.8652490579708182,VERY HIGH,Retry payment after short delay,Automatic retry,1
TXN03969,CUST0516,5180.38,Net Banking,Travel,26,9,0,Network Error,1,1.6,1,22,1,5022.77,0.8648051196182596,VERY HIGH,Retry payment,Automatic retry,1
TXN03303,CUST1348,1514.17,Card,Food,40,20,4,Network Error,1,13.0,0,14,1,1396.39,0.8641418181186366,VERY HIGH,Retry payment,Automatic retry,1
TXN04225,CUST1193,8434.07,Net Banking,Travel,3,16,2,Timeout,1,9.8,1,22,1,8006.41,0.8636132989811827,VERY HIGH,Retry payment after short delay,Automatic retry,1
TXN02400,CUST1466,8154.73,UPI,Food,38,18,2,Timeout,1,14.9,0,8,1,8036.33,0.862898601914419,VERY HIGH,Retry payment after short delay,Automatic retry,1
TXN03097,CUST1478,2282.34,Net Banking,Food,59,20,3,Network Error,1,63.9,1,22,1,2153.89,0.8627605173054923,VERY HIGH,Retry payment,Automatic retry,1
TXN03486,CUST1196,8520.07,Net Banking,Entertainment,49,19,3,Network Error,1,26.7,0,1,1,8241.26,0.8612460814215959,VERY HIGH,Retry payment,Automatic retry,1
TXN03662,CUST0147,2826.76,Card,Utilities,48,18,5,Network Error,1,14.6,0,10,1,2662.32,0.8606326495917483,VERY HIGH,Retry payment,Automatic retry,1
TXN00313,CUST1219,3632.01,UPI,Utilities,57,19,1,Bank Declined,1,13.3,1,6,1,3613.37,0.8602370710284788,VERY HIGH,Suggest alternative payment method,Customer notification,1
TXN00605,CUST0948,9853.23,Net Banking,Utilities,41,17,0,Network Error,2,23.0,0,1,1,9207.81,0.8595280921966508,VERY HIGH,Retry payment,Automatic retry,1
TXN04287,CUST0477,5713.62,Wallet,Shopping,57,19,0,Authentication Failed,1,11.5,1,15,1,5516.79,0.8595242390395892,VERY HIGH,Request customer authentication,Customer notification,1
TXN04401,CUST0569,8401.64,Net Banking,Food,50,20,4,Network Error,2,49.6,0,22,1,7562.19,0.8590396796123172,VERY HIGH,Retry payment,Automatic retry,1
TXN04299,CUST0109,5682.28,UPI,Entertainment,40,19,3,Timeout,1,5.2,0,8,1,5499.46,0.8588863398812717,VERY HIGH,Retry payment after short delay,Automatic retry,1
TXN00016,CUST0872,8650.05,Card,Travel,51,19,4,Timeout,2,69.4,1,22,1,8152.48,0.8583010190588486,VERY HIGH,Retry payment after short delay,Automatic retry,1
TXN04177,CUST1392,4781.51,Net Banking,Shopping,30,20,2,Network Error,1,54.2,0,22,1,4737.93,0.8581657314100913,VERY HIGH,Retry payment,Automatic retry,1
TXN01388,CUST0442,4509.98,UPI,Travel,50,18,3,Network Error,2,25.2,0,19,1,4069.62,0.8580202005769916,VERY HIGH,Retry payment,Automatic retry,1
TXN00880,CUST0281,6073.01,Card,Utilities,10,16,4,Timeout,1,19.5,1,15,1,5575.8,0.8579856373328577,VERY HIGH,Retry payment after short delay,Automatic retry,1
TXN01263,CUST0435,4027.88,Net Banking,Entertainment,54,15,0,Authentication Failed,1,12.8,1,14,1,3744.81,0.857210761171507,VERY HIGH,Request customer authentication,Customer notification,1
TXN02983,CUST0896,2767.24,Wallet,Travel,34,18,0,Timeout,1,29.9,0,20,1,2586.02,0.8566897707627673,VERY HIGH,Retry payment after short delay,Automatic retry,1
TXN00743,CUST0732,3251.21,Card,Shopping,33,17,0,Network Error,1,66.3,0,22,1,2980.88,0.8561694673346204,VERY HIGH,Retry payment,Automatic retry,1
TXN02487,CUST0266,9648.43,UPI,Utilities,33,14,0,Timeout,1,3.1,0,0,1,9153.43,0.8561480284114518,VERY HIGH,Retry payment after short delay,Automatic retry,1
TXN01162,CUST0712,167.47,Card,Entertainment,58,16,4,Timeout,2,2.0,1,11,1,154.39,0.8557141290704954,VERY HIGH,Retry payment after short delay,Automatic retry,1
TXN04185,CUST0421,1013.46,Card,Utilities,11,20,3,Timeout,1,17.1,0,1,1,960.29,0.8555772009920148,VERY HIGH,Retry payment after short delay,Automatic retry,1
TXN00887,CUST0634,1576.49,UPI,Travel,49,12,0,Timeout,1,8.3,0,3,1,1506.73,0.855534516945972,VERY HIGH,Retry payment after short delay,Automatic retry,1
TXN03360,CUST0142,9982.13,Card,Shopping,46,18,3,Network Error,1,11.8,0,23,1,9944.73,0.855263659685732,VERY HIGH,Retry payment,Automatic retry,1
TXN04488,CUST1261,3209.69,Net Banking,Utilities,19,20,0,Network Error,1,8.2,0,2,1,2959.78,0.8544424004511193,VERY HIGH,Retry payment,Automatic retry,1
TXN00568,CUST0978,7365.66,UPI,Entertainment,2,20,1,Network Error,2,28.6,0,16,1,7036.98,0.8542415446137173,VERY HIGH,Retry payment,Automatic retry,1
TXN00267,CUST0624,6234.2,UPI,Food,17,17,3,Timeout,1,34.2,1,9,1,6069.63,0.8541735887713519,VERY HIGH,Retry payment after short delay,Automatic retry,1
TXN01007,CUST1247,6344.1,Wallet,Entertainment,46,20,0,Network Error,1,53.5,0,0,1,5953.44,0.8538195757412782,VERY HIGH,Retry payment,Automatic retry,1
TXN02492,CUST0164,4185.51,Wallet,Utilities,8,19,0,Timeout,2,2.9,0,22,1,4054.78,0.8534939760052938,VERY HIGH,Retry payment after short delay,Automatic retry,1
TXN00754,CUST0824,8060.55,UPI,Food,15,12,1,Timeout,1,3.1,1,0,1,7841.87,0.8531716218467678,VERY HIGH,Retry payment after short delay,Automatic retry,1
TXN01843,CUST0199,170.71,Card,Shopping,37,20,5,Network Error,2,24.2,1,18,1,164.98,0.8530192891182604,VERY HIGH,Retry payment,Automatic retry,1
TXN01737,CUST0866,186.89,Wallet,Travel,24,11,0,Timeout,1,45.0,1,0,1,178.68,0.8527237819833969,VERY HIGH,Retry payment after short delay,Automatic retry,1
TXN03032,CUST0588,9471.33,Wallet,Utilities,24,6,0,Network Error,1,15.0,1,22,1,8815.0,0.8525705631720458,VERY HIGH,Retry payment,Automatic retry,1
TXN00160,CUST0749,9705.33,Card,Food,6,18,0,Network Error,3,26.1,1,13,1,9146.77,0.8513078738388654,VERY HIGH,Retry payment,Automatic retry,1
TXN00161,CUST1195,9330.0,Net Banking,Utilities,3,20,1,Network Error,1,41.1,0,1,1,8798.56,0.8506707707445667,VERY HIGH,Retry payment,Automatic retry,1
TXN00136,CUST0613,5669.3,Net Banking,Shopping,46,18,1,Network Error,2,10.7,0,16,1,5574.31,0.8503005180995076,VERY HIGH,Retry payment,Automatic retry,1
TXN02144,CUST1438,2205.38,UPI,Travel,33,16,0,Authentication Failed,1,21.1,1,10,1,2133.65,0.8502944082368183,VERY HIGH,Request customer authentication,Customer notification,1
TXN04051,CUST1356,9582.52,Wallet,Entertainment,8,18,3,Timeout,1,3.5,1,16,1,8951.16,0.8500515633799224,VERY HIGH,Retry payment after short delay,Automatic retry,1
TXN03668,CUST0287,3196.14,Card,Entertainment,55,15,1,Timeout,2,10.8,0,1,1,3049.85,0.8498579479770711,VERY HIGH,Retry payment after short delay,Automatic retry,1
TXN00013,CUST0088,9497.09,Card,Travel,51,16,1,Timeout,3,22.0,1,5,1,9179.03,0.8484170842330501,VERY HIGH,Retry payment after short delay,Automatic retry,1
TXN03570,CUST0365,8375.3,Wallet,Utilities,23,17,1,Timeout,2,71.1,1,0,1,7900.58,0.8483166213925725,VERY HIGH,Retry payment after short delay,Automatic retry,1
TXN01765,CUST0192,9193.36,Wallet,Utilities,20,14,1,Network Error,2,22.3,1,9,1,8686.87,0.8481185406465004,VERY HIGH,Retry payment,Automatic retry,1
TXN00332,CUST1301,5877.69,Card,Utilities,25,19,5,Network Error,1,18.1,0,21,1,5607.92,0.8480954672069853,VERY HIGH,Retry payment,Automatic retry,1
TXN02915,CUST0563,200.13,Wallet,Entertainment,41,18,2,Network Error,3,4.8,1,22,1,194.93,0.8478528722158939,VERY HIGH,Retry payment,Automatic retry,1
TXN01811,CUST1108,4491.28,UPI,Entertainment,26,18,1,Network Error,3,27.5,1,0,1,4238.86,0.8476765365512289,VERY HIGH,Retry payment,Automatic retry,1
TXN00582,CUST0729,1308.9,Wallet,Food,25,17,1,Network Error,2,52.8,1,9,1,1272.75,0.847675324140207,VERY HIGH,Retry payment,Automatic retry,1
TXN00688,CUST0134,3148.08,Wallet,Utilities,48,14,2,Timeout,1,47.4,1,17,1,3039.45,0.8464520226212068,VERY HIGH,Retry payment after short delay,Automatic retry,1
TXN02762,CUST0463,9555.13,Wallet,Entertainment,28,20,0,Timeout,2,58.9,1,0,1,9419.84,0.8456992570739064,VERY HIGH,Retry payment after short delay,Automatic retry,1
TXN00325,CUST0230,4909.59,Net Banking,Shopping,48,20,3,Timeout,1,70.0,1,8,1,4778.7,0.8455779301171252,VERY HIGH,Retry payment after short delay,Automatic retry,1
TXN04186,CUST0707,7322.22,UPI,Travel,15,19,2,Network Error,1,25.2,0,12,1,6906.23,0.845491771190597,VERY HIGH,Retry payment,Automatic retry,1
TXN00970,CUST0228,565.03,UPI,Travel,9,16,5,Timeout,1,18.8,1,9,1,532.96,0.845413262952012,VERY HIGH,Retry payment after short delay,Automatic retry,1
TXN03382,CUST0382,6016.37,Card,Entertainment,28,20,0,Timeout,3,16.4,1,19,1,5880.68,0.8452674897701964,VERY HIGH,Retry payment after short delay,Automatic retry,1
TXN02175,CUST1405,7394.58,Card,Food,47,15,0,Timeout,1,41.6,0,1,1,6881.14,0.8442148377400633,VERY HIGH,Retry payment after short delay,Automatic retry,1
TXN04832,CUST1160,8175.09,Wallet,Entertainment,1,19,3,Network Error,1,32.9,0,23,1,7748.49,0.8442022626332438,VERY HIGH,Retry payment,Automatic retry,1
TXN03470,CUST1432,2813.42,UPI,Travel,46,14,0,Network Error,2,19.5,0,21,1,2562.81,0.8440613027002705,VERY HIGH,Retry payment,Automatic retry,1
TXN03561,CUST0638,7087.01,Wallet,Entertainment,22,13,1,Timeout,1,45.1,1,11,1,6630.59,0.8434452005750628,VERY HIGH,Retry payment after short delay,Automatic retry,1
TXN03166,CUST1242,2201.55,Card,Shopping,52,20,4,Timeout,1,69.2,0,23,1,2123.65,0.843147110864164,VERY HIGH,Retry payment after short delay,Automatic retry,1
TXN02110,CUST0217,6253.04,UPI,Shopping,57,13,1,Timeout,1,10.4,0,18,1,5772.78,0.8429099555825893,VERY HIGH,Retry payment after short delay,Automatic retry,1
TXN01665,CUST1419,3527.35,Card,Food,29,18,1,Network Error,1,44.0,0,5,1,3197.51,0.8426917369677572,VERY HIGH,Retry payment,Automatic retry,1
TXN01187,CUST0604,1065.33,Wallet,Shopping,19,19,0,Network Error,1,38.6,0,17,1,1002.93,0.8426516426459203,VERY HIGH,Retry payment,Automatic retry,1
TXN03796,CUST1265,2918.41,Net Banking,Shopping,4,18,2,Network Error,2,15.0,0,17,1,2900.67,0.8424386847063041,VERY HIGH,Retry payment,Automatic retry,1
TXN01240,CUST0285,802.07,Card,Entertainment,1,20,7,Timeout,2,10.3,0,13,1,759.6,0.8422551581837626,VERY HIGH,Retry payment after short delay,Automatic retry,1
TXN01143,CUST1285,928.88,UPI,Utilities,55,14,5,Timeout,1,38.3,1,8,1,876.35,0.8416546858182922,VERY HIGH,Retry payment after short delay,Automatic retry,1
TXN04074,CUST0520,2321.25,Net Banking,Travel,32,19,0,Network Error,2,36.1,0,10,1,2165.52,0.8412166027408017,VERY HIGH,Retry payment,Automatic retry,1
TXN01042,CUST0139,3563.56,Card,Entertainment,44,17,0,Network Error,3,33.0,1,5,1,3551.61,0.8411801153442278,VERY HIGH,Retry payment,Automatic retry,1
TXN02432,CUST0456,3890.74,Card,Entertainment,34,19,0,Authentication Failed,2,5.8,1,19,1,3596.74,0.8403731020774013,VERY HIGH,Request customer authentication,Customer notification,1
TXN02153,CUST0801,2824.18,UPI,Travel,58,20,5,Network Error,2,50.5,0,21,1,2575.52,0.8400425498604701,VERY HIGH,Retry payment,Automatic retry,1
TXN03070,CUST0679,5640.21,Card,Travel,44,20,3,Network Error,3,28.3,0,18,1,5141.7,0.839833265891889,VERY HIGH,Retry payment,Automatic retry,1
TXN02684,CUST1244,2100.6,Net Banking,Entertainment,1,20,7,Network Error,1,1.2,1,12,1,1987.76,0.8397915543385163,VERY HIGH,Retry payment,Automatic retry,1
TXN03753,CUST1257,9153.81,UPI,Entertainment,49,18,0,Network Error,3,28.0,0,17,1,8983.62,0.8394981467165032,VERY HIGH,Retry payment,Automatic retry,1
TXN02934,CUST0931,6192.97,UPI,Shopping,22,15,1,Timeout,1,42.4,1,1,1,5990.92,0.8394397266554736,VERY HIGH,Retry payment after short delay,Automatic retry,1
TXN02829,CUST1156,603.45,Card,Travel,53,18,0,Network Error,2,5.9,0,1,1,563.7,0.8390487227414168,VERY HIGH,Retry payment,Automatic retry,1
TXN01121,CUST0550,8179.18,Wallet,Travel,2,19,7,Network Error,1,9.3,1,4,1,7375.89,0.8390233380915096,VERY HIGH,Retry payment,Automatic retry,1
TXN01124,CUST1021,2163.16,Card,Shopping,51,12,0,Timeout,2,17.8,1,11,1,2142.55,0.839013369262825,VERY HIGH,Retry payment after short delay,Automatic retry,1
TXN01026,CUST0173,685.85,Wallet,Travel,13,20,1,Timeout,3,21.0,1,10,1,618.4,0.8388842733941345,VERY HIGH,Retry payment after short delay,Automatic retry,1
TXN04649,CUST1063,5351.68,UPI,Travel,53,20,7,Network Error,1,17.2,0,10,1,5302.66,0.83845171865586,VERY HIGH,Retry payment,Automatic retry,1
TXN02939,CUST0809,7209.21,UPI,Travel,60,17,3,Authentication Failed,1,21.4,1,19,1,6713.5,0.8382764028574684,VERY HIGH,Request customer authentication,Customer notification,1
TXN01735,CUST0360,8104.85,Card,Travel,51,19,1,Bank Declined,2,4.2,1,22,1,8042.41,0.8379083543123877,VERY HIGH,Suggest alternative payment method,Customer notification,1
TXN04198,CUST0471,8839.54,UPI,Travel,16,19,3,Authentication Failed,1,32.4,1,19,1,8419.85,0.8378805495328612,VERY HIGH,Request customer authentication,Customer notification,1
TXN00601,CUST1093,3582.87,Net Banking,Entertainment,7,17,0,Network Error,2,39.3,1,21,1,3346.5,0.8374922058320462,VERY HIGH,Retry payment,Automatic retry,1
TXN04530,CUST0802,6914.47,UPI,Travel,42,20,4,Network Error,2,66.8,0,23,1,6239.54,0.8370730068284457,VERY HIGH,Retry payment,Automatic retry,1
TXN03977,CUST1167,3117.9,UPI,Travel,9,10,2,Network Error,1,14.4,1,1,1,2962.8,0.8370381611223273,VERY HIGH,Retry payment,Automatic retry,1
TXN02402,CUST0287,2563.09,Net Banking,Shopping,58,15,0,Network Error,1,18.9,1,8,1,2517.73,0.8369882435477833,VERY HIGH,Retry payment,Automatic retry,1
TXN01564,CUST1440,1998.19,UPI,Entertainment,4,18,0,Timeout,2,8.8,0,20,1,1890.41,0.8365429172792871,VERY HIGH,Retry payment after short delay,Automatic retry,1
TXN04205,CUST0863,557.99,Wallet,Utilities,43,12,0,Timeout,1,18.2,0,12,1,524.53,0.8362172653697472,VERY HIGH,Retry payment after short delay,Automatic retry,1
TXN02632,CUST0789,9785.47,Wallet,Food,46,10,5,Network Error,1,19.2,1,21,1,9700.83,0.8359489404569486,VERY HIGH,Retry payment,Automatic retry,1
TXN04232,CUST1435,4210.12,Net Banking,Utilities,14,18,2,Network Error,2,14.4,0,22,1,3924.49,0.8359069485944787,VERY HIGH,Retry payment,Automatic retry,1
TXN01847,CUST0693,4557.34,Net Banking,Utilities,54,17,4,Network Error,1,12.7,0,8,1,4531.02,0.8357825380286579,VERY HIGH,Retry payment,Automatic retry,1
TXN02532,CUST0778,2234.54,Net Banking,Utilities,45,16,2,Network Error,2,1.9,1,9,1,2108.67,0.8353255240705012,VERY HIGH,Retry payment,Automatic retry,1
TXN03321,CUST0026,9160.15,UPI,Utilities,48,14,3,Network Error,2,10.9,1,21,1,9031.73,0.83505088676572,VERY HIGH,Retry payment,Automatic retry,1
TXN02251,CUST0787,2160.25,Wallet,Travel,2,20,4,Timeout,1,70.4,1,9,1,1961.12,0.8349195241279764,VERY HIGH,Retry payment after short delay,Automatic retry,1
TXN00105,CUST0015,8992.56,Wallet,Entertainment,7,13,2,Network Error,1,21.6,1,22,1,8269.74,0.8344787783226977,VERY HIGH,Retry payment,Automatic retry,1
TXN03104,CUST0259,9708.49,Card,Food,37,19,3,Network Error,3,8.7,0,8,1,9252.83,0.8344738752378212,VERY HIGH,Retry payment,Automatic retry,1
TXN02928,CUST0356,2643.45,Net Banking,Shopping,42,14,1,Timeout,1,15.3,0,13,1,2638.83,0.8344468755094665,VERY HIGH,Retry payment after short delay,Automatic retry,1
TXN00824,CUST0767,4575.66,UPI,Travel,44,10,7,Network Error,1,6.6,1,19,1,4430.6,0.8338762718552618,VERY HIGH,Retry payment,Automatic retry,1
TXN03262,CUST0934,3886.6,Card,Travel,17,16,1,Authentication Failed,1,22.7,1,23,1,3787.49,0.8331193889905225,VERY HIGH,Request customer authentication,Customer notification,1
TXN01496,CUST0466,6279.98,Card,Entertainment,32,19,1,Network Error,1,37.7,0,16,1,6127.14,0.8329403439951826,VERY HIGH,Retry payment,Automatic retry,1
TXN02888,CUST0763,4479.12,Card,Utilities,17,17,4,Network Error,1,21.4,0,12,1,4393.94,0.8328457672597024,VERY HIGH,Retry payment,Automatic retry,1
TXN03768,CUST1034,3004.15,UPI,Shopping,6,13,1,Authentication Failed,1,17.0,1,7,1,2950.52,0.8327387612358629,VERY HIGH,Request customer authentication,Customer notification,1
TXN02467,CUST0042,1579.42,Card,Utilities,37,19,4,Network Error,1,5.4,0,14,1,1540.38,0.8318840743836001,VERY HIGH,Retry payment,Automatic retry,1
TXN03290,CUST0432,271.15,Net Banking,Utilities,53,18,2,Timeout,1,51.1,0,7,1,255.14,0.8318524511252627,VERY HIGH,Retry payment after short delay,Automatic retry,1
TXN01624,CUST0825,8944.71,UPI,Entertainment,40,13,0,Bank Declined,1,18.4,1,2,1,8593.24,0.8318422636762193,VERY HIGH,Suggest alternative payment method,Customer notification,1
TXN03190,CUST1090,804.0,Wallet,Utilities,57,20,5,Network Error,1,58.0,0,2,1,750.61,0.8317417077261929,VERY HIGH,Retry payment,Automatic retry,1
TXN02520,CUST0447,9000.34,Wallet,Utilities,56,7,0,Network Error,1,14.2,1,22,1,8651.66,0.8316780940149002,VERY HIGH,Retry payment,Automatic retry,1
TXN01441,CUST1251,5308.22,UPI,Shopping,14,14,1,Bank Declined,1,1.0,1,9,1,5255.78,0.8304841523661785,VERY HIGH,Suggest alternative payment method,Customer notification,1
TXN00363,CUST1140,7506.79,Card,Entertainment,8,19,2,Network Error,2,1.9,0,9,1,7330.1,0.8303945252614049,VERY HIGH,Retry payment,Automatic retry,1
TXN01387,CUST0666,7569.92,Wallet,Food,45,16,3,Network Error,2,27.4,0,11,1,6943.24,0.8303908962654017,VERY HIGH,Retry payment,Automatic retry,1
TXN02502,CUST0483,6389.12,Net Banking,Food,22,19,1,Network Error,1,70.9,0,9,1,6014.19,0.8303736373025491,VERY HIGH,Retry payment,Automatic retry,1
TXN02305,CUST0152,1491.86,UPI,Food,22,20,1,Network Error,3,49.9,1,5,1,1451.59,0.8303392932601044,VERY HIGH,Retry payment,Automatic retry,1
TXN03774,CUST0412,9035.09,Card,Food,36,13,3,Network Error,2,20.2,1,8,1,8321.46,0.8302466234124825,VERY HIGH,Retry payment,Automatic retry,1
TXN00889,CUST1427,6217.52,UPI,Utilities,51,16,0,Bank Declined,1,43.9,1,16,1,5978.36,0.8300472841238072,VERY HIGH,Suggest alternative payment method,Customer notification,1
TXN03310,CUST1032,4395.49,Wallet,Travel,47,12,0,Timeout,1,41.9,0,19,1,3974.59,0.829870616453544,VERY HIGH,Retry payment after short delay,Automatic retry,1
TXN00767,CUST0177,5283.28,Wallet,Entertainment,30,10,0,Timeout,1,17.0,1,17,1,5222.84,0.8294747885459156,VERY HIGH,Retry payment after short delay,Automatic retry,1
TXN04834,CUST0250,8173.33,Wallet,Shopping,51,20,4,Timeout,2,50.2,1,6,1,8021.61,0.8283024542804819,VERY HIGH,Retry payment after short delay,Automatic retry,1
TXN04164,CUST0552,1842.79,Card,Travel,50,20,6,Network Error,1,47.9,0,1,1,1687.59,0.8281303393699866,VERY HIGH,Retry payment,Automatic retry,1
TXN02241,CUST1141,7910.38,Card,Utilities,41,16,1,Authentication Failed,1,8.2,0,12,1,7615.88,0.8278138492741648,VERY HIGH,Request customer authentication,Customer notification,1
TXN03038,CUST0561,6534.53,Card,Food,35,18,4,Network Error,3,5.8,0,22,1,6301.48,0.827689471764899,VERY HIGH,Retry payment,Automatic retry,1
TXN04486,CUST1444,471.77,UPI,Food,32,15,0,Bank Declined,1,24.2,1,6,1,466.18,0.8275661068348805,VERY HIGH,Suggest alternative payment method,Customer notification,1
TXN03413,CUST0520,8565.28,UPI,Shopping,9,20,3,Timeout,1,7.8,0,8,1,7861.85,0.8269380108557618,VERY HIGH,Retry payment after short delay,Automatic retry,1
TXN04549,CUST0387,3298.4,UPI,Travel,18,20,6,Network Error,3,17.1,1,6,1,3168.62,0.8267936350288468,VERY HIGH,Retry payment,Automatic retry,1
TXN04156,CUST0282,8516.7,UPI,Utilities,47,14,2,Timeout,1,50.5,1,1,1,7744.6,0.826727855533917,VERY HIGH,Retry payment after short delay,Automatic retry,1
TXN01844,CUST0387,4621.63,UPI,Travel,52,13,2,Network Error,1,54.3,1,19,1,4410.41,0.826496266330069,VERY HIGH,Retry payment,Automatic retry,1
TXN01947,CUST0515,1935.55,Card,Food,36,17,2,Timeout,2,15.1,0,15,1,1777.14,0.8261544657847354,VERY HIGH,Retry payment after short delay,Automatic retry,1
TXN04479,CUST0301,7712.9,Net Banking,Shopping,53,19,2,Timeout,2,17.2,0,9,1,7437.32,0.8253450530431965,VERY HIGH,Retry payment after short delay,Automatic retry,1
TXN00583,CUST1366,1200.26,Card,Travel,33,7,5,Network Error,1,15.9,1,22,1,1191.94,0.8252666827186568,VERY HIGH,Retry payment,Automatic retry,1
TXN03730,CUST0162,1407.15,Net Banking,Entertainment,58,11,0,Timeout,2,20.2,1,5,1,1368.17,0.8249569593131147,VERY HIGH,Retry payment after short delay,Automatic retry,1
TXN01824,CUST1411,2285.05,Wallet,Travel,60,19,0,Network Error,3,1.4,0,9,1,2258.47,0.8248108133305743,VERY HIGH,Retry payment,Automatic retry,1
TXN01406,CUST0588,7373.61,Wallet,Food,20,18,1,Timeout,1,7.8,0,8,1,7006.59,0.8247034916673683,VERY HIGH,Retry payment after short delay,Automatic retry,1
TXN04695,CUST1258,5655.4,Card,Food,58,16,1,Timeout,2,11.7,0,11,1,5275.49,0.8246637377571123,VERY HIGH,Retry payment after short delay,Automatic retry,1
TXN00740,CUST1225,4691.76,UPI,Shopping,27,20,2,Network Error,2,30.3,0,10,1,4265.23,0.8246110817253478,VERY HIGH,Retry payment,Automatic retry,1
TXN00291,CUST1446,2475.89,Wallet,Shopping,53,19,1,Network Error,2,64.6,1,10,1,2380.83,0.8233590650898415,VERY HIGH,Retry payment,Automatic retry,1
TXN04894,CUST0505,1853.5,Wallet,Shopping,57,18,3,Timeout,2,40.4,1,17,1,1781.92,0.8232565609810343,VERY HIGH,Retry payment after short delay,Automatic retry,1
TXN01805,CUST0797,5193.45,Net Banking,Shopping,2,20,2,Timeout,1,66.2,0,20,1,4928.9,0.8232438128630956,VERY HIGH,Retry payment after short delay,Automatic retry,1
TXN04869,CUST1083,7666.13,Net Banking,Entertainment,44,20,1,Authentication Failed,1,36.6,0,0,1,7365.86,0.8229436941589843,VERY HIGH,Request customer authentication,Customer notification,1
TXN04909,CUST1461,546.38,Card,Entertainment,25,20,4,Timeout,1,44.1,0,9,1,497.29,0.8226379158591509,VERY HIGH,Retry payment after short delay,Automatic retry,1
TXN02785,CUST1135,4123.54,Card,Utilities,38,20,0,Network Error,3,30.2,0,2,1,3833.17,0.8223610557951967,VERY HIGH,Retry payment,Automatic retry,1
TXN00980,CUST0692,6564.43,Card,Shopping,36,19,0,Bank Declined,1,43.3,1,22,1,6193.74,0.8223002380346807,VERY HIGH,Suggest alternative payment method,Customer notification,1
TXN00042,CUST0687,9540.0,UPI,Shopping,40,13,3,Timeout,1,10.3,0,3,1,9467.41,0.8220581972200404,VERY HIGH,Retry payment after short delay,Automatic retry,1
TXN03226,CUST1378,3941.78,Wallet,Travel,18,18,2,Network Error,1,67.3,0,18,1,3767.24,0.8219699780462544,VERY HIGH,Retry payment,Automatic retry,1
TXN04883,CUST1202,1143.43,Card,Entertainment,36,17,1,Authentication Failed,1,9.6,0,11,1,1035.78,0.8218860320069159,VERY HIGH,Request customer authentication,Customer notification,1
TXN01390,CUST1133,7039.26,Net Banking,Food,2,20,4,Network Error,1,17.5,1,6,1,6460.33,0.8218064944511625,VERY HIGH,Retry payment,Automatic retry,1
TXN02235,CUST1005,3069.39,UPI,Food,53,19,6,Network Error,2,37.4,0,22,1,2937.97,0.8215880990761206,VERY HIGH,Retry payment,Automatic retry,1
TXN02125,CUST1360,4693.6,Wallet,Travel,34,12,6,Network Error,1,1.8,1,7,1,4446.74,0.8215183981727617,VERY HIGH,Retry payment,Automatic retry,1
TXN01990,CUST0805,7884.68,UPI,Shopping,21,15,1,Timeout,2,5.1,0,16,1,7769.65,0.8211490308623631,VERY HIGH,Retry payment after short delay,Automatic retry,1
TXN03795,CUST0991,7669.97,Wallet,Shopping,38,20,0,Authentication Failed,1,27.5,0,21,1,7291.37,0.8206368766270515,VERY HIGH,Request customer authentication,Customer notification,1
TXN01917,CUST0428,2443.48,Card,Shopping,45,19,1,Timeout,3,33.1,0,4,1,2432.53,0.8204605395059872,VERY HIGH,Retry payment after short delay,Automatic retry,1
TXN01273,CUST1168,6768.11,Net Banking,Entertainment,46,16,0,Network Error,3,20.9,0,7,1,6455.23,0.8204306325900435,VERY HIGH,Retry payment,Automatic retry,1
TXN01546,CUST1421,3938.18,UPI,Utilities,24,20,1,Timeout,2,34.5,0,21,1,3808.69,0.8200730213421455,VERY HIGH,Retry payment after short delay,Automatic retry,1
TXN01880,CUST0729,8915.37,Card,Entertainment,57,15,0,Authentication Failed,1,12.8,0,10,1,8228.88,0.8196057513454299,VERY HIGH,Request customer authentication,Customer notification,1
TXN00991,CUST0624,604.65,Card,Utilities,44,16,4,Network Error,1,65.6,0,22,1,601.21,0.8191523977893992,VERY HIGH,Retry payment,Automatic retry,1
TXN02728,CUST1312,710.58,Card,Shopping,55,19,1,Timeout,3,11.7,0,17,1,641.96,0.8190716462366484,VERY HIGH,Retry payment after short delay,Automatic retry,1
TXN03924,CUST0104,2769.38,Wallet,Utilities,46,19,0,Network Error,3,39.8,0,23,1,2516.43,0.8181926416119751,VERY HIGH,Retry payment,Automatic retry,1
TXN01350,CUST1410,9777.21,Net Banking,Food,34,18,1,Timeout,3,25.6,1,11,1,9599.72,0.8180897039086559,VERY HIGH,Retry payment after short delay,Automatic retry,1
TXN03287,CUST0477,448.05,Wallet,Utilities,13,14,1,Timeout,1,18.8,0,10,1,412.37,0.8178973464362723,VERY HIGH,Retry payment after short delay,Automatic retry,1
TXN02046,CUST1187,9840.67,Card,Travel,37,18,6,Network Error,1,60.9,0,0,1,9073.23,0.8177617786313713,VERY HIGH,Retry payment,Automatic retry,1
TXN00320,CUST0470,9408.19,UPI,Utilities,58,20,2,Timeout,1,71.6,0,11,1,9046.31,0.8177172288704893,VERY HIGH,Retry payment after short delay,Automatic retry,1
TXN03488,CUST1065,5539.34,Net Banking,Shopping,2,17,2,Network Error,2,67.4,0,22,1,5026.27,0.8176535621533049,VERY HIGH,Retry payment,Automatic retry,1
TXN02794,CUST1248,4983.48,UPI,Travel,50,20,7,Network Error,1,45.1,0,15,1,4753.83,0.8175966633662913,VERY HIGH,Retry payment,Automatic retry,1
TXN04680,CUST0758,3196.33,Wallet,Entertainment,60,17,3,Network Error,2,39.5,0,17,1,2947.55,0.817111729227454,VERY HIGH,Retry payment,Automatic retry,1
TXN02124,CUST0308,4423.9,UPI,Shopping,26,20,2,Timeout,2,9.1,0,7,1,4170.21,0.8168250153769568,VERY HIGH,Retry payment after short delay,Automatic retry,1
TXN04298,CUST0175,8758.6,UPI,Entertainment,7,14,0,Bank Declined,1,44.6,1,21,1,8373.42,0.8167768298274117,VERY HIGH,Suggest alternative payment method,Customer notification,1
TXN00181,CUST1249,5774.91,UPI,Utilities,27,20,2,Timeout,2,25.2,0,12,1,5337.83,0.8166086634598045,VERY HIGH,Retry payment after short delay,Automatic retry,1
TXN00048,CUST0647,7431.59,Net Banking,Food,32,20,3,Network Error,3,7.4,0,7,1,6708.65,0.8164145252750065,VERY HIGH,Retry payment,Automatic retry,1
TXN00174,CUST1052,3774.58,Card,Utilities,15,20,0,Insufficient Balance,1,9.9,0,15,1,3488.74,0.816303209038889,VERY HIGH,Ask customer to add funds or use another method,Customer notification,1
TXN03228,CUST0558,3126.99,Wallet,Entertainment,39,12,2,Network Error,2,17.7,1,2,1,3009.65,0.815877944294699,VERY HIGH,Retry payment,Automatic retry,1
TXN02889,CUST0476,6719.84,Card,Entertainment,51,16,2,Timeout,2,28.3,0,10,1,6649.19,0.8157729319361606,VERY HIGH,Retry payment after short delay,Automatic retry,1
TXN00168,CUST0578,4958.57,Card,Entertainment,35,19,2,Network Error,3,8.6,0,4,1,4643.68,0.8154003850718307,VERY HIGH,Retry payment,Automatic retry,1
TXN03636,CUST1126,9732.32,Card,Travel,31,11,3,Timeout,1,21.4,1,18,1,9154.51,0.8150573834900328,VERY HIGH,Retry payment after short delay,Automatic retry,1
TXN00245,CUST1373,6550.01,UPI,Utilities,42,13,3,Network Error,1,62.3,1,16,1,6147.9,0.814802888387141,VERY HIGH,Retry payment,Automatic retry,1
TXN04238,CUST1071,5174.79,Net Banking,Travel,53,15,2,Timeout,1,33.3,0,19,1,4940.74,0.8143474996894562,VERY HIGH,Retry payment after short delay,Automatic retry,1
TXN03345,CUST0214,5567.98,Card,Travel,56,20,6,Timeout,3,60.8,0,1,1,5420.78,0.8138326981107901,VERY HIGH,Retry payment after short delay,Automatic retry,1
TXN00708,CUST1439,5039.81,UPI,Travel,57,18,1,Network Error,2,42.6,0,8,1,4970.58,0.8137465969480633,VERY HIGH,Retry payment,Automatic retry,1
TXN04207,CUST0181,2207.65,Wallet,Food,50,19,6,Network Error,1,36.0,0,17,1,2174.31,0.8131779286032865,VERY HIGH,Retry payment,Automatic retry,1
TXN02197,CUST1497,1975.49,Net Banking,Entertainment,11,19,5,Timeout,1,43.5,1,22,1,1961.36,0.8128951258404232,VERY HIGH,Retry payment after short delay,Automatic retry,1
TXN03283,CUST1151,5953.88,Net Banking,Travel,50,13,1,Timeout,2,71.5,1,23,1,5466.27,0.8128762711637637,VERY HIGH,Retry payment after short delay,Automatic retry,1
TXN03448,CUST1108,148.36,Net Banking,Food,38,18,3,Timeout,2,36.2,1,16,1,144.74,0.8128049110509719,VERY HIGH,Retry payment after short delay,Automatic retry,1
TXN04557,CUST0721,5642.57,Card,Food,14,17,1,Timeout,3,1.0,0,22,1,5278.12,0.8124903332857367,VERY HIGH,Retry payment after short delay,Automatic retry,1
TXN01375,CUST1233,4880.23,Card,Food,10,20,2,Authentication Failed,1,31.3,0,3,1,4566.88,0.8121812463546751,VERY HIGH,Request customer authentication,Customer notification,1
TXN02994,CUST0853,7374.14,Net Banking,Entertainment,43,19,0,Authentication Failed,1,36.6,0,16,1,7114.66,0.8120877559466864,VERY HIGH,Request customer authentication,Customer notification,1
TXN03917,CUST1212,9850.66,Net Banking,Shopping,10,17,1,Timeout,2,71.9,1,3,1,9177.89,0.81186143519892,VERY HIGH,Retry payment after short delay,Automatic retry,1
TXN01568,CUST0958,8528.92,Net Banking,Entertainment,21,19,4,Timeout,2,51.4,1,7,1,8253.25,0.8115182090120476,VERY HIGH,Retry payment after short delay,Automatic retry,1
TXN00438,CUST1374,1647.21,Wallet,Shopping,45,10,0,Authentication Failed,1,4.1,1,5,1,1628.22,0.8114447524943684,VERY HIGH,Request customer authentication,Customer notification,1
TXN00954,CUST1297,9037.36,Wallet,Travel,55,20,4,Timeout,3,49.6,0,0,1,8323.68,0.8113552416818672,VERY HIGH,Retry payment after short delay,Automatic retry,1
TXN03297,CUST1349,1634.59,Card,Travel,43,18,3,Timeout,1,57.2,0,4,1,1548.62,0.8113204604026042,VERY HIGH,Retry payment after short delay,Automatic retry,1
TXN04194,CUST0536,505.42,Wallet,Entertainment,17,15,3,Timeout,1,55.5,1,9,1,490.61,0.811147611084167,VERY HIGH,Retry payment after short delay,Automatic retry,1
TXN02768,CUST1068,7696.06,Card,Utilities,24,15,0,Network Error,2,21.7,0,19,1,7121.41,0.8111217880700687,VERY HIGH,Retry payment,Automatic retry,1
TXN03550,CUST0124,498.78,Wallet,Shopping,26,12,1,Timeout,2,27.9,1,23,1,491.1,0.8110840271980906,VERY HIGH,Retry payment after short delay,Automatic retry,1
TXN00211,CUST0699,5177.93,Wallet,Entertainment,54,13,3,Timeout,1,19.6,0,18,1,5063.53,0.8109620618337321,VERY HIGH,Retry payment after short delay,Automatic retry,1
TXN01950,CUST0874,8463.5,UPI,Travel,49,17,1,Authentication Failed,1,24.4,0,21,1,7817.73,0.8108594104391891,VERY HIGH,Request customer authentication,Customer notification,1
TXN02742,CUST1022,3383.41,Wallet,Shopping,3,9,0,Network Error,1,19.6,0,0,1,3292.71,0.8106530656050146,VERY HIGH,Retry payment,Automatic retry,1
TXN02710,CUST1312,371.96,Card,Utilities,26,17,3,Network Error,1,56.7,0,0,1,351.03,0.8105671442710005,VERY HIGH,Retry payment,Automatic retry,1
TXN01219,CUST0244,8223.47,UPI,Utilities,35,19,2,Authentication Failed,1,5.6,0,16,1,7740.03,0.8105279668868869,VERY HIGH,Request customer authentication,Customer notification,1
TXN01325,CUST0491,5668.05,Card,Entertainment,54,15,3,Network Error,2,28.5,0,1,1,5472.07,0.8103221097925558,VERY HIGH,Retry payment,Automatic retry,1
TXN00422,CUST0838,9407.81,Wallet,Entertainment,53,17,3,Bank Declined,1,12.8,1,9,1,8841.72,0.8094418768805027,VERY HIGH,Suggest alternative payment method,Customer notification,1
TXN01341,CUST0915,9518.83,Card,Utilities,21,12,3,Timeout,1,30.7,1,22,1,8791.62,0.8093002591490216,VERY HIGH,Retry payment after short delay,Automatic retry,1
TXN03268,CUST0265,8527.49,UPI,Travel,15,9,1,Timeout,1,31.4,1,2,1,8113.08,0.8089467281876042,VERY HIGH,Retry payment after short delay,Automatic retry,1
TXN03499,CUST0440,588.56,Net Banking,Shopping,6,19,6,Network Error,3,18.7,0,23,1,547.53,0.8086527455998604,VERY HIGH,Retry payment,Automatic retry,1
TXN00646,CUST1389,6645.29,Net Banking,Entertainment,1,20,0,Authentication Failed,1,40.4,0,14,1,6301.36,0.8085013846514779,VERY HIGH,Request customer authentication,Customer notification,1
TXN03253,CUST1097,8009.59,Net Banking,Travel,60,19,4,Timeout,3,8.1,1,4,1,7942.77,0.8084916096921697,VERY HIGH,Retry payment after short delay,Automatic retry,1
TXN04384,CUST0559,9537.05,Card,Travel,56,15,2,Timeout,1,50.9,0,15,1,8973.3,0.808354097787657,VERY HIGH,Retry payment after short delay,Automatic retry,1
TXN04044,CUST0580,636.7,UPI,Shopping,20,6,0,Timeout,1,2.8,1,6,1,633.96,0.8083503218118951,VERY HIGH,Retry payment after short delay,Automatic retry,1
TXN03698,CUST0001,150.28,UPI,Utilities,44,20,4,Timeout,3,4.9,0,19,1,140.73,0.8083336638291841,VERY HIGH,Retry payment after short delay,Automatic retry,1
TXN00888,CUST1075,7880.66,Card,Utilities,34,15,4,Timeout,2,15.3,1,20,1,7117.96,0.8075152351036966,VERY HIGH,Retry payment after short delay,Automatic retry,1
TXN00826,CUST0919,101.85,UPI,Shopping,20,16,0,Network Error,2,28.1,0,18,1,97.7,0.8069901086350265,VERY HIGH,Retry payment,Automatic retry,1
TXN03111,CUST1015,2482.75,Net Banking,Utilities,40,10,1,Timeout,1,8.0,0,18,1,2439.84,0.8068822265431137,VERY HIGH,Retry payment after short delay,Automatic retry,1
TXN00598,CUST1391,5095.73,Wallet,Utilities,49,20,6,Timeout,1,25.8,0,1,1,4703.56,0.8067749755623881,VERY HIGH,Retry payment after short delay,Automatic retry,1
TXN00329,CUST1307,1457.19,Card,Entertainment,36,19,7,Timeout,2,10.6,0,7,1,1362.43,0.8065863920813828,VERY HIGH,Retry payment after short delay,Automatic retry,1
TXN04775,CUST0899,9272.82,Card,Utilities,43,18,2,Timeout,2,30.2,0,16,1,9270.28,0.806414258538329,VERY HIGH,Retry payment after short delay,Automatic retry,1
TXN04300,CUST0183,5212.8,Card,Travel,40,7,2,Network Error,1,21.6,1,20,1,5193.7,0.8063398316030534,VERY HIGH,Retry payment,Automatic retry,1
TXN03091,CUST0238,892.18,Card,Entertainment,28,16,1,Authentication Failed,2,2.7,1,5,1,848.4,0.8062808273318529,VERY HIGH,Request customer authentication,Customer notification,1
TXN01201,CUST1206,2432.67,Card,Entertainment,55,13,0,Timeout,2,14.0,0,15,1,2423.15,0.8062506375718219,VERY HIGH,Retry payment after short delay,Automatic retry,1
TXN03810,CUST0668,4853.07,Card,Food,54,17,6,Network Error,1,41.2,0,4,1,4480.3,0.8062474669572771,VERY HIGH,Retry payment,Automatic retry,1
TXN04938,CUST1282,4741.31,Wallet,Food,20,18,1,Timeout,2,8.4,0,2,1,4352.49,0.8060419007573348,VERY HIGH,Retry payment after short delay,Automatic retry,1
TXN01531,CUST0188,4018.2,Wallet,Travel,12,19,0,Network Error,2,12.1,0,13,1,3879.45,0.805720513750537,VERY HIGH,Retry payment,Automatic retry,1
TXN03535,CUST0557,5812.93,Wallet,Shopping,47,18,2,Bank Declined,1,42.6,1,6,1,5749.53,0.8054730551196656,VERY HIGH,Suggest alternative payment method,Customer notification,1
TXN03860,CUST1037,6566.55,Card,Food,50,19,3,Timeout,3,30.9,0,20,1,6413.91,0.8053623988344816,VERY HIGH,Retry payment after short delay,Automatic retry,1
TXN01562,CUST1165,6179.92,Wallet,Entertainment,36,16,0,Network Error,1,50.9,0,12,1,5920.88,0.8048476830186508,VERY HIGH,Retry payment,Automatic retry,1
TXN00148,CUST1039,1320.0,Card,Entertainment,41,14,1,Network Error,2,10.9,0,1,1,1281.5,0.8045008192372766,VERY HIGH,Retry payment,Automatic retry,1
TXN01750,CUST1248,8149.32,Net Banking,Utilities,45,10,0,Network Error,3,18.1,1,15,1,7433.1,0.8043628308209172,VERY HIGH,Retry payment,Automatic retry,1
TXN01835,CUST0208,5180.58,UPI,Food,6,19,6,Network Error,1,20.8,0,10,1,5142.09,0.8043419273867842,VERY HIGH,Retry payment,Automatic retry,1
TXN03418,CUST1005,1161.74,Wallet,Entertainment,54,19,5,Network Error,3,45.6,1,4,1,1158.73,0.8043334793803945,VERY HIGH,Retry payment,Automatic retry,1
TXN00730,CUST1340,3960.01,Wallet,Utilities,47,18,5,Timeout,1,41.0,0,8,1,3711.26,0.8040697582221167,VERY HIGH,Retry payment after short delay,Automatic retry,1
TXN04171,CUST1423,8820.73,Wallet,Food,55,18,7,Network Error,1,29.6,0,14,1,8606.43,0.804033883927637,VERY HIGH,Retry payment,Automatic retry,1
TXN01988,CUST0024,5272.72,Net Banking,Entertainment,1,14,2,Network Error,1,66.2,1,7,1,5212.1,0.8040008572839388,VERY HIGH,Retry payment,Automatic retry,1
TXN01693,CUST0040,5201.52,Wallet,Shopping,27,17,2,Network Error,1,50.5,0,11,1,4904.65,0.8039833606883741,VERY HIGH,Retry payment,Automatic retry,1
TXN03484,CUST0195,8673.63,Wallet,Entertainment,24,16,1,Network Error,1,41.1,0,5,1,8409.64,0.8038042109458097,VERY HIGH,Retry payment,Automatic retry,1
TXN03925,CUST0698,6582.23,Wallet,Entertainment,49,12,2,Network Error,1,5.5,0,20,1,6092.44,0.8036864185226369,VERY HIGH,Retry payment,Automatic retry,1
TXN04907,CUST0903,223.01,UPI,Entertainment,3,19,7,Timeout,3,16.4,1,12,1,205.81,0.8036092810096714,VERY HIGH,Retry payment after short delay,Automatic retry,1
TXN01749,CUST1257,4932.36,Wallet,Utilities,27,17,2,Authentication Failed,1,23.2,1,16,1,4450.12,0.8033092216846908,VERY HIGH,Request customer authentication,Customer notification,1
TXN01995,CUST0532,5010.82,Wallet,Entertainment,50,15,2,Network Error,2,24.0,0,8,1,4772.69,0.8032074546744965,VERY HIGH,Retry payment,Automatic retry,1
TXN03033,CUST0344,7290.4,Card,Travel,33,20,5,Timeout,1,64.0,0,13,1,6623.58,0.8031469528260738,VERY HIGH,Retry payment after short delay,Automatic retry,1
TXN03959,CUST0489,8144.87,Wallet,Food,39,13,3,Authentication Failed,1,5.4,1,23,1,7592.86,0.8031229726697546,VERY HIGH,Request customer authentication,Customer notification,1
TXN02659,CUST0408,5875.92,Wallet,Utilities,50,18,7,Network Error,1,51.8,1,23,1,5419.85,0.80213425061667,VERY HIGH,Retry payment,Automatic retry,1
TXN03988,CUST0507,5587.58,UPI,Shopping,29,19,4,Network Error,1,39.4,0,0,1,5407.23,0.8016743631078538,VERY HIGH,Retry payment,Automatic retry,1
TXN04496,CUST0842,9776.49,Card,Shopping,60,16,1,Timeout,1,43.7,0,21,1,9463.1,0.8012191610977543,VERY HIGH,Retry payment after short delay,Automatic retry,1
TXN03028,CUST1168,7053.02,Card,Shopping,10,19,4,Network Error,1,1.4,0,21,1,6574.43,0.8011437722336044,VERY HIGH,Retry payment,Automatic retry,1
TXN04803,CUST0532,152.61,Net Banking,Travel,56,10,1,Network Error,1,30.8,0,6,1,146.9,0.800796223126886,VERY HIGH,Retry payment,Automatic retry,1
TXN02863,CUST0060,275.37,UPI,Travel,45,20,2,Network Error,3,64.9,0,23,1,254.54,0.8007318617017409,VERY HIGH,Retry payment,Automatic retry,1
TXN01585,CUST0003,3132.05,UPI,Food,13,12,2,Timeout,1,42.7,1,10,1,2937.48,0.8006717598170315,VERY HIGH,Retry payment after short delay,Automatic retry,1
TXN02138,CUST1199,5190.85,Net Banking,Shopping,43,8,4,Timeout,1,23.0,1,21,1,5071.95,0.8004639005894415,VERY HIGH,Retry payment after short delay,Automatic retry,1
TXN00975,CUST1393,1781.74,Net Banking,Entertainment,53,12,6,Timeout,1,26.8,1,4,1,1675.95,0.8003946626691902,VERY HIGH,Retry payment after short delay,Automatic retry,1
TXN01509,CUST0391,6053.7,Net Banking,Food,10,14,4,Timeout,1,16.7,1,20,1,5606.02,0.8003447715054037,VERY HIGH,Retry payment after short delay,Automatic retry,1
TXN04722,CUST0239,6811.16,Card,Utilities,50,18,6,Timeout,1,11.6,0,23,1,6182.2,0.8001169218006423,VERY HIGH,Retry payment after short delay,Automatic retry,1
TXN03394,CUST1357,8544.15,Wallet,Food,60,18,4,Network Error,2,38.9,1,2,1,8423.81,0.7998173449461778,HIGH,Retry payment,Automatic retry,1
TXN02602,CUST0308,3912.55,Net Banking,Food,52,20,0,Authentication Failed,3,28.1,1,15,1,3609.49,0.7995109744321895,HIGH,Request customer authentication,Customer notification,1
TXN00487,CUST1071,4598.59,UPI,Utilities,30,19,4,Timeout,2,35.0,1,0,1,4569.04,0.7992519267228441,HIGH,Retry payment after short delay,Automatic retry,1
TXN03343,CUST1111,1469.0,Card,Entertainment,19,9,3,Network Error,1,22.7,1,22,1,1340.2,0.7992111193303434,HIGH,Retry payment,Automatic retry,1
TXN04552,CUST1015,6631.66,Card,Food,8,19,3,Authentication Failed,1,16.1,0,16,1,6304.63,0.7990596462547352,HIGH,Request customer authentication,Customer notification,1
TXN03053,CUST0628,2841.85,Wallet,Utilities,45,19,5,Authentication Failed,1,6.2,0,23,1,2647.78,0.7983210494958022,HIGH,Request customer authentication,Customer notification,1
TXN04534,CUST0946,935.44,Wallet,Utilities,41,18,4,Network Error,2,23.6,0,18,1,887.94,0.7982081433961823,HIGH,Retry payment,Automatic retry,1
TXN01024,CUST1050,6224.24,Wallet,Travel,6,20,0,Network Error,3,45.4,1,18,1,5712.66,0.7981630458017993,HIGH,Retry payment,Automatic retry,1
TXN03813,CUST0137,3292.25,Wallet,Shopping,50,17,0,Network Error,2,61.7,0,6,1,3221.07,0.798013569296922,HIGH,Retry payment,Automatic retry,1
TXN03932,CUST0033,1146.44,Net Banking,Utilities,48,18,3,Network Error,2,42.2,0,5,1,1080.23,0.797807264972498,HIGH,Retry payment,Automatic retry,1
TXN04863,CUST1469,300.78,Wallet,Shopping,25,9,3,Network Error,3,11.9,1,5,1,294.19,0.7976886040975186,HIGH,Retry payment,Automatic retry,1
TXN02410,CUST0633,3518.12,Card,Shopping,30,20,3,Timeout,2,59.7,0,0,1,3416.2,0.7975934984342178,HIGH,Retry payment after short delay,Automatic retry,1
TXN03301,CUST1225,8896.48,Wallet,Food,45,10,2,Timeout,2,13.2,1,0,1,8805.65,0.7975095281854147,HIGH,Retry payment after short delay,Automatic retry,1
TXN02433,CUST0800,1861.05,Net Banking,Shopping,58,19,5,Timeout,2,35.6,0,22,1,1832.32,0.7974441734188474,HIGH,Retry payment after short delay,Automatic retry,1
TXN02740,CUST0149,8835.85,Card,Shopping,52,20,0,Authentication Failed,3,36.5,1,7,1,8205.7,0.7974035128910201,HIGH,Request customer authentication,Customer notification,1
TXN02332,CUST1456,2787.17,Card,Utilities,26,7,0,Timeout,1,9.4,1,5,1,2782.73,0.7973226739288338,HIGH,Retry payment after short delay,Automatic retry,1
TXN02940,CUST1206,5856.39,Card,Travel,32,20,7,Network Error,1,47.4,1,8,1,5316.33,0.7971553457511547,HIGH,Retry payment,Automatic retry,1
TXN02812,CUST0314,1005.12,UPI,Shopping,29,19,4,Timeout,1,62.9,0,0,1,905.98,0.7965964526202646,HIGH,Retry payment after short delay,Automatic retry,1
TXN04459,CUST1089,8975.39,Card,Entertainment,46,8,4,Network Error,2,16.1,1,22,1,8542.13,0.7962439890895726,HIGH,Retry payment,Automatic retry,1
TXN00392,CUST0921,5700.31,Wallet,Food,56,20,3,Bank Declined,1,14.1,1,20,1,5190.02,0.7961269266799127,HIGH,Suggest alternative payment method,Customer notification,1
TXN03816,CUST0612,9301.13,Card,Entertainment,5,19,4,Timeout,2,61.6,1,21,1,8928.67,0.7959705899158993,HIGH,Retry payment after short delay,Automatic retry,1
TXN03279,CUST0041,1624.24,Card,Utilities,54,17,3,Network Error,3,30.4,0,6,1,1607.3,0.7957247738514728,HIGH,Retry payment,Automatic retry,1
TXN03998,CUST1436,8445.2,Wallet,Shopping,7,12,0,Timeout,2,34.2,1,13,1,8285.08,0.7957060921036654,HIGH,Retry payment after short delay,Automatic retry,1
TXN00327,CUST0563,6853.32,UPI,Travel,47,12,2,Network Error,1,27.9,0,17,1,6238.26,0.7956874097161512,HIGH,Retry payment,Automatic retry,1
TXN04450,CUST1350,3899.53,UPI,Travel,1,14,1,Network Error,2,20.7,0,4,1,3613.43,0.795579142412973,HIGH,Retry payment,Automatic retry,1
TXN02089,CUST0282,8255.09,Wallet,Utilities,51,11,1,Timeout,2,49.2,1,2,1,7695.93,0.7954801838995373,HIGH,Retry payment after short delay,Automatic retry,1
TXN04591,CUST0822,7787.92,Net Banking,Utilities,48,14,2,Timeout,1,48.8,0,5,1,7525.17,0.7947710863547804,HIGH,Retry payment after short delay,Automatic retry,1
TXN00764,CUST0146,2402.16,Net Banking,Food,21,18,6,Network Error,3,13.0,1,10,1,2191.73,0.7947479209171217,HIGH,Retry payment,Automatic retry,1
TXN04945,CUST1300,5912.61,Net Banking,Shopping,29,16,1,Authentication Failed,1,34.7,1,4,1,5845.09,0.7946666561956652,HIGH,Request customer authentication,Customer notification,1
TXN00297,CUST1497,1974.99,Net Banking,Entertainment,13,13,1,Network Error,1,30.7,0,20,1,1820.02,0.7945947143624289,HIGH,Retry payment,Automatic retry,1
TXN04968,CUST0501,8341.74,Card,Utilities,53,13,3,Bank Declined,1,17.1,1,14,1,7692.17,0.7945074047085434,HIGH,Suggest alternative payment method,Customer notification,1
TXN04182,CUST0475,9620.15,UPI,Food,35,17,3,Timeout,2,26.9,0,3,1,9073.52,0.7939857669113032,HIGH,Retry payment after short delay,Automatic retry,1
TXN03444,CUST1142,196.82,UPI,Utilities,15,15,4,Timeout,1,3.2,0,4,1,185.49,0.7939178551254854,HIGH,Retry payment after short delay,Automatic retry,1
TXN01320,CUST1112,414.05,Net Banking,Shopping,34,19,1,Timeout,3,46.0,0,0,1,401.54,0.7938994693442517,HIGH,Retry payment after short delay,Automatic retry,1
TXN02948,CUST1432,7355.49,UPI,Food,24,18,1,Authentication Failed,1,46.8,1,15,1,6888.07,0.7934173453565769,HIGH,Request customer authentication,Customer notification,1
TXN00822,CUST0401,9416.38,UPI,Travel,14,14,4,Bank Declined,1,24.3,1,20,1,8510.3,0.7933304917156713,HIGH,Suggest alternative payment method,Customer notification,1
TXN01412,CUST0168,8308.59,Card,Shopping,57,17,0,Authentication Failed,1,44.1,0,20,1,8289.59,0.7932373311414778,HIGH,Request customer authentication,Customer notification,1
TXN03230,CUST0142,9333.13,UPI,Travel,6,17,3,Authentication Failed,1,40.2,1,4,1,8865.08,0.7931087831319391,HIGH,Request customer authentication,Customer notification,1
TXN03232,CUST0501,7947.66,UPI,Shopping,33,17,5,Network Error,1,5.7,0,4,1,7858.18,0.7930568172425645,HIGH,Retry payment,Automatic retry,1
TXN01948,CUST1151,1902.42,UPI,Entertainment,28,16,1,Timeout,3,11.3,0,16,1,1883.25,0.7924180704340319,HIGH,Retry payment after short delay,Automatic retry,1
TXN01327,CUST0165,7846.75,Card,Food,3,15,5,Timeout,2,11.1,1,18,1,7262.8,0.7919282964477135,HIGH,Retry payment after short delay,Automatic retry,1
TXN01477,CUST0102,7315.81,UPI,Shopping,32,18,1,Timeout,2,44.3,0,6,1,6977.0,0.7918123601837767,HIGH,Retry payment after short delay,Automatic retry,1
TXN04539,CUST0338,3584.96,Card,Shopping,53,15,3,Network Error,1,33.9,0,14,1,3261.71,0.7917605865372833,HIGH,Retry payment,Automatic retry,1
TXN04013,CUST0459,2031.58,Wallet,Food,33,12,2,Network Error,1,32.0,0,21,1,2013.93,0.7916008676565645,HIGH,Retry payment,Automatic retry,1
TXN00998,CUST1161,4426.81,Wallet,Travel,22,19,7,Network Error,2,10.6,1,4,1,4160.23,0.791511753752784,HIGH,Retry payment,Automatic retry,1
TXN01757,CUST0989,9975.43,Net Banking,Food,3,12,5,Network Error,3,3.0,1,17,1,9936.56,0.791456109314433,HIGH,Retry payment,Automatic retry,1
TXN02485,CUST1490,3133.78,Net Banking,Entertainment,36,20,6,Network Error,2,29.7,0,19,1,2907.28,0.7912827907375314,HIGH,Retry payment,Automatic retry,1
TXN02769,CUST0461,9273.99,UPI,Travel,6,18,2,Insufficient Balance,1,15.2,1,21,1,8882.93,0.7911417529115989,HIGH,Ask customer to add funds or use another method,Customer notification,1
TXN00121,CUST0041,8766.52,UPI,Travel,45,20,0,Timeout,3,43.5,0,21,1,8148.29,0.7910992112516233,HIGH,Retry payment after short delay,Automatic retry,1
TXN00361,CUST0700,8743.78,UPI,Travel,23,15,1,Authentication Failed,2,24.2,1,20,1,7881.14,0.7908230657837875,HIGH,Request customer authentication,Customer notification,1
TXN04796,CUST1073,3310.08,Card,Entertainment,53,20,0,Authentication Failed,1,59.9,0,12,1,3138.17,0.7906234147257879,HIGH,Request customer authentication,Customer notification,1
TXN01426,CUST1387,8221.21,UPI,Shopping,36,20,6,Network Error,1,54.0,1,4,1,7878.64,0.7903967410499295,HIGH,Retry payment,Automatic retry,1
TXN03510,CUST0914,1555.45,Wallet,Travel,27,16,2,Timeout,1,37.0,0,22,1,1524.83,0.7902315504462547,HIGH,Retry payment after short delay,Automatic retry,1
TXN04822,CUST1280,3343.78,Card,Food,3,17,3,Network Error,2,27.5,0,16,1,3147.44,0.7901175936484477,HIGH,Retry payment,Automatic retry,1
TXN00406,CUST1167,3186.84,Net Banking,Entertainment,24,20,6,Timeout,2,16.5,0,19,1,2931.6,0.7899020714399309,HIGH,Retry payment after short delay,Automatic retry,1
TXN02217,CUST1245,2909.6,UPI,Travel,48,19,4,Timeout,2,58.2,0,15,1,2735.88,0.7899005582445515,HIGH,Retry payment after short delay,Automatic retry,1
TXN02725,CUST0790,256.93,UPI,Utilities,38,17,0,Network Error,1,66.0,0,2,1,256.43,0.7898154224434336,HIGH,Retry payment,Automatic retry,1
TXN00473,CUST1471,8855.12,Net Banking,Utilities,9,18,3,Timeout,2,25.6,1,16,1,8345.08,0.7893589609539498,HIGH,Retry payment after short delay,Automatic retry,1
TXN01660,CUST0170,2583.81,UPI,Utilities,39,18,5,Network Error,3,8.4,1,23,1,2381.73,0.7892146394780447,HIGH,Retry payment,Automatic retry,1
TXN04529,CUST0944,358.97,Net Banking,Shopping,11,19,5,Network Error,2,43.4,1,22,1,328.34,0.7891826860638637,HIGH,Retry payment,Automatic retry,1
TXN01733,CUST1257,9859.46,Wallet,Food,37,13,3,Timeout,3,6.7,1,3,1,8883.79,0.7889793236412608,HIGH,Retry payment after short delay,Automatic retry,1
TXN03431,CUST1137,3133.35,Wallet,Food,34,10,1,Timeout,1,28.2,0,1,1,2939.22,0.788683024114524,HIGH,Retry payment after short delay,Automatic retry,1
TXN01971,CUST0549,8901.22,Wallet,Utilities,59,15,3,Authentication Failed,1,40.5,0,2,1,8522.31,0.7883818327028913,HIGH,Request customer authentication,Customer notification,1
TXN01686,CUST0224,1221.67,UPI,Travel,34,17,0,Network Error,2,52.6,1,16,1,1185.72,0.7882692990700501,HIGH,Retry payment,Automatic retry,1
TXN00367,CUST0928,7956.35,Wallet,Travel,39,9,7,Network Error,1,30.5,1,0,1,7712.87,0.7881718245568127,HIGH,Retry payment,Automatic retry,1
TXN01993,CUST1388,8514.47,Card,Entertainment,27,10,1,Timeout,1,6.8,0,14,1,8170.57,0.787812678910841,HIGH,Retry payment after short delay,Automatic retry,1
TXN01127,CUST0951,3265.46,Card,Entertainment,42,8,0,Network Error,2,23.6,1,7,1,3019.97,0.7877795761356724,HIGH,Retry payment,Automatic retry,1
TXN00088,CUST0456,4440.72,UPI,Travel,55,11,0,Timeout,2,21.7,0,9,1,4215.25,0.7871599681865631,HIGH,Retry payment after short delay,Automatic retry,1
TXN01340,CUST1405,9919.7,UPI,Entertainment,47,18,0,Timeout,1,59.8,0,11,1,9081.21,0.7871198863763529,HIGH,Retry payment after short delay,Automatic retry,1
TXN01145,CUST0047,3802.08,UPI,Food,57,9,0,Network Error,1,4.8,0,4,1,3517.31,0.7867657187295898,HIGH,Retry payment,Automatic retry,1
TXN02437,CUST0460,5824.36,Net Banking,Food,60,19,5,Insufficient Balance,1,70.5,1,5,1,5275.81,0.7866633830860175,HIGH,Ask customer to add funds or use another method,Customer notification,1
TXN04184,CUST0271,6796.25,UPI,Travel,39,14,1,Authentication Failed,1,2.8,0,9,1,6203.95,0.7864618022367366,HIGH,Request customer authentication,Customer notification,1
TXN01913,CUST0143,7512.11,Wallet,Entertainment,25,18,1,Insufficient Balance,1,14.8,1,19,1,7458.67,0.7863857146919151,HIGH,Ask customer to add funds or use another method,Customer notification,1
TXN01491,CUST1105,8739.0,Card,Shopping,57,11,4,Timeout,1,7.9,0,20,1,7888.4,0.7859634487625832,HIGH,Retry payment after short delay,Automatic retry,1
TXN03010,CUST1378,6261.52,Wallet,Travel,58,10,2,Network Error,1,25.0,0,15,1,5699.77,0.7859453896926918,HIGH,Retry payment,Automatic retry,1
TXN03581,CUST0942,825.73,Card,Shopping,50,19,5,Timeout,3,52.6,0,8,1,769.37,0.7859151137985614,HIGH,Retry payment after short delay,Automatic retry,1
TXN00842,CUST0859,1709.13,Wallet,Shopping,40,12,0,Authentication Failed,1,7.3,0,9,1,1648.81,0.7857153493806467,HIGH,Request customer authentication,Customer notification,1
TXN04674,CUST0450,1341.87,Card,Shopping,38,18,0,Network Error,3,12.8,0,10,1,1268.83,0.7857097283310632,HIGH,Retry payment,Automatic retry,1
TXN00193,CUST0649,3827.65,UPI,Travel,2,16,4,Timeout,1,44.5,1,6,1,3620.56,0.7855618994093289,HIGH,Retry payment after short delay,Automatic retry,1
TXN02106,CUST0242,1377.95,Net Banking,Entertainment,23,14,1,Bank Declined,1,14.7,0,20,1,1364.97,0.7845609037499086,HIGH,Suggest alternative payment method,Customer notification,1
TXN00671,CUST0476,8079.19,Card,Travel,1,19,2,Insufficient Balance,3,8.3,1,14,1,7598.45,0.7844937539032973,HIGH,Ask customer to add funds or use another method,Customer notification,1
TXN01425,CUST1020,9248.32,Net Banking,Entertainment,60,19,7,Network Error,1,63.5,0,3,1,9041.6,0.7844744959703287,HIGH,Retry payment,Automatic retry,1
TXN02052,CUST0301,5361.64,Wallet,Travel,18,9,4,Network Error,1,24.1,1,12,1,5074.24,0.7840891943735858,HIGH,Retry payment,Automatic retry,1
TXN02549,CUST0263,7043.5,UPI,Shopping,20,19,2,Timeout,1,50.9,0,3,1,6432.03,0.7839020013347452,HIGH,Retry payment after short delay,Automatic retry,1
TXN00224,CUST0247,7758.17,Wallet,Entertainment,58,18,0,Authentication Failed,2,10.2,1,7,1,7376.77,0.7837471481131179,HIGH,Request customer authentication,Customer notification,1
TXN04215,CUST0391,8915.65,Card,Food,30,19,5,Insufficient Balance,1,6.0,0,14,1,8433.01,0.7832616569889456,HIGH,Ask customer to add funds or use another method,Customer notification,1
TXN03054,CUST0604,751.4,Card,Entertainment,55,20,4,Insufficient Balance,2,20.3,1,4,1,680.97,0.7825159730158737,HIGH,Ask customer to add funds or use another method,Customer notification,1
TXN04084,CUST0593,7239.48,Wallet,Entertainment,55,15,2,Network Error,3,12.7,0,23,1,6705.31,0.7824434070997941,HIGH,Retry payment,Automatic retry,1
TXN02838,CUST0405,9619.97,Card,Food,44,20,1,Authentication Failed,1,71.8,1,11,1,9438.59,0.7824372114575479,HIGH,Request customer authentication,Customer notification,1
TXN01896,CUST0092,8709.85,Wallet,Food,31,13,4,Network Error,3,31.1,1,8,1,7849.36,0.7822956456128766,HIGH,Retry payment,Automatic retry,1
TXN00476,CUST0861,7157.18,Wallet,Food,36,18,4,Timeout,1,36.3,0,13,1,6491.35,0.782249050447295,HIGH,Retry payment after short delay,Automatic retry,1
TXN03018,CUST0198,6046.01,UPI,Utilities,35,17,7,Network Error,1,8.9,1,2,1,5705.49,0.782217789958496,HIGH,Retry payment,Automatic retry,1
TXN02646,CUST0581,2853.31,UPI,Shopping,56,19,2,Bank Declined,1,56.0,0,21,1,2754.79,0.7821467938191589,HIGH,Suggest alternative payment method,Customer notification,1
TXN00499,CUST0551,9177.73,Card,Entertainment,15,19,3,Authentication Failed,2,6.1,1,7,1,8530.61,0.7820230743773058,HIGH,Request customer authentication,Customer notification,1
TXN00864,CUST0069,5284.27,Net Banking,Travel,23,13,2,Network Error,2,33.1,1,19,1,5160.18,0.7817900166717119,HIGH,Retry payment,Automatic retry,1
TXN02813,CUST0566,5612.7,Net Banking,Shopping,60,16,2,Bank Declined,1,42.7,1,3,1,5066.22,0.7813413423423813,HIGH,Suggest alternative payment method,Customer notification,1
TXN02845,CUST1044,5137.96,UPI,Travel,18,17,3,Network Error,2,10.0,0,4,1,4662.5,0.7809732857685752,HIGH,Retry payment,Automatic retry,1
TXN04563,CUST0796,7380.82,Net Banking,Entertainment,19,19,4,Network Error,2,45.3,0,23,1,7031.35,0.7808294013594653,HIGH,Retry payment,Automatic retry,1
TXN03842,CUST0793,9926.72,Card,Entertainment,5,19,1,Authentication Failed,2,19.4,0,14,1,9121.18,0.7805255874473036,HIGH,Request customer authentication,Customer notification,1
TXN00850,CUST1020,1076.08,Wallet,Entertainment,18,17,2,Network Error,1,58.5,0,2,1,1012.7,0.7804237135608332,HIGH,Retry payment,Automatic retry,1
TXN01867,CUST0584,5727.48,Net Banking,Shopping,47,5,0,Authentication Failed,1,26.4,1,22,1,5689.78,0.7802362009048011,HIGH,Request customer authentication,Customer notification,1
TXN03189,CUST0272,2929.83,Net Banking,Shopping,54,15,7,Timeout,1,24.8,0,21,1,2778.74,0.7799001483818347,HIGH,Retry payment after short delay,Automatic retry,1
TXN01119,CUST0420,8096.41,UPI,Travel,48,10,1,Authentication Failed,1,16.7,1,7,1,7466.48,0.779897960381867,HIGH,Request customer authentication,Customer notification,1
TXN04358,CUST0500,2113.79,Wallet,Shopping,29,13,5,Network Error,3,19.4,1,16,1,1942.66,0.7794538037943367,HIGH,Retry payment,Automatic retry,1
TXN04134,CUST0114,9518.82,Wallet,Entertainment,50,16,6,Network Error,2,54.3,1,23,1,8578.51,0.7793852100777013,HIGH,Retry payment,Automatic retry,1
TXN04784,CUST0560,8062.62,UPI,Entertainment,33,14,3,Network Error,1,64.1,0,23,1,7533.38,0.7793366686624684,HIGH,Retry payment,Automatic retry,1
TXN00858,CUST0138,1803.65,Net Banking,Food,28,19,0,Authentication Failed,3,16.4,1,8,1,1786.13,0.7792382442536919,HIGH,Request customer authentication,Customer notification,1
TXN01221,CUST0075,6396.87,Wallet,Shopping,5,18,6,Timeout,3,4.8,1,11,1,5951.67,0.7792215439179508,HIGH,Retry payment after short delay,Automatic retry,1
TXN02707,CUST0781,1268.26,Wallet,Shopping,20,14,3,Network Error,3,23.9,1,8,1,1195.61,0.7789137952705864,HIGH,Retry payment,Automatic retry,1
TXN02582,CUST0650,8168.65,Card,Shopping,26,13,0,Authentication Failed,2,19.4,1,1,1,7974.55,0.7783781863074117,HIGH,Request customer authentication,Customer notification,1
TXN02118,CUST1202,4593.87,Net Banking,Utilities,40,13,2,Authentication Failed,1,10.1,0,17,1,4190.87,0.778132521026249,HIGH,Request customer authentication,Customer notification,1
TXN04999,CUST1072,1999.18,Card,Utilities,35,20,3,Bank Declined,1,12.2,1,9,1,1841.76,0.7780575123650014,HIGH,Suggest alternative payment method,Customer notification,1
TXN03947,CUST0331,5839.69,Net Banking,Travel,29,18,4,Network Error,2,65.2,0,17,1,5506.01,0.777970641771627,HIGH,Retry payment,Automatic retry,1
TXN03170,CUST0546,8204.07,Wallet,Shopping,49,16,4,Timeout,3,2.2,1,13,1,7580.48,0.7777503072172693,HIGH,Retry payment after short delay,Automatic retry,1
TXN04958,CUST0253,738.91,Card,Entertainment,12,16,1,Authentication Failed,1,16.5,0,20,1,693.18,0.7776497271481042,HIGH,Request customer authentication,Customer notification,1
TXN03465,CUST0049,8602.53,UPI,Shopping,5,20,0,Bank Declined,1,52.9,1,2,1,7765.26,0.7776392266896498,HIGH,Suggest alternative payment method,Customer notification,1
TXN02515,CUST0128,6536.12,Card,Entertainment,48,9,7,Timeout,1,22.8,1,19,1,6000.12,0.7773665282958678,HIGH,Retry payment after short delay,Automatic retry,1
TXN03529,CUST0837,6943.89,Wallet,Food,28,17,2,Bank Declined,1,20.2,1,7,1,6507.19,0.7772477818711768,HIGH,Suggest alternative payment method,Customer notification,1
TXN04935,CUST0104,6923.52,Wallet,Entertainment,44,20,6,Network Error,3,48.3,1,7,1,6259.81,0.7770781144360669,HIGH,Retry payment,Automatic retry,1
TXN00937,CUST0699,8562.58,Card,Utilities,3,14,0,Insufficient Balance,1,1.2,1,20,1,7998.6,0.7768860657387548,HIGH,Ask customer to add funds or use another method,Customer notification,1
TXN02789,CUST0129,1846.75,Wallet,Utilities,20,20,4,Timeout,3,7.7,0,0,1,1719.9,0.7767136807891802,HIGH,Retry payment after short delay,Automatic retry,1
TXN01445,CUST0623,4765.95,Card,Utilities,5,17,0,Timeout,3,47.9,1,13,1,4729.95,0.7767017050135696,HIGH,Retry payment after short delay,Automatic retry,1
TXN03171,CUST0041,9006.05,Wallet,Entertainment,11,19,6,Timeout,2,9.7,1,20,1,8325.26,0.7765195687596821,HIGH,Retry payment after short delay,Automatic retry,1
TXN03133,CUST0924,7500.38,Net Banking,Entertainment,43,18,4,Timeout,2,63.4,0,8,1,7488.4,0.7764026766855336,HIGH,Retry payment after short delay,Automatic retry,1
TXN03622,CUST1044,4099.37,UPI,Shopping,59,13,5,Timeout,1,32.4,0,10,1,3844.95,0.7761359043417302,HIGH,Retry payment after short delay,Automatic retry,1
TXN00707,CUST1167,4660.63,Wallet,Shopping,32,11,6,Timeout,1,3.2,1,18,1,4407.72,0.7760245498219208,HIGH,Retry payment after short delay,Automatic retry,1
TXN04415,CUST0425,2575.82,Card,Food,36,16,0,Authentication Failed,2,9.5,0,21,1,2507.61,0.7759188442594807,HIGH,Request customer authentication,Customer notification,1
TXN02284,CUST1108,5196.36,Card,Travel,43,18,1,Authentication Failed,1,57.9,1,21,1,4850.42,0.7758176633108829,HIGH,Request customer authentication,Customer notification,1
TXN01253,CUST0148,656.0,Wallet,Shopping,2,11,1,Network Error,3,10.0,0,0,1,614.84,0.775119887028656,HIGH,Retry payment,Automatic retry,1
TXN02631,CUST0232,5618.67,Card,Food,22,20,7,Timeout,3,69.0,0,23,1,5094.14,0.775018430978243,HIGH,Retry payment after short delay,Automatic retry,1
TXN03665,CUST0837,9982.52,Card,Shopping,14,18,6,Network Error,1,12.4,0,2,1,9021.87,0.7749054646549152,HIGH,Retry payment,Automatic retry,1
TXN04546,CUST0319,4527.42,Net Banking,Entertainment,18,14,6,Network Error,1,7.5,1,22,1,4512.04,0.7746831308704429,HIGH,Retry payment,Automatic retry,1
TXN01459,CUST0201,5500.35,Net Banking,Travel,3,16,7,Timeout,1,13.5,0,21,1,5394.2,0.7745250257729441,HIGH,Retry payment after short delay,Automatic retry,1
TXN04654,CUST1450,3788.79,Net Banking,Shopping,54,6,1,Timeout,1,23.2,1,1,1,3773.85,0.7744460225277493,HIGH,Retry payment after short delay,Automatic retry,1
TXN01363,CUST0854,2907.72,Net Banking,Travel,43,12,1,Authentication Failed,1,18.7,0,6,1,2891.79,0.7744353058261281,HIGH,Request customer authentication,Customer notification,1
TXN01346,CUST0815,708.11,Net Banking,Travel,24,12,2,Network Error,2,28.5,0,23,1,658.31,0.7744342664132355,HIGH,Retry payment,Automatic retry,1
TXN00151,CUST0864,5187.12,Net Banking,Entertainment,24,16,7,Network Error,2,16.5,1,13,1,4899.92,0.7744310246514581,HIGH,Retry payment,Automatic retry,1
TXN00951,CUST0028,9183.68,Card,Food,56,17,6,Timeout,3,20.6,0,18,1,9150.63,0.7743345883524555,HIGH,Retry payment after short delay,Automatic retry,1
TXN03604,CUST0165,5949.08,Net Banking,Food,39,18,4,Network Error,1,53.2,0,16,1,5743.71,0.7742978707034335,HIGH,Retry payment,Automatic retry,1
TXN03980,CUST0233,3058.75,Net Banking,Shopping,42,20,4,Network Error,3,57.0,0,7,1,2875.75,0.7741788459287506,HIGH,Retry payment,Automatic retry,1
TXN03275,CUST0821,4442.81,Net Banking,Shopping,13,19,6,Timeout,1,35.8,1,12,1,4198.72,0.774158234724216,HIGH,Retry payment after short delay,Automatic retry,1
TXN04155,CUST0588,573.6,UPI,Food,46,9,5,Timeout,1,10.6,1,19,1,518.27,0.7737949426556121,HIGH,Retry payment after short delay,Automatic retry,1
TXN04797,CUST0685,1199.25,UPI,Utilities,52,17,1,Bank Declined,1,32.3,0,13,1,1162.73,0.7733762134806851,HIGH,Suggest alternative payment method,Customer notification,1
TXN03833,CUST0175,8966.88,UPI,Shopping,18,15,1,Network Error,2,26.4,0,17,1,8723.0,0.7732659372609971,HIGH,Retry payment,Automatic retry,1
TXN00784,CUST0709,6564.2,UPI,Food,50,10,3,Timeout,1,26.3,0,5,1,6279.8,0.7728097035543019,HIGH,Retry payment after short delay,Automatic retry,1
TXN04154,CUST0099,9445.56,Net Banking,Entertainment,13,15,5,Timeout,1,19.8,0,3,1,9236.34,0.7725241612196281,HIGH,Retry payment after short delay,Automatic retry,1
TXN00158,CUST1431,8709.1,UPI,Shopping,48,16,4,Timeout,2,29.7,0,17,1,8239.46,0.7724943207289671,HIGH,Retry payment after short delay,Automatic retry,1
TXN02676,CUST0773,443.04,Net Banking,Shopping,31,17,5,Network Error,3,11.5,0,7,1,423.12,0.7723546834801165,HIGH,Retry payment,Automatic retry,1
TXN01414,CUST0268,6240.39,Wallet,Entertainment,36,16,4,Network Error,2,50.2,0,22,1,6010.99,0.772219818404684,HIGH,Retry payment,Automatic retry,1
TXN02790,CUST1285,9563.44,UPI,Travel,10,14,3,Timeout,1,11.1,0,1,1,9191.09,0.772145802959772,HIGH,Retry payment after short delay,Automatic retry,1
TXN02957,CUST0270,1491.02,Card,Entertainment,38,13,1,Bank Declined,1,13.8,0,9,1,1486.99,0.7720655147960263,HIGH,Suggest alternative payment method,Customer notification,1
TXN02622,CUST0393,648.79,UPI,Food,60,15,5,Insufficient Balance,1,10.1,0,23,1,617.34,0.7720337549862016,HIGH,Ask customer to add funds or use another method,Customer notification,1
TXN02978,CUST1496,3178.97,Wallet,Food,10,15,1,Network Error,1,56.6,0,6,1,3097.77,0.7719733502916851,HIGH,Retry payment,Automatic retry,1
TXN00517,CUST0336,2718.71,Card,Food,31,17,5,Network Error,3,35.1,1,18,1,2471.06,0.771915479910291,HIGH,Retry payment,Automatic retry,1
TXN02224,CUST0975,3498.68,Wallet,Entertainment,22,20,5,Timeout,3,9.1,0,20,1,3180.47,0.7718146626098067,HIGH,Retry payment after short delay,Automatic retry,1
TXN04566,CUST0649,9911.46,Card,Utilities,42,5,0,Timeout,1,31.4,0,0,1,9900.74,0.7718126345747336,HIGH,Retry payment after short delay,Automatic retry,1
TXN00262,CUST1439,6407.24,Net Banking,Food,25,13,1,Network Error,3,26.1,0,20,1,6301.74,0.7717613982635335,HIGH,Retry payment,Automatic retry,1
TXN01907,CUST1127,6140.94,Card,Travel,58,12,0,Timeout,2,71.2,1,11,1,6075.81,0.7711792366730583,HIGH,Retry payment after short delay,Automatic retry,1
TXN02132,CUST1015,4138.17,Wallet,Travel,13,14,1,Network Error,3,3.4,0,20,1,4137.96,0.7707906711627186,HIGH,Retry payment,Automatic retry,1
TXN02511,CUST0537,9979.98,Net Banking,Food,5,17,6,Network Error,1,24.3,0,4,1,9216.74,0.7706224673097924,HIGH,Retry payment,Automatic retry,1
TXN01674,CUST1200,5689.93,UPI,Shopping,29,10,0,Network Error,2,15.8,0,20,1,5601.57,0.7705175247863215,HIGH,Retry payment,Automatic retry,1
TXN00995,CUST1470,1212.41,Card,Entertainment,37,14,7,Timeout,1,49.6,1,2,1,1096.92,0.770452679123522,HIGH,Retry payment after short delay,Automatic retry,1
TXN02443,CUST0361,7041.33,Net Banking,Utilities,42,15,4,Network Error,2,5.6,0,23,1,6428.88,0.7704274685302053,HIGH,Retry payment,Automatic retry,1
TXN00848,CUST0984,515.44,Card,Food,39,1,0,Network Error,2,2.6,1,11,1,471.48,0.7701568774680253,HIGH,Retry payment,Automatic retry,1
TXN03131,CUST1186,6594.41,Wallet,Utilities,46,16,5,Bank Declined,1,11.2,1,15,1,6377.45,0.7698041333800972,HIGH,Suggest alternative payment method,Customer notification,1
TXN04261,CUST0153,8985.87,UPI,Entertainment,52,15,6,Timeout,1,20.8,0,1,1,8914.81,0.7693630141823298,HIGH,Retry payment after short delay,Automatic retry,1
TXN03449,CUST0454,9372.95,Card,Food,4,20,3,Network Error,3,65.7,1,5,1,8935.04,0.7692816348923363,HIGH,Retry payment,Automatic retry,1
TXN01595,CUST0585,4874.51,Wallet,Food,49,10,0,Timeout,2,2.4,0,17,1,4798.97,0.7692643159568978,HIGH,Retry payment after short delay,Automatic retry,1
TXN02263,CUST0670,9840.92,UPI,Shopping,2,17,5,Timeout,1,33.0,0,6,1,9710.73,0.7690527712263102,HIGH,Retry payment after short delay,Automatic retry,1
TXN01372,CUST0736,7405.02,UPI,Travel,40,16,7,Network Error,1,35.8,0,8,1,6841.59,0.7687553475346485,HIGH,Retry payment,Automatic retry,1
TXN00062,CUST1364,3816.87,Wallet,Entertainment,38,12,1,Authentication Failed,1,17.3,0,2,1,3641.18,0.7686512577400496,HIGH,Request customer authentication,Customer notification,1
TXN04188,CUST1304,6842.4,Card,Utilities,37,17,5,Network Error,3,23.3,0,11,1,6269.07,0.768637951356539,HIGH,Retry payment,Automatic retry,1
TXN01833,CUST1295,6189.14,Card,Entertainment,26,18,4,Authentication Failed,2,11.8,1,19,1,5759.15,0.768637051545718,HIGH,Request customer authentication,Customer notification,1
TXN03371,CUST1160,8260.25,Card,Food,52,20,1,Authentication Failed,3,38.0,0,3,1,8211.17,0.7686148560125295,HIGH,Request customer authentication,Customer notification,1
TXN03973,CUST0608,986.25,UPI,Travel,24,1,0,Timeout,1,44.0,1,23,1,966.96,0.768553519989809,HIGH,Retry payment after short delay,Automatic retry,1
TXN04636,CUST1386,784.82,Card,Utilities,6,19,4,Authentication Failed,2,35.2,1,12,1,714.88,0.7684512953045691,HIGH,Request customer authentication,Customer notification,1
TXN03645,CUST1489,4127.54,UPI,Food,2,18,0,Insufficient Balance,1,18.5,1,9,1,3820.49,0.7682237264926367,HIGH,Ask customer to add funds or use another method,Customer notification,1
TXN02119,CUST0919,5119.3,Card,Travel,20,19,7,Network Error,3,29.8,1,8,1,4766.31,0.7681143937908456,HIGH,Retry payment,Automatic retry,1
TXN04789,CUST0751,5858.35,Net Banking,Shopping,48,12,1,Network Error,3,26.0,0,23,1,5670.3,0.7676421877180126,HIGH,Retry payment,Automatic retry,1
TXN04757,CUST0668,2384.27,Wallet,Entertainment,48,13,3,Timeout,2,57.9,1,14,1,2192.84,0.7675326661294731,HIGH,Retry payment after short delay,Automatic retry,1
TXN00006,CUST1096,4745.92,Card,Food,19,19,0,Timeout,1,63.6,0,19,1,4715.52,0.7668366198019967,HIGH,Retry payment after short delay,Automatic retry,1
TXN03515,CUST0126,9092.82,UPI,Shopping,21,10,0,Timeout,2,40.2,1,18,1,8569.85,0.7663732539265746,HIGH,Retry payment after short delay,Automatic retry,1
TXN02640,CUST0945,8785.37,UPI,Shopping,31,18,4,Network Error,1,57.6,0,11,1,7954.71,0.7662362441592906,HIGH,Retry payment,Automatic retry,1
TXN04692,CUST0115,420.0,Net Banking,Entertainment,17,20,7,Network Error,3,37.2,1,3,1,392.5,0.766047672899392,HIGH,Retry payment,Automatic retry,1
TXN04827,CUST1148,443.93,UPI,Food,19,13,2,Network Error,2,18.1,0,10,1,419.17,0.765992199925507,HIGH,Retry payment,Automatic retry,1
TXN02310,CUST1317,4723.48,Wallet,Travel,26,15,3,Network Error,1,68.0,0,9,1,4629.25,0.7657973352149812,HIGH,Retry payment,Automatic retry,1
TXN00324,CUST0038,1816.1,Net Banking,Food,59,4,1,Bank Declined,1,2.1,1,21,1,1747.48,0.7655263440374133,HIGH,Suggest alternative payment method,Customer notification,1
TXN02355,CUST0700,6820.98,Card,Food,22,19,6,Insufficient Balance,1,6.7,0,15,1,6457.41,0.7655027231257923,HIGH,Ask customer to add funds or use another method,Customer notification,1
TXN03689,CUST0794,7679.96,Net Banking,Entertainment,30,18,5,Network Error,3,11.8,0,3,1,6987.47,0.765315939459503,HIGH,Retry payment,Automatic retry,1
TXN03334,CUST1430,5162.26,Card,Food,43,15,5,Bank Declined,1,11.2,1,9,1,4814.64,0.7652751201694609,HIGH,Suggest alternative payment method,Customer notification,1
TXN02418,CUST0237,3499.44,Wallet,Shopping,38,10,7,Timeout,1,18.0,1,0,1,3451.56,0.7652269330172927,HIGH,Retry payment after short delay,Automatic retry,1
TXN00481,CUST0997,8586.2,UPI,Travel,5,13,3,Network Error,1,12.5,0,16,1,8191.94,0.7647911905137452,HIGH,Retry payment,Automatic retry,1
TXN02123,CUST0384,1788.95,Card,Utilities,45,20,7,Timeout,3,70.7,0,22,1,1620.76,0.7646081652090624,HIGH,Retry payment after short delay,Automatic retry,1
TXN04584,CUST1209,2573.55,Wallet,Utilities,56,16,5,Authentication Failed,1,40.0,0,17,1,2435.19,0.7645940408339675,HIGH,Request customer authentication,Customer notification,1
TXN03909,CUST0017,1316.93,UPI,Utilities,20,14,1,Timeout,3,11.2,0,20,1,1251.96,0.7642327643144609,HIGH,Retry payment after short delay,Automatic retry,1
TXN02198,CUST1441,4071.36,UPI,Food,2,17,2,Network Error,2,39.7,0,15,1,3892.37,0.7641983041101433,HIGH,Retry payment,Automatic retry,1
TXN04857,CUST0858,5256.65,Card,Food,54,20,3,Bank Declined,1,20.7,0,11,1,4828.21,0.7641571901950825,HIGH,Suggest alternative payment method,Customer notification,1
TXN01199,CUST1370,934.13,Card,Utilities,1,10,1,Bank Declined,2,1.8,1,4,1,872.81,0.7641301822274542,HIGH,Suggest alternative payment method,Customer notification,1
TXN00235,CUST0198,4710.26,Card,Utilities,8,13,2,Network Error,1,68.3,1,21,1,4367.25,0.7637151332383363,HIGH,Retry payment,Automatic retry,1
TXN04872,CUST0955,7956.96,Wallet,Food,9,15,1,Network Error,1,63.8,0,9,1,7393.16,0.7637090353527237,HIGH,Retry payment,Automatic retry,1
TXN00202,CUST1137,6138.42,Wallet,Travel,34,16,4,Network Error,2,11.3,0,8,1,5630.19,0.7636741969835121,HIGH,Retry payment,Automatic retry,1
TXN04277,CUST1025,5860.47,Net Banking,Entertainment,60,16,5,Timeout,3,1.7,0,7,1,5485.19,0.7636419036629036,HIGH,Retry payment after short delay,Automatic retry,1
TXN02115,CUST1208,3928.29,Card,Utilities,52,16,2,Timeout,2,39.6,0,0,1,3855.22,0.7635692526163502,HIGH,Retry payment after short delay,Automatic retry,1
TXN00091,CUST1017,1743.62,Wallet,Travel,36,14,7,Timeout,1,10.2,0,1,1,1662.4,0.7635075245201726,HIGH,Retry payment after short delay,Automatic retry,1
TXN00798,CUST0051,7350.65,Net Banking,Travel,48,10,7,Network Error,2,2.0,1,20,1,6887.98,0.7632312852980045,HIGH,Retry payment,Automatic retry,1
TXN01150,CUST0095,639.21,UPI,Utilities,6,19,3,Authentication Failed,2,35.2,1,16,1,597.2,0.763192307650569,HIGH,Request customer authentication,Customer notification,1
TXN00078,CUST1130,8929.74,Card,Food,22,9,0,Timeout,2,21.5,1,14,1,8206.69,0.7630563588660333,HIGH,Retry payment after short delay,Automatic retry,1
TXN00195,CUST1249,2727.16,Card,Travel,23,15,1,Network Error,3,26.6,0,11,1,2691.26,0.7630548239011605,HIGH,Retry payment,Automatic retry,1
TXN03169,CUST0981,2658.09,Net Banking,Utilities,4,11,2,Timeout,1,60.8,1,22,1,2472.29,0.7628539576158496,HIGH,Retry payment after short delay,Automatic retry,1
TXN00418,CUST0570,6964.02,UPI,Shopping,35,8,1,Timeout,1,2.4,0,22,1,6762.94,0.7627277060762914,HIGH,Retry payment after short delay,Automatic retry,1
TXN04693,CUST0932,5249.81,Net Banking,Travel,50,8,3,Network Error,3,19.0,1,3,1,5150.5,0.7627132075734948,HIGH,Retry payment,Automatic retry,1
TXN00026,CUST0277,8121.56,Net Banking,Travel,11,10,3,Timeout,1,36.7,1,16,1,7860.85,0.7626937757662355,HIGH,Retry payment after short delay,Automatic retry,1
TXN04612,CUST0963,7138.78,Wallet,Utilities,25,20,6,Network Error,3,10.9,0,6,1,7011.08,0.7626809997599175,HIGH,Retry payment,Automatic retry,1
TXN02254,CUST1008,8961.26,Card,Entertainment,21,1,3,Network Error,1,15.5,1,21,1,8468.81,0.7625671467012256,HIGH,Retry payment,Automatic retry,1
TXN01450,CUST1336,2073.52,Net Banking,Entertainment,58,15,1,Authentication Failed,2,12.0,0,3,1,1945.94,0.7625514786600845,HIGH,Request customer authentication,Customer notification,1
TXN01796,CUST1454,2894.91,UPI,Food,59,13,4,Timeout,2,0.6,1,3,1,2870.85,0.7623440659679752,HIGH,Retry payment after short delay,Automatic retry,1
TXN00734,CUST0869,8314.26,Card,Travel,10,20,3,Bank Declined,2,27.7,1,12,1,7495.92,0.7620767629068155,HIGH,Suggest alternative payment method,Customer notification,1
TXN04411,CUST0681,429.9,UPI,Food,47,13,2,Authentication Failed,1,29.6,0,5,1,396.78,0.7620257983409189,HIGH,Request customer authentication,Customer notification,1
TXN04061,CUST1284,8684.09,Wallet,Travel,26,12,2,Network Error,2,12.9,0,23,1,7885.64,0.7616225186227603,HIGH,Retry payment,Automatic retry,1
TXN03420,CUST0727,7381.24,Net Banking,Travel,44,19,2,Authentication Failed,1,53.2,0,23,1,6645.01,0.7614222801162518,HIGH,Request customer authentication,Customer notification,1
TXN02273,CUST1132,6175.46,Wallet,Shopping,51,17,1,Timeout,3,0.7,0,20,1,5653.65,0.7613337947962269,HIGH,Retry payment after short delay,Automatic retry,1
TXN01828,CUST1186,3182.68,Card,Shopping,59,4,0,Bank Declined,1,1.6,0,22,1,3089.89,0.7612645803433977,HIGH,Suggest alternative payment method,Customer notification,1
TXN02486,CUST1230,9625.91,Net Banking,Shopping,26,12,6,Network Error,3,3.0,1,13,1,8817.84,0.7612473822130231,HIGH,Retry payment,Automatic retry,1
TXN02719,CUST1426,2108.44,Wallet,Shopping,6,15,4,Timeout,2,2.6,0,18,1,1981.44,0.7607328213510332,HIGH,Retry payment after short delay,Automatic retry,1
TXN01186,CUST1009,9127.0,Card,Utilities,37,18,0,Authentication Failed,1,39.6,0,9,1,8975.89,0.7605429469790921,HIGH,Request customer authentication,Customer notification,1
TXN00190,CUST0710,6272.43,UPI,Entertainment,26,13,0,Timeout,1,38.0,0,14,1,5806.22,0.7604882351336285,HIGH,Retry payment after short delay,Automatic retry,1
TXN01518,CUST1247,5875.87,Wallet,Utilities,12,20,3,Network Error,1,63.9,1,6,1,5335.41,0.7603992111810196,HIGH,Retry payment,Automatic retry,1
TXN03715,CUST1284,2468.66,UPI,Shopping,59,13,0,Network Error,3,7.4,1,9,1,2421.31,0.7600753282895273,HIGH,Retry payment,Automatic retry,1
TXN03021,CUST0853,2380.91,Card,Entertainment,59,18,5,Insufficient Balance,2,19.5,1,8,1,2289.9,0.7599108804775624,HIGH,Ask customer to add funds or use another method,Customer notification,1
TXN01118,CUST0923,6659.42,UPI,Food,2,17,4,Authentication Failed,1,11.5,0,5,1,6636.61,0.7597426419768593,HIGH,Request customer authentication,Customer notification,1
TXN02730,CUST0686,2126.72,Wallet,Travel,36,3,1,Timeout,1,39.1,1,23,1,2035.97,0.7596003477877189,HIGH,Retry payment after short delay,Automatic retry,1
TXN03314,CUST1448,1230.42,Card,Shopping,56,20,7,Network Error,2,19.3,1,21,1,1112.51,0.7594315715695512,HIGH,Retry payment,Automatic retry,1
TXN00621,CUST1239,4762.41,UPI,Travel,24,17,5,Network Error,2,61.9,0,19,1,4295.1,0.7594030820514779,HIGH,Retry payment,Automatic retry,1
TXN00715,CUST1354,234.98,Wallet,Entertainment,27,8,4,Network Error,1,4.6,1,8,1,220.26,0.7593960576721639,HIGH,Retry payment,Automatic retry,1
TXN00251,CUST0147,3722.27,UPI,Shopping,32,11,7,Network Error,3,22.2,1,21,1,3451.03,0.759329499601274,HIGH,Retry payment,Automatic retry,1
TXN04161,CUST1327,2390.01,Card,Shopping,51,19,6,Bank Declined,1,3.9,1,12,1,2331.89,0.758850304380784,HIGH,Suggest alternative payment method,Customer notification,1
TXN03822,CUST0198,9257.27,Card,Shopping,7,14,4,Timeout,2,15.7,1,8,1,9244.75,0.7588286467401673,HIGH,Retry payment after short delay,Automatic retry,1
TXN02788,CUST1210,567.53,Net Banking,Travel,29,20,5,Authentication Failed,1,16.0,0,2,1,545.3,0.7587349066271041,HIGH,Request customer authentication,Customer notification,1
TXN00914,CUST0831,4509.33,Net Banking,Entertainment,51,19,2,Timeout,3,56.4,0,3,1,4316.26,0.7587160652026479,HIGH,Retry payment after short delay,Automatic retry,1
TXN02498,CUST0238,5379.75,Card,Shopping,43,18,6,Timeout,3,8.1,0,18,1,5283.17,0.7586263284456094,HIGH,Retry payment after short delay,Automatic retry,1
TXN01883,CUST1449,3310.86,UPI,Travel,3,16,1,Authentication Failed,1,28.1,0,23,1,3057.99,0.7583746377048751,HIGH,Request customer authentication,Customer notification,1
TXN04627,CUST1343,9386.73,Card,Travel,40,11,5,Bank Declined,1,3.7,1,19,1,8729.4,0.7576428465568199,HIGH,Suggest alternative payment method,Customer notification,1
TXN00100,CUST0188,3719.4,UPI,Shopping,50,19,0,Bank Declined,2,14.5,0,0,1,3695.8,0.757592598858047,HIGH,Suggest alternative payment method,Customer notification,1
TXN01446,CUST0664,4777.9,UPI,Shopping,5,14,0,Timeout,2,68.6,1,3,1,4737.84,0.7569351016209153,HIGH,Retry payment after short delay,Automatic retry,1
TXN03773,CUST1202,9441.18,Card,Travel,52,10,6,Network Error,1,46.8,0,12,1,8511.86,0.7566737709258524,HIGH,Retry payment,Automatic retry,1
TXN00632,CUST1277,9641.85,Card,Utilities,59,4,0,Insufficient Balance,1,27.5,1,22,1,9169.18,0.7565960311023435,HIGH,Ask customer to add funds or use another method,Customer notification,1
TXN01229,CUST0955,9345.27,Net Banking,Entertainment,59,15,0,Insufficient Balance,1,33.2,0,19,1,9012.11,0.7560378355399958,HIGH,Ask customer to add funds or use another method,Customer notification,1
TXN00792,CUST0083,9966.0,Card,Entertainment,12,20,2,Timeout,2,58.4,0,15,1,8988.8,0.7558619811341803,HIGH,Retry payment after short delay,Automatic retry,1
TXN04515,CUST0170,881.91,UPI,Travel,32,20,2,Timeout,2,45.7,0,13,1,805.71,0.7558579368457129,HIGH,Retry payment after short delay,Automatic retry,1
TXN01471,CUST1063,7175.49,Card,Entertainment,34,20,7,Authentication Failed,2,3.5,0,19,1,7043.32,0.755659065572698,HIGH,Request customer authentication,Customer notification,1
TXN02114,CUST1247,1421.99,Net Banking,Food,35,18,0,Bank Declined,2,30.4,1,23,1,1361.49,0.7553209582030108,HIGH,Suggest alternative payment method,Customer notification,1
TXN00654,CUST1094,9969.4,Card,Entertainment,32,20,5,Authentication Failed,3,57.7,1,17,1,9755.74,0.7552796892586138,HIGH,Request customer authentication,Customer notification,1
TXN02204,CUST0867,2108.25,Net Banking,Travel,8,20,5,Timeout,3,20.5,0,22,1,2093.6,0.7551648321356639,HIGH,Retry payment after short delay,Automatic retry,1
TXN04151,CUST0824,8263.8,UPI,Shopping,32,19,6,Authentication Failed,1,15.6,1,18,1,7755.33,0.7548895515494497,HIGH,Request customer authentication,Customer notification,1
TXN03877,CUST1287,153.45,Net Banking,Food,39,14,1,Network Error,1,67.0,0,0,1,149.54,0.7548382175632098,HIGH,Retry payment,Automatic retry,1
TXN04373,CUST1093,2468.31,Wallet,Shopping,40,7,2,Timeout,1,23.3,1,6,1,2232.15,0.7545456026293463,HIGH,Retry payment after short delay,Automatic retry,1
TXN03856,CUST1260,736.1,Card,Entertainment,46,6,3,Network Error,1,9.1,0,8,1,683.15,0.7545137603668276,HIGH,Retry payment,Automatic retry,1
TXN03525,CUST0833,9692.78,Card,Travel,2,19,3,Timeout,2,62.2,0,18,1,9236.76,0.7541091012621313,HIGH,Retry payment after short delay,Automatic retry,1
TXN01831,CUST0793,8410.59,Net Banking,Food,16,9,7,Network Error,1,17.4,1,0,1,7979.38,0.7540613153408602,HIGH,Retry payment,Automatic retry,1
TXN04975,CUST0114,9971.61,Wallet,Food,60,6,3,Timeout,2,59.5,1,1,1,9526.95,0.7540397094647794,HIGH,Retry payment after short delay,Automatic retry,1
TXN02229,CUST0343,800.84,Net Banking,Shopping,54,16,7,Bank Declined,1,12.2,0,18,1,738.79,0.7535966387903492,HIGH,Suggest alternative payment method,Customer notification,1
TXN00459,CUST1013,8946.59,UPI,Shopping,38,10,7,Network Error,3,23.2,1,9,1,8477.85,0.7535548820087021,HIGH,Retry payment,Automatic retry,1
TXN01921,CUST0009,1379.32,Wallet,Food,2,19,4,Network Error,3,29.2,1,20,1,1373.78,0.753489971976402,HIGH,Retry payment,Automatic retry,1
TXN01204,CUST1025,2965.46,Card,Entertainment,4,20,5,Bank Declined,1,24.7,1,20,1,2756.4,0.752936719233736,HIGH,Suggest alternative payment method,Customer notification,1
TXN00559,CUST1021,7302.54,Wallet,Travel,20,20,3,Network Error,3,30.3,0,16,1,7074.22,0.7523663027652056,HIGH,Retry payment,Automatic retry,1
TXN03844,CUST0979,599.51,Wallet,Food,22,13,5,Timeout,2,9.9,1,15,1,551.77,0.7523408393168228,HIGH,Retry payment after short delay,Automatic retry,1
TXN01331,CUST0735,2744.04,Net Banking,Food,19,17,5,Network Error,1,52.3,1,8,1,2501.89,0.7521862612430855,HIGH,Retry payment,Automatic retry,1
TXN00333,CUST0798,3962.19,Wallet,Utilities,45,11,1,Timeout,1,56.2,0,7,1,3639.41,0.7521169864107,HIGH,Retry payment after short delay,Automatic retry,1
TXN01156,CUST0069,3732.92,Net Banking,Food,5,17,0,Authentication Failed,3,22.8,0,15,1,3386.45,0.7521151156340261,HIGH,Request customer authentication,Customer notification,1
TXN04670,CUST1069,4336.36,UPI,Shopping,33,12,3,Network Error,2,7.9,0,16,1,4098.94,0.7520205180478017,HIGH,Retry payment,Automatic retry,1
TXN04228,CUST0702,6745.09,Wallet,Travel,55,17,4,Bank Declined,2,21.6,1,19,1,6689.63,0.7518042699434717,HIGH,Suggest alternative payment method,Customer notification,1
TXN00378,CUST1312,1465.06,UPI,Entertainment,51,12,4,Timeout,2,12.8,0,16,1,1397.67,0.7517912082233044,HIGH,Retry payment after short delay,Automatic retry,1
TXN01975,CUST1083,1283.36,UPI,Utilities,20,17,0,Authentication Failed,1,37.2,0,9,1,1210.75,0.7514890044452163,HIGH,Request customer authentication,Customer notification,1
TXN01310,CUST1078,2817.62,Card,Food,24,20,4,Authentication Failed,3,6.2,0,23,1,2682.2,0.7514796733723706,HIGH,Request customer authentication,Customer notification,1
TXN01987,CUST0957,7815.72,Wallet,Travel,1,3,2,Network Error,1,34.5,1,23,1,7615.13,0.75146033642175,HIGH,Retry payment,Automatic retry,1
TXN02308,CUST1178,1915.89,Wallet,Entertainment,14,18,0,Timeout,2,47.8,0,4,1,1776.79,0.7513806942770761,HIGH,Retry payment after short delay,Automatic retry,1
TXN02734,CUST1246,4653.82,Wallet,Food,10,17,7,Timeout,1,63.8,0,0,1,4554.76,0.7513719417745836,HIGH,Retry payment after short delay,Automatic retry,1
TXN03944,CUST0307,5068.22,Net Banking,Shopping,29,17,1,Bank Declined,1,6.2,0,20,1,4793.46,0.751316760716778,HIGH,Suggest alternative payment method,Customer notification,1
TXN04791,CUST0292,7638.44,UPI,Entertainment,31,18,0,Bank Declined,1,15.6,0,23,1,7112.78,0.7512548076063018,HIGH,Suggest alternative payment method,Customer notification,1
TXN00772,CUST0827,6553.82,Wallet,Shopping,55,10,3,Authentication Failed,1,8.3,1,6,1,6189.84,0.7511279243513098,HIGH,Request customer authentication,Customer notification,1
TXN04771,CUST0339,4729.13,Wallet,Shopping,45,18,5,Authentication Failed,1,23.5,0,16,1,4438.8,0.7511036474663532,HIGH,Request customer authentication,Customer notification,1
TXN03338,CUST0194,8087.1,Wallet,Utilities,28,19,7,Network Error,2,17.3,0,17,1,7665.0,0.7506997756911937,HIGH,Retry payment,Automatic retry,1
TXN01051,CUST0013,4782.97,Net Banking,Utilities,57,20,6,Insufficient Balance,1,34.8,0,3,1,4511.27,0.7506244057812701,HIGH,Ask customer to add funds or use another method,Customer notification,1
TXN04071,CUST0450,8848.96,UPI,Travel,10,19,3,Timeout,2,59.6,1,5,1,8553.33,0.7504859140085657,HIGH,Retry payment after short delay,Automatic retry,1
TXN00464,CUST1120,1165.38,Card,Shopping,29,19,4,Insufficient Balance,1,14.0,1,22,1,1153.74,0.7504102099364721,HIGH,Ask customer to add funds or use another method,Customer notification,1
TXN02205,CUST0968,9983.36,UPI,Entertainment,21,13,3,Network Error,1,35.8,0,21,1,9702.67,0.749844460894534,HIGH,Retry payment,Automatic retry,1
TXN04483,CUST1161,1169.97,Wallet,Utilities,44,10,5,Timeout,1,58.4,1,16,1,1113.46,0.7494688074547027,HIGH,Retry payment after short delay,Automatic retry,1
TXN00972,CUST1494,1002.29,Wallet,Shopping,60,18,1,Authentication Failed,3,19.8,1,9,1,913.78,0.7491340871109555,HIGH,Request customer authentication,Customer notification,1
TXN03333,CUST0772,2943.69,Card,Utilities,4,10,4,Timeout,1,36.6,1,16,1,2772.07,0.7491295423207434,HIGH,Retry payment after short delay,Automatic retry,1
TXN02694,CUST1406,2087.06,Wallet,Travel,13,15,3,Timeout,1,35.2,0,1,1,1882.48,0.7488182954939703,HIGH,Retry payment after short delay,Automatic retry,1
TXN02641,CUST0079,2974.58,UPI,Travel,51,16,6,Timeout,2,24.4,0,6,1,2872.17,0.7486590461598139,HIGH,Retry payment after short delay,Automatic retry,1
TXN01333,CUST0944,8601.74,Net Banking,Food,51,13,0,Bank Declined,2,15.1,1,9,1,7821.38,0.7482302804636205,HIGH,Suggest alternative payment method,Customer notification,1
TXN02811,CUST0602,204.46,Card,Shopping,42,16,5,Network Error,1,66.5,0,12,1,190.21,0.7482161530128963,HIGH,Retry payment,Automatic retry,1
TXN03936,CUST0012,4283.14,Net Banking,Utilities,17,19,1,Timeout,3,48.9,0,10,1,4238.13,0.7482078582417465,HIGH,Retry payment after short delay,Automatic retry,1
TXN01151,CUST0627,1906.33,Net Banking,Travel,18,11,1,Network Error,3,1.4,0,2,1,1796.84,0.7480616243820402,HIGH,Retry payment,Automatic retry,1
TXN00978,CUST0425,7683.12,Net Banking,Travel,35,19,7,Timeout,3,6.1,0,19,1,7220.48,0.7479651135183155,HIGH,Retry payment after short delay,Automatic retry,1
TXN02548,CUST0883,2652.01,UPI,Food,30,17,5,Network Error,3,53.6,1,12,1,2598.75,0.7477644944718135,HIGH,Retry payment,Automatic retry,1
TXN02258,CUST1180,4984.73,UPI,Travel,1,14,0,Bank Declined,1,61.3,0,20,1,4586.69,0.7473045152915997,HIGH,Suggest alternative payment method,Customer notification,1
TXN01712,CUST0700,2788.35,UPI,Utilities,50,7,3,Network Error,1,31.2,1,22,1,2605.54,0.7471130776008608,HIGH,Retry payment,Automatic retry,1
TXN01465,CUST1041,2530.95,Wallet,Food,14,15,1,Network Error,2,59.1,1,8,1,2339.86,0.7469645086753648,HIGH,Retry payment,Automatic retry,1
TXN04492,CUST0262,1040.9,Card,Food,14,20,4,Authentication Failed,3,6.2,0,12,1,1026.23,0.7469415715166277,HIGH,Request customer authentication,Customer notification,1
TXN03350,CUST0283,9418.03,Net Banking,Shopping,43,14,2,Network Error,1,69.4,0,9,1,9250.16,0.7466232567002506,HIGH,Retry payment,Automatic retry,1
TXN00376,CUST0686,9895.37,Card,Travel,55,16,7,Network Error,3,63.7,0,1,1,9181.5,0.7464944811308105,HIGH,Retry payment,Automatic retry,1
TXN04697,CUST0206,7926.97,Card,Utilities,46,12,5,Network Error,1,22.5,0,4,1,7734.14,0.7460330363998735,HIGH,Retry payment,Automatic retry,1
TXN04982,CUST1379,7484.33,Card,Food,7,12,5,Network Error,1,28.8,0,3,1,6901.9,0.7455888143435209,HIGH,Retry payment,Automatic retry,1
TXN00338,CUST1020,5856.03,Net Banking,Travel,58,19,0,Bank Declined,2,49.4,1,14,1,5616.76,0.7453956112658964,HIGH,Suggest alternative payment method,Customer notification,1
TXN03393,CUST0907,2970.26,UPI,Entertainment,46,16,5,Network Error,2,24.3,0,10,1,2815.84,0.7450041359499486,HIGH,Retry payment,Automatic retry,1
TXN04325,CUST0993,5814.0,Wallet,Travel,60,10,6,Network Error,3,13.8,0,3,1,5715.04,0.7446345634885936,HIGH,Retry payment,Automatic retry,1
TXN02375,CUST0828,1463.57,Wallet,Entertainment,31,6,0,Network Error,2,5.0,1,22,1,1432.1,0.7445871791435329,HIGH,Retry payment,Automatic retry,1
TXN04356,CUST1203,6075.45,Wallet,Food,54,12,4,Network Error,2,29.3,0,16,1,5560.53,0.7445834949298963,HIGH,Retry payment,Automatic retry,1
TXN03182,CUST0837,2088.68,Net Banking,Utilities,42,17,4,Bank Declined,1,13.6,0,1,1,1971.63,0.744389261645896,HIGH,Suggest alternative payment method,Customer notification,1
TXN00749,CUST0883,7411.21,Net Banking,Food,55,3,0,Authentication Failed,1,35.2,1,2,1,6723.05,0.7443698446234539,HIGH,Request customer authentication,Customer notification,1
TXN02500,CUST1460,8025.31,Card,Shopping,46,18,7,Timeout,2,69.7,0,5,1,7927.0,0.7443087988119967,HIGH,Retry payment after short delay,Automatic retry,1
TXN02913,CUST0254,9993.43,Card,Travel,5,12,3,Network Error,3,35.5,1,4,1,9093.22,0.7441404896520332,HIGH,Retry payment,Automatic retry,1
TXN04752,CUST0416,3370.05,Card,Entertainment,59,11,6,Network Error,1,38.8,1,11,1,3131.25,0.7441111129813989,HIGH,Retry payment,Automatic retry,1
TXN01184,CUST0127,7872.33,UPI,Utilities,57,15,2,Bank Declined,1,71.5,1,15,1,7524.0,0.7440280237038557,HIGH,Suggest alternative payment method,Customer notification,1
TXN00746,CUST0909,5963.78,UPI,Food,46,15,3,Network Error,2,38.5,0,6,1,5556.78,0.7434890430127586,HIGH,Retry payment,Automatic retry,1
TXN01538,CUST0183,6838.66,Card,Shopping,33,16,5,Authentication Failed,1,9.0,0,12,1,6399.4,0.7433467415540562,HIGH,Request customer authentication,Customer notification,1
TXN01284,CUST0988,3826.51,UPI,Utilities,6,13,2,Network Error,2,12.7,0,7,1,3447.03,0.7433339109297694,HIGH,Retry payment,Automatic retry,1
TXN00949,CUST1216,2655.23,Wallet,Utilities,9,18,2,Timeout,1,13.3,0,8,0,0.0,0.74332046029186,HIGH,Retry payment after short delay,Automatic retry,0
TXN04296,CUST0561,3913.11,Card,Utilities,20,6,0,Network Error,1,19.9,0,19,1,3654.12,0.7429506211290309,HIGH,Retry payment,Automatic retry,1
TXN00515,CUST1040,9487.69,Card,Travel,58,16,4,Authentication Failed,3,20.7,0,11,1,8777.08,0.7429476262840479,HIGH,Request customer authentication,Customer notification,1
TXN00941,CUST1027,2022.21,Wallet,Shopping,49,11,1,Timeout,1,53.0,0,21,1,1969.87,0.7429404631189876,HIGH,Retry payment after short delay,Automatic retry,1
TXN03861,CUST0210,3555.62,Wallet,Food,41,17,0,Authentication Failed,3,9.6,1,6,1,3333.83,0.7429310490344213,HIGH,Request customer authentication,Customer notification,1
TXN00901,CUST1070,4647.38,UPI,Shopping,50,12,1,Bank Declined,2,2.7,0,14,1,4520.66,0.7428902094447437,HIGH,Suggest alternative payment method,Customer notification,1
TXN03255,CUST1399,4211.09,UPI,Shopping,29,14,3,Network Error,3,10.3,0,22,1,4035.25,0.7427114321132404,HIGH,Retry payment,Automatic retry,1
TXN02932,CUST1319,695.07,UPI,Travel,11,16,2,Bank Declined,1,5.4,0,13,1,645.89,0.7426061517755671,HIGH,Suggest alternative payment method,Customer notification,1
TXN01909,CUST1190,7903.19,Net Banking,Travel,54,11,6,Network Error,3,50.9,1,9,1,7568.61,0.742300549337358,HIGH,Retry payment,Automatic retry,1
TXN03207,CUST1215,995.91,UPI,Utilities,42,14,3,Bank Declined,1,24.0,0,7,1,982.1,0.7421533913456695,HIGH,Suggest alternative payment method,Customer notification,1
TXN02087,CUST1317,8087.06,Net Banking,Entertainment,10,5,1,Timeout,1,27.3,1,13,1,7418.44,0.7417899711808179,HIGH,Retry payment after short delay,Automatic retry,1
TXN03994,CUST1384,2239.65,Card,Travel,38,13,2,Timeout,3,4.1,1,3,1,2189.11,0.7417211495456276,HIGH,Retry payment after short delay,Automatic retry,1
TXN03652,CUST0163,475.96,UPI,Travel,4,20,6,Insufficient Balance,1,3.3,0,8,1,435.56,0.7416339568859562,HIGH,Ask customer to add funds or use another method,Customer notification,1
TXN00642,CUST0029,282.02,UPI,Food,51,15,0,Insufficient Balance,1,42.7,0,5,1,278.28,0.741592753683232,HIGH,Ask customer to add funds or use another method,Customer notification,1
TXN01149,CUST1435,3352.73,UPI,Food,29,20,7,Network Error,1,48.1,0,20,1,3104.68,0.7411649254451284,HIGH,Retry payment,Automatic retry,1
TXN00983,CUST1467,9886.55,Card,Shopping,50,3,1,Timeout,1,39.5,1,3,1,9530.65,0.741159221472334,HIGH,Retry payment after short delay,Automatic retry,1
TXN03050,CUST0744,4974.78,Card,Utilities,25,12,1,Network Error,2,23.1,0,10,1,4766.71,0.7410318722218928,HIGH,Retry payment,Automatic retry,1
TXN03302,CUST1469,4474.89,Net Banking,Travel,23,10,3,Network Error,1,52.0,1,8,1,4117.05,0.7409661092927451,HIGH,Retry payment,Automatic retry,1
TXN00820,CUST0990,1152.74,Card,Entertainment,52,12,1,Network Error,1,58.9,0,5,1,1091.16,0.7408849010331333,HIGH,Retry payment,Automatic retry,1
TXN02007,CUST0932,1278.31,Card,Shopping,57,7,0,Timeout,2,5.0,1,14,1,1261.09,0.7408586423496019,HIGH,Retry payment after short delay,Automatic retry,1
TXN04942,CUST0893,1689.97,UPI,Entertainment,31,13,1,Timeout,2,63.6,1,7,1,1582.5,0.7405893917162578,HIGH,Retry payment after short delay,Automatic retry,1
TXN02122,CUST0151,8596.25,Net Banking,Shopping,1,11,1,Network Error,3,61.0,0,23,1,8292.99,0.7404660760576838,HIGH,Retry payment,Automatic retry,1
TXN04085,CUST0187,6612.11,UPI,Shopping,7,13,1,Network Error,3,30.9,0,11,1,6190.4,0.7403775578082998,HIGH,Retry payment,Automatic retry,1
TXN03926,CUST0175,3961.85,UPI,Shopping,28,8,0,Network Error,2,5.8,0,8,1,3592.57,0.7403561851912389,HIGH,Retry payment,Automatic retry,1
TXN04284,CUST1442,4133.08,Wallet,Food,41,17,7,Network Error,3,19.4,0,1,1,3821.32,0.7401857747285642,HIGH,Retry payment,Automatic retry,1
TXN03786,CUST0776,5453.5,Card,Shopping,57,20,5,Bank Declined,3,49.6,1,0,1,5214.82,0.7400049014605056,HIGH,Suggest alternative payment method,Customer notification,1
TXN03640,CUST0399,9219.51,Card,Utilities,60,11,3,Authentication Failed,1,33.5,1,14,1,8912.78,0.7399786213805721,HIGH,Request customer authentication,Customer notification,1
TXN01097,CUST0575,4416.35,Net Banking,Entertainment,56,13,1,Bank Declined,2,19.5,1,6,1,4081.17,0.7395328710179192,HIGH,Suggest alternative payment method,Customer notification,1
TXN03569,CUST0674,3526.47,UPI,Shopping,49,20,3,Insufficient Balance,1,35.5,0,7,1,3259.83,0.7393434769324869,HIGH,Ask customer to add funds or use another method,Customer notification,1
TXN01117,CUST1255,7099.45,UPI,Food,1,14,0,Bank Declined,1,49.1,0,18,1,6956.55,0.739246383911486,HIGH,Suggest alternative payment method,Customer notification,1
TXN01347,CUST0709,2316.85,Card,Travel,8,20,7,Insufficient Balance,3,5.3,1,0,1,2253.22,0.7391842480236359,HIGH,Ask customer to add funds or use another method,Customer notification,1
TXN02695,CUST0836,8813.53,Card,Shopping,24,16,4,Network Error,2,69.8,1,0,1,8423.67,0.739144607444362,HIGH,Retry payment,Automatic retry,1
TXN00506,CUST0802,6935.02,Wallet,Utilities,17,19,7,Network Error,1,7.0,0,22,1,6543.37,0.738940779592729,HIGH,Retry payment,Automatic retry,1
TXN02222,CUST0304,866.37,Card,Entertainment,9,16,5,Authentication Failed,1,1.2,0,9,1,836.12,0.7386909429466626,HIGH,Request customer authentication,Customer notification,1
TXN00534,CUST0397,161.95,Card,Shopping,54,18,7,Authentication Failed,1,69.5,0,21,1,146.82,0.7386097617291901,HIGH,Request customer authentication,Customer notification,1
TXN00296,CUST0510,9141.0,Net Banking,Travel,30,7,4,Network Error,1,14.4,0,22,1,8878.38,0.738482274973967,HIGH,Retry payment,Automatic retry,1
TXN02312,CUST0664,2340.15,UPI,Travel,26,8,1,Authentication Failed,1,43.6,1,3,1,2302.83,0.7382998789116688,HIGH,Request customer authentication,Customer notification,1
TXN01732,CUST1137,3484.47,Wallet,Utilities,24,12,0,Network Error,2,67.8,0,22,1,3371.97,0.7382044824693095,HIGH,Retry payment,Automatic retry,1
TXN02735,CUST0039,2865.46,UPI,Travel,17,20,6,Authentication Failed,2,23.5,1,20,1,2642.01,0.737968774539088,HIGH,Request customer authentication,Customer notification,1
TXN04754,CUST1404,1438.31,Card,Food,49,18,2,Bank Declined,1,32.3,0,20,1,1426.36,0.7379636161879881,HIGH,Suggest alternative payment method,Customer notification,1
TXN01237,CUST0710,6158.88,UPI,Travel,30,17,1,Network Error,3,55.1,0,9,1,5920.3,0.7374700217889998,HIGH,Retry payment,Automatic retry,1
TXN02567,CUST0768,6117.01,UPI,Food,53,19,1,Authentication Failed,1,62.9,0,0,1,5946.03,0.7374317576865553,HIGH,Request customer authentication,Customer notification,1
TXN00068,CUST0509,6943.0,Card,Shopping,41,13,5,Timeout,1,59.0,1,19,1,6594.28,0.7372208866434501,HIGH,Retry payment after short delay,Automatic retry,1
TXN03883,CUST1173,8689.65,Net Banking,Shopping,48,13,2,Timeout,3,23.3,0,0,1,8257.32,0.7371896762935389,HIGH,Retry payment after short delay,Automatic retry,1
TXN02313,CUST0531,1404.89,Card,Travel,60,7,1,Timeout,3,54.1,1,23,1,1310.66,0.7370563733029651,HIGH,Retry payment after short delay,Automatic retry,1
TXN00341,CUST0547,5279.12,Wallet,Entertainment,2,8,0,Network Error,1,19.6,0,5,1,4793.26,0.7370481286272108,HIGH,Retry payment,Automatic retry,1
TXN04967,CUST1328,3628.03,Card,Entertainment,45,14,5,Network Error,2,25.1,1,10,1,3409.75,0.7369281434879252,HIGH,Retry payment,Automatic retry,1
TXN01423,CUST0634,8276.82,Card,Food,36,19,4,Insufficient Balance,3,8.1,0,20,1,8267.21,0.7368156982315756,HIGH,Ask customer to add funds or use another method,Customer notification,1
TXN00258,CUST0872,2995.91,Card,Shopping,44,19,2,Authentication Failed,3,27.1,0,21,1,2831.36,0.7364310604272424,HIGH,Request customer authentication,Customer notification,1
TXN00322,CUST1046,8645.04,Card,Entertainment,58,20,3,Authentication Failed,3,62.1,0,19,1,8305.72,0.7360607901423247,HIGH,Request customer authentication,Customer notification,1
TXN00530,CUST1441,2553.95,Wallet,Travel,56,19,6,Bank Declined,3,1.9,1,3,1,2374.63,0.7356645393663883,HIGH,Suggest alternative payment method,Customer notification,1
TXN02560,CUST1245,7678.88,Wallet,Food,12,18,1,Authentication Failed,1,48.8,0,9,1,7310.15,0.7356303075491633,HIGH,Request customer authentication,Customer notification,1
TXN02431,CUST0978,9824.34,Wallet,Entertainment,56,17,2,Timeout,3,70.7,0,16,1,9261.84,0.7353929747157245,HIGH,Retry payment after short delay,Automatic retry,1
TXN04282,CUST0509,6433.77,Wallet,Food,42,10,0,Timeout,1,17.1,0,18,0,0.0,0.734985921522641,HIGH,Retry payment after short delay,Automatic retry,0
TXN02423,CUST0630,4409.4,UPI,Shopping,49,7,7,Network Error,1,16.0,1,15,1,4284.76,0.734833363238079,HIGH,Retry payment,Automatic retry,1
TXN01625,CUST0218,3939.56,Net Banking,Entertainment,48,17,3,Authentication Failed,2,37.1,1,18,1,3785.42,0.7347051460986473,HIGH,Request customer authentication,Customer notification,1
TXN00348,CUST0477,7821.88,UPI,Shopping,21,16,7,Network Error,2,63.7,1,13,1,7265.09,0.7342346710498192,HIGH,Retry payment,Automatic retry,1
TXN04879,CUST1231,3876.01,UPI,Entertainment,4,19,2,Authentication Failed,1,48.7,0,8,1,3660.38,0.7337750772875486,HIGH,Request customer authentication,Customer notification,1
TXN04713,CUST0175,2491.86,UPI,Entertainment,56,6,1,Network Error,1,56.6,1,10,1,2389.28,0.7333470653183001,HIGH,Retry payment,Automatic retry,1
TXN01508,CUST0250,7933.71,Wallet,Travel,17,13,6,Network Error,3,31.5,1,16,1,7339.73,0.7333386415526786,HIGH,Retry payment,Automatic retry,1
TXN00556,CUST1444,6661.68,Wallet,Entertainment,1,20,0,Insufficient Balance,2,13.8,0,22,1,6371.09,0.7332726800752134,HIGH,Ask customer to add funds or use another method,Customer notification,1
TXN00312,CUST1159,8575.71,Net Banking,Food,51,9,0,Authentication Failed,2,31.0,1,16,1,7856.37,0.7332307769241869,HIGH,Request customer authentication,Customer notification,1
TXN01849,CUST0899,3583.66,UPI,Shopping,17,17,6,Network Error,2,43.0,1,18,1,3367.84,0.7327685140466694,HIGH,Retry payment,Automatic retry,1
TXN01437,CUST1137,6611.88,UPI,Shopping,20,17,2,Timeout,2,37.3,0,10,1,6315.86,0.7324548833729494,HIGH,Retry payment after short delay,Automatic retry,1
TXN03540,CUST1258,3852.16,Net Banking,Shopping,20,16,4,Authentication Failed,1,12.2,0,23,1,3753.04,0.7323833096610547,HIGH,Request customer authentication,Customer notification,1
TXN00369,CUST1280,7842.3,Wallet,Food,31,10,5,Network Error,3,7.2,0,22,1,7773.34,0.732361767233668,HIGH,Retry payment,Automatic retry,1
TXN02439,CUST0509,7415.41,UPI,Food,45,12,2,Timeout,1,59.3,0,9,1,6985.59,0.7323308097078912,HIGH,Retry payment after short delay,Automatic retry,1
TXN04222,CUST1062,1648.63,Card,Entertainment,39,18,4,Insufficient Balance,1,2.5,0,16,1,1563.78,0.7322207747191868,HIGH,Ask customer to add funds or use another method,Customer notification,1
TXN00649,CUST0511,6539.21,Card,Travel,54,16,6,Authentication Failed,2,9.0,1,4,1,6103.69,0.7321923070672518,HIGH,Request customer authentication,Customer notification,1
TXN03546,CUST0485,3591.64,Net Banking,Shopping,5,4,0,Network Error,3,0.9,1,3,1,3282.53,0.7319042894889064,HIGH,Retry payment,Automatic retry,1
TXN00799,CUST0685,9248.67,UPI,Entertainment,14,15,5,Authentication Failed,1,16.0,1,9,1,9079.92,0.7318743949252832,HIGH,Request customer authentication,Customer notification,1
TXN02260,CUST1168,9287.34,Card,Utilities,59,16,7,Timeout,2,34.8,0,22,1,8577.08,0.7318696030773378,HIGH,Retry payment after short delay,Automatic retry,1
TXN00853,CUST1130,3025.13,Wallet,Food,25,20,7,Authentication Failed,1,64.0,1,0,1,2961.9,0.7316812417799526,HIGH,Request customer authentication,Customer notification,1
TXN01160,CUST0550,6397.08,UPI,Utilities,51,16,1,Bank Declined,2,22.4,0,0,1,6350.75,0.7316421296461164,HIGH,Suggest alternative payment method,Customer notification,1
TXN02739,CUST0943,199.1,Net Banking,Entertainment,10,14,0,Authentication Failed,2,12.3,0,16,1,197.01,0.731635083762078,HIGH,Request customer authentication,Customer notification,1
TXN01596,CUST0399,667.37,Net Banking,Utilities,60,16,4,Authentication Failed,1,52.9,0,6,1,644.49,0.7314522035648079,HIGH,Request customer authentication,Customer notification,1
TXN01001,CUST0243,8453.17,Wallet,Food,5,20,1,Authentication Failed,2,36.8,0,19,1,7827.84,0.7313607770305143,HIGH,Request customer authentication,Customer notification,1
TXN04344,CUST1175,6361.47,Wallet,Food,44,14,5,Authentication Failed,1,41.4,1,10,1,6072.73,0.7312043801101733,HIGH,Request customer authentication,Customer notification,1
TXN03509,CUST1468,8834.13,UPI,Utilities,56,13,1,Authentication Failed,2,39.8,1,17,1,8426.27,0.7305621935859208,HIGH,Request customer authentication,Customer notification,1
TXN02746,CUST0238,1190.41,Wallet,Shopping,3,11,0,Timeout,2,14.5,0,14,1,1135.98,0.7304422076045326,HIGH,Retry payment after short delay,Automatic retry,1
TXN00119,CUST0231,131.09,Wallet,Food,58,5,4,Network Error,3,35.0,1,14,1,123.88,0.7301809505582643,HIGH,Retry payment,Automatic retry,1
TXN01981,CUST1231,574.35,Wallet,Food,38,17,6,Timeout,2,49.5,1,8,1,555.08,0.7296255332939748,HIGH,Retry payment after short delay,Automatic retry,1
TXN00274,CUST0453,6813.33,Net Banking,Entertainment,37,19,5,Authentication Failed,1,46.8,1,4,1,6493.86,0.7294694296682452,HIGH,Request customer authentication,Customer notification,1
TXN00409,CUST0834,6230.47,Wallet,Travel,20,18,3,Network Error,2,24.1,0,6,0,0.0,0.7294376863110336,HIGH,Retry payment,Automatic retry,0
TXN01910,CUST0871,338.01,Net Banking,Shopping,46,3,0,Timeout,2,47.5,1,1,1,316.79,0.7291526384674456,HIGH,Retry payment after short delay,Automatic retry,1
TXN04303,CUST0963,1708.9,Net Banking,Shopping,2,17,2,Timeout,3,35.3,0,6,1,1622.57,0.7291039215071297,HIGH,Retry payment after short delay,Automatic retry,1
TXN00560,CUST0761,4895.47,UPI,Utilities,5,15,6,Authentication Failed,1,19.6,0,17,1,4802.02,0.7287930905086287,HIGH,Request customer authentication,Customer notification,1
TXN03276,CUST1001,2260.9,Net Banking,Shopping,43,7,5,Timeout,1,8.3,0,22,1,2174.25,0.7287405410556819,HIGH,Retry payment after short delay,Automatic retry,1
TXN04931,CUST1241,8643.41,Wallet,Food,11,7,0,Authentication Failed,1,33.6,1,13,1,8431.47,0.7286891805662354,HIGH,Request customer authentication,Customer notification,1
TXN03285,CUST0695,8899.67,Card,Utilities,42,17,4,Network Error,3,49.4,0,0,1,8892.97,0.72862690784692,HIGH,Retry payment,Automatic retry,1
TXN01281,CUST1010,8471.97,Net Banking,Travel,59,13,0,Network Error,3,41.7,0,6,1,7806.19,0.7285980259785176,HIGH,Retry payment,Automatic retry,1
TXN03174,CUST0338,958.81,Card,Travel,11,4,0,Network Error,1,30.3,1,10,1,920.06,0.7284252221995683,HIGH,Retry payment,Automatic retry,1
TXN03502,CUST1220,7596.17,Net Banking,Utilities,38,11,0,Network Error,1,39.5,0,4,1,7273.32,0.7283685403656507,HIGH,Retry payment,Automatic retry,1
TXN01439,CUST0807,9336.27,Net Banking,Shopping,6,19,3,Timeout,3,46.5,0,7,1,8947.09,0.7280302679091603,HIGH,Retry payment after short delay,Automatic retry,1
TXN03119,CUST0966,2923.6,UPI,Travel,57,13,1,Timeout,3,20.7,0,7,1,2869.5,0.7279195260030292,HIGH,Retry payment after short delay,Automatic retry,1
TXN00278,CUST0009,7965.36,Net Banking,Entertainment,42,9,3,Network Error,1,20.7,0,8,1,7400.24,0.7277368269949502,HIGH,Retry payment,Automatic retry,1
TXN02625,CUST1154,9351.95,Wallet,Shopping,52,5,1,Network Error,3,61.3,1,22,1,8494.55,0.7277026774428621,HIGH,Retry payment,Automatic retry,1
TXN04798,CUST0082,4483.37,Net Banking,Entertainment,11,15,1,Authentication Failed,3,12.6,1,0,1,4241.86,0.7269556671307627,HIGH,Request customer authentication,Customer notification,1
TXN01039,CUST0090,7037.18,Card,Shopping,29,18,5,Network Error,2,70.8,0,18,1,6862.04,0.726925757253439,HIGH,Retry payment,Automatic retry,1
TXN01343,CUST0700,5422.09,UPI,Travel,46,10,3,Timeout,1,71.8,0,7,1,5123.8,0.7268352917754448,HIGH,Retry payment after short delay,Automatic retry,1
TXN02875,CUST0927,4890.11,Wallet,Shopping,14,18,6,Timeout,2,57.3,1,5,1,4706.95,0.7265719143153528,HIGH,Retry payment after short delay,Automatic retry,1
TXN01329,CUST0469,4046.56,Net Banking,Shopping,1,16,1,Timeout,3,67.2,0,11,1,3989.1,0.7265538328470895,HIGH,Retry payment after short delay,Automatic retry,1
TXN00207,CUST1411,7747.91,Wallet,Utilities,34,14,6,Timeout,1,47.2,1,15,1,7680.08,0.7264360563854637,HIGH,Retry payment after short delay,Automatic retry,1
TXN00149,CUST0892,7015.45,Net Banking,Entertainment,25,19,4,Timeout,3,33.8,0,12,1,6781.19,0.7258734353007439,HIGH,Retry payment after short delay,Automatic retry,1
TXN00111,CUST1496,8310.21,UPI,Food,51,16,1,Bank Declined,2,3.4,0,4,1,8260.18,0.7257834273193766,HIGH,Suggest alternative payment method,Customer notification,1
TXN04027,CUST0714,9024.32,Wallet,Travel,60,9,7,Network Error,3,37.3,0,17,1,8890.54,0.7255461568727121,HIGH,Retry payment,Automatic retry,1
TXN03846,CUST0810,8821.94,Card,Entertainment,47,17,2,Insufficient Balance,3,11.8,1,7,1,8127.68,0.7253846933360047,HIGH,Ask customer to add funds or use another method,Customer notification,1
TXN03738,CUST0184,1099.38,Card,Food,26,13,3,Timeout,2,14.3,0,0,1,994.2,0.7251989570822253,HIGH,Retry payment after short delay,Automatic retry,1
TXN03703,CUST1152,7765.09,Card,Food,44,4,0,Timeout,2,33.8,1,2,1,7011.24,0.7244241386956161,HIGH,Retry payment after short delay,Automatic retry,1
TXN01072,CUST1373,1136.29,Card,Shopping,24,16,2,Authentication Failed,3,19.8,1,19,1,1040.11,0.7243354412401496,HIGH,Request customer authentication,Customer notification,1
TXN02201,CUST0291,1336.21,UPI,Utilities,54,8,1,Network Error,1,6.8,0,15,1,1309.0,0.7240349994426029,HIGH,Retry payment,Automatic retry,1
TXN00718,CUST0968,1567.35,Card,Utilities,40,11,3,Timeout,2,3.0,0,14,1,1556.05,0.7239341774122288,HIGH,Retry payment after short delay,Automatic retry,1
TXN01395,CUST1170,4170.92,Wallet,Shopping,30,7,0,Network Error,2,15.7,0,0,1,4122.52,0.7236341870215861,HIGH,Retry payment,Automatic retry,1
TXN03982,CUST1223,1250.19,Card,Utilities,26,12,6,Authentication Failed,1,10.2,1,11,1,1154.42,0.7235141991358528,HIGH,Request customer authentication,Customer notification,1
TXN00803,CUST0881,9668.82,UPI,Entertainment,38,18,3,Network Error,3,61.7,1,11,1,8777.06,0.723292883454842,HIGH,Retry payment,Automatic retry,1
TXN00031,CUST0253,4583.82,Net Banking,Entertainment,46,17,0,Authentication Failed,2,59.5,0,23,1,4313.69,0.7230970694736267,HIGH,Request customer authentication,Customer notification,1
TXN01613,CUST0226,7307.32,Wallet,Food,24,17,5,Authentication Failed,1,55.3,1,19,1,6729.89,0.7230704396918862,HIGH,Request customer authentication,Customer notification,1
TXN02776,CUST0019,2510.93,Wallet,Utilities,54,15,2,Authentication Failed,2,30.3,0,21,1,2417.92,0.7230453613306136,HIGH,Request customer authentication,Customer notification,1
TXN03397,CUST1192,9358.07,UPI,Shopping,60,20,7,Insufficient Balance,2,34.6,1,0,1,8712.63,0.7230286355969732,HIGH,Ask customer to add funds or use another method,Customer notification,1
TXN01962,CUST0750,5854.03,Card,Shopping,41,7,0,Network Error,2,6.1,0,12,1,5707.19,0.7230094706679319,HIGH,Retry payment,Automatic retry,1
TXN01890,CUST0889,4530.76,Net Banking,Utilities,2,13,2,Network Error,2,42.1,0,20,1,4461.53,0.7228376613997842,HIGH,Retry payment,Automatic retry,1
TXN03891,CUST0235,2439.73,Card,Shopping,46,16,5,Timeout,3,44.6,0,0,1,2373.19,0.7220685841764783,HIGH,Retry payment after short delay,Automatic retry,1
TXN04462,CUST0266,4212.85,UPI,Entertainment,1,15,4,Authentication Failed,2,8.8,1,21,1,3919.07,0.7219893508247908,HIGH,Request customer authentication,Customer notification,1
TXN01840,CUST0520,845.48,Wallet,Entertainment,37,13,4,Timeout,2,29.7,0,19,1,770.24,0.7219089630496547,HIGH,Retry payment after short delay,Automatic retry,1
TXN04092,CUST0074,4332.31,Net Banking,Entertainment,19,16,3,Timeout,2,61.7,0,23,1,4234.55,0.7216964450629861,HIGH,Retry payment after short delay,Automatic retry,1
TXN04941,CUST1206,5052.29,UPI,Entertainment,16,12,1,Authentication Failed,2,13.0,1,18,1,5009.05,0.7216532653966645,HIGH,Request customer authentication,Customer notification,1
TXN02180,CUST0397,3584.1,Wallet,Shopping,6,20,4,Timeout,3,51.2,0,11,1,3283.55,0.7216153022776584,HIGH,Retry payment after short delay,Automatic retry,1
TXN01438,CUST0187,5687.51,Card,Entertainment,22,18,1,Bank Declined,3,22.0,0,22,1,5429.16,0.7215015886688473,HIGH,Suggest alternative payment method,Customer notification,1
TXN00186,CUST0628,5248.73,Net Banking,Utilities,35,14,6,Insufficient Balance,1,2.9,1,2,1,4903.94,0.7214189116009845,HIGH,Ask customer to add funds or use another method,Customer notification,1
TXN02835,CUST1493,6677.8,Net Banking,Utilities,11,16,3,Network Error,2,35.4,0,7,1,6508.44,0.7214071751772663,HIGH,Retry payment,Automatic retry,1
TXN03596,CUST0435,6397.72,UPI,Travel,32,13,6,Authentication Failed,1,16.3,0,10,1,6112.54,0.7213414394991381,HIGH,Request customer authentication,Customer notification,1
TXN00484,CUST1309,1410.81,UPI,Travel,25,8,1,Authentication Failed,1,47.4,1,4,1,1330.14,0.7212800763579039,HIGH,Request customer authentication,Customer notification,1
TXN03534,CUST0075,848.74,UPI,Entertainment,33,18,3,Network Error,2,52.7,0,17,1,802.82,0.7211336490103296,HIGH,Retry payment,Automatic retry,1
TXN02326,CUST1132,9410.92,UPI,Travel,9,20,7,Network Error,3,62.4,0,12,1,8770.79,0.7208522756446775,HIGH,Retry payment,Automatic retry,1
TXN01578,CUST0266,2936.09,Wallet,Food,13,10,4,Network Error,1,14.0,0,2,1,2643.66,0.7207280566384178,HIGH,Retry payment,Automatic retry,1
TXN02300,CUST0010,274.93,Card,Travel,6,17,4,Bank Declined,2,17.6,0,14,1,257.16,0.7206790201812132,HIGH,Suggest alternative payment method,Customer notification,1
TXN03700,CUST0141,2054.74,Net Banking,Shopping,24,20,1,Authentication Failed,3,28.9,0,13,1,1898.92,0.7204095015078066,HIGH,Request customer authentication,Customer notification,1
TXN02908,CUST0837,8269.96,Card,Entertainment,20,19,4,Authentication Failed,3,27.2,0,13,1,7964.58,0.7202932645471956,HIGH,Request customer authentication,Customer notification,1
TXN03744,CUST0904,9816.33,Card,Shopping,49,8,6,Timeout,2,34.7,1,9,1,9751.61,0.7202595182817073,HIGH,Retry payment after short delay,Automatic retry,1
TXN01009,CUST1346,6161.53,UPI,Food,46,14,1,Bank Declined,2,27.1,0,17,1,5990.87,0.7200976229111536,HIGH,Suggest alternative payment method,Customer notification,1
TXN02907,CUST1424,8077.06,Wallet,Food,30,9,5,Network Error,1,28.9,0,15,1,7296.36,0.7200748589767675,HIGH,Retry payment,Automatic retry,1
TXN03193,CUST0248,4437.31,Wallet,Shopping,31,10,7,Network Error,1,70.8,1,16,1,4402.26,0.720016535918127,HIGH,Retry payment,Automatic retry,1
TXN01902,CUST0225,7962.41,Card,Shopping,30,16,4,Authentication Failed,3,18.9,1,7,1,7441.19,0.7199755451227376,HIGH,Request customer authentication,Customer notification,1
TXN00331,CUST0226,6359.16,Card,Entertainment,24,5,0,Network Error,1,14.2,0,21,1,5832.54,0.7199701995959067,HIGH,Retry payment,Automatic retry,1
TXN02653,CUST0845,2451.84,Net Banking,Utilities,58,14,5,Authentication Failed,1,54.8,1,15,1,2208.18,0.7198301029476439,HIGH,Request customer authentication,Customer notification,1
TXN02512,CUST1103,8595.58,Card,Food,41,11,2,Timeout,2,41.4,0,20,1,8311.77,0.7197095880274256,HIGH,Retry payment after short delay,Automatic retry,1
TXN02354,CUST1304,4195.69,UPI,Travel,59,20,7,Timeout,3,62.1,0,18,1,3922.49,0.7195671386070198,HIGH,Retry payment after short delay,Automatic retry,1
TXN03537,CUST1454,8513.44,Wallet,Utilities,39,19,4,Insufficient Balance,1,68.2,0,22,1,7882.94,0.7195003375678158,HIGH,Ask customer to add funds or use another method,Customer notification,1
TXN02231,CUST0498,8111.03,Card,Food,44,8,7,Network Error,1,20.3,0,17,1,7410.57,0.7194634880179869,HIGH,Retry payment,Automatic retry,1
TXN04790,CUST0185,9756.96,Net Banking,Food,18,15,5,Timeout,3,13.6,0,2,1,9300.96,0.7192495461733952,HIGH,Retry payment after short delay,Automatic retry,1
TXN02440,CUST0481,388.78,Wallet,Shopping,32,7,2,Timeout,1,27.6,0,2,1,365.19,0.7185420696101282,HIGH,Retry payment after short delay,Automatic retry,1
TXN01386,CUST0004,9529.92,UPI,Travel,22,4,1,Network Error,1,61.5,1,2,1,9405.84,0.7184621371019873,HIGH,Retry payment,Automatic retry,1
TXN00126,CUST0930,2891.0,Wallet,Shopping,33,15,7,Network Error,2,24.4,1,4,1,2841.97,0.7179292298858355,HIGH,Retry payment,Automatic retry,1
TXN00405,CUST0471,9377.38,Card,Entertainment,26,8,0,Bank Declined,1,1.2,0,22,1,8575.89,0.7178205034641989,HIGH,Suggest alternative payment method,Customer notification,1
TXN04271,CUST1112,4847.24,Card,Utilities,42,18,7,Timeout,2,43.4,0,1,1,4714.44,0.7177129130093128,HIGH,Retry payment after short delay,Automatic retry,1
TXN04434,CUST0950,7787.22,UPI,Utilities,33,20,6,Authentication Failed,2,3.1,0,0,1,7074.66,0.7176906526532647,HIGH,Request customer authentication,Customer notification,1
TXN02619,CUST0192,3475.57,Card,Shopping,33,14,5,Timeout,1,29.0,0,1,1,3266.6,0.7175725523936013,HIGH,Retry payment after short delay,Automatic retry,1
TXN01763,CUST1348,2114.53,UPI,Travel,41,7,0,Timeout,1,32.8,0,8,1,1929.68,0.7174671830949809,HIGH,Retry payment after short delay,Automatic retry,1
TXN03152,CUST1419,2573.89,Net Banking,Travel,59,12,4,Bank Declined,1,22.9,0,2,1,2544.73,0.7173148121427859,HIGH,Suggest alternative payment method,Customer notification,1
TXN00528,CUST1451,7837.99,Card,Utilities,57,14,3,Authentication Failed,2,8.2,0,17,1,7255.9,0.7172753885289707,HIGH,Request customer authentication,Customer notification,1
TXN04598,CUST0974,8524.94,Wallet,Travel,39,11,7,Network Error,2,4.9,0,10,1,8452.26,0.7172048538091524,HIGH,Retry payment,Automatic retry,1
TXN00330,CUST0027,7365.44,Net Banking,Utilities,32,20,2,Network Error,3,49.1,0,10,1,7098.83,0.7171720771600846,HIGH,Retry payment,Automatic retry,1
TXN02049,CUST1473,620.49,Wallet,Utilities,29,12,4,Authentication Failed,1,2.1,0,6,1,579.38,0.7171013131224694,HIGH,Request customer authentication,Customer notification,1
TXN03026,CUST0842,9487.17,Net Banking,Entertainment,28,15,3,Network Error,2,41.8,0,5,1,9347.39,0.7169434778041673,HIGH,Retry payment,Automatic retry,1
TXN02967,CUST0250,9606.16,UPI,Travel,46,20,3,Bank Declined,3,13.0,0,23,1,8723.39,0.7169409487705846,HIGH,Suggest alternative payment method,Customer notification,1
TXN01182,CUST1157,9269.43,Net Banking,Travel,60,11,3,Bank Declined,1,6.9,0,2,1,8586.77,0.7168968985068689,HIGH,Suggest alternative payment method,Customer notification,1
TXN01326,CUST0452,2866.51,Wallet,Travel,18,16,0,Network Error,3,59.6,0,15,1,2768.2,0.7164935713347549,HIGH,Retry payment,Automatic retry,1
TXN00524,CUST0690,195.9,Net Banking,Entertainment,46,15,4,Authentication Failed,2,23.2,1,21,1,180.1,0.7164632155042527,HIGH,Request customer authentication,Customer notification,1
TXN00217,CUST1249,6776.56,Wallet,Shopping,9,11,2,Network Error,1,18.3,0,0,1,6624.02,0.7164092710454433,HIGH,Retry payment,Automatic retry,1
TXN00266,CUST0346,3026.98,Wallet,Travel,56,19,5,Bank Declined,2,2.6,0,13,1,2942.4,0.7163926849766727,HIGH,Suggest alternative payment method,Customer notification,1
TXN02129,CUST1032,9982.18,Card,Entertainment,51,9,1,Network Error,3,28.7,0,14,1,9250.79,0.7163214795206733,HIGH,Retry payment,Automatic retry,1
TXN04652,CUST0630,2374.05,UPI,Travel,29,20,0,Authentication Failed,2,68.4,1,7,1,2320.14,0.7162735595807724,HIGH,Request customer authentication,Customer notification,1
TXN04980,CUST1259,3250.06,Card,Food,27,15,2,Timeout,1,70.7,0,12,1,3070.8,0.7161847396369342,HIGH,Retry payment after short delay,Automatic retry,1
TXN01261,CUST0990,4217.03,Wallet,Utilities,59,20,2,Authentication Failed,3,24.1,0,13,1,4100.27,0.7160587770374085,HIGH,Request customer authentication,Customer notification,1
TXN01945,CUST0410,2436.37,Wallet,Entertainment,48,13,5,Network Error,1,67.5,0,20,1,2403.86,0.7157308262794285,HIGH,Retry payment,Automatic retry,1
TXN02660,CUST0664,4679.84,Card,Travel,37,9,7,Network Error,1,13.8,0,10,1,4630.94,0.715547965790632,HIGH,Retry payment,Automatic retry,1
TXN03750,CUST1255,1840.26,UPI,Travel,50,11,3,Bank Declined,1,12.0,0,6,1,1714.73,0.7155339260323808,HIGH,Suggest alternative payment method,Customer notification,1
TXN01339,CUST0147,779.62,UPI,Entertainment,9,5,2,Timeout,1,29.0,1,3,1,729.96,0.7152546117197696,HIGH,Retry payment after short delay,Automatic retry,1
TXN02322,CUST0242,875.19,Wallet,Utilities,38,11,6,Timeout,1,40.6,0,6,1,802.47,0.7151444943799138,HIGH,Retry payment after short delay,Automatic retry,1
TXN02751,CUST0256,989.24,Wallet,Food,14,12,5,Network Error,1,35.2,0,22,1,973.18,0.7145486473334409,HIGH,Retry payment,Automatic retry,1
TXN01070,CUST1344,1003.96,UPI,Travel,13,10,1,Timeout,2,29.8,0,9,1,988.79,0.7143822535962312,HIGH,Retry payment after short delay,Automatic retry,1
TXN04245,CUST0272,5838.36,Card,Utilities,50,20,7,Bank Declined,2,21.8,1,4,1,5523.31,0.7142946897501645,HIGH,Suggest alternative payment method,Customer notification,1
TXN03475,CUST0420,676.35,Net Banking,Food,40,8,4,Timeout,1,11.0,0,1,1,618.9,0.7137129819520313,HIGH,Retry payment after short delay,Automatic retry,1
TXN01703,CUST0816,8524.42,Net Banking,Shopping,32,18,1,Insufficient Balance,1,23.1,0,10,1,8213.09,0.7136230442047683,HIGH,Ask customer to add funds or use another method,Customer notification,1
TXN03922,CUST0784,7089.3,Wallet,Shopping,57,12,6,Bank Declined,1,18.9,0,6,1,6625.0,0.7136056545595527,HIGH,Suggest alternative payment method,Customer notification,1
TXN04596,CUST0823,7959.57,Net Banking,Food,23,19,4,Insufficient Balance,2,12.8,1,14,1,7745.45,0.7135850972413503,HIGH,Ask customer to add funds or use another method,Customer notification,1
TXN00170,CUST0557,9041.59,UPI,Travel,54,15,1,Timeout,3,42.0,0,12,1,8983.58,0.713529876739565,HIGH,Retry payment after short delay,Automatic retry,1
TXN01813,CUST1483,3019.96,Net Banking,Travel,47,19,2,Bank Declined,3,38.6,1,23,1,2722.75,0.7133420707673794,HIGH,Suggest alternative payment method,Customer notification,1
TXN03494,CUST0672,6575.37,Wallet,Utilities,33,16,2,Authentication Failed,2,14.5,0,10,1,6002.12,0.7130204815585901,HIGH,Request customer authentication,Customer notification,1
TXN00724,CUST1032,5575.81,UPI,Shopping,56,17,7,Insufficient Balance,1,68.7,1,2,1,5353.91,0.712516479984271,HIGH,Ask customer to add funds or use another method,Customer notification,1
TXN02288,CUST1400,4578.43,Card,Utilities,10,17,7,Timeout,1,65.2,0,3,1,4530.38,0.7120206916717002,HIGH,Retry payment after short delay,Automatic retry,1
TXN00854,CUST0081,5346.71,Card,Travel,31,17,2,Bank Declined,2,14.7,0,23,1,5065.14,0.7120034521497445,HIGH,Suggest alternative payment method,Customer notification,1
TXN03864,CUST1124,6341.13,Wallet,Food,30,15,4,Timeout,2,14.0,0,1,1,6316.16,0.7118675337793124,HIGH,Retry payment after short delay,Automatic retry,1
TXN03247,CUST1299,5218.36,Card,Utilities,25,14,6,Network Error,1,63.5,1,13,1,4952.55,0.7117563559613481,HIGH,Retry payment,Automatic retry,1
TXN02614,CUST0021,3678.72,Wallet,Utilities,42,7,0,Network Error,1,45.1,0,20,1,3677.93,0.7117474375076697,HIGH,Retry payment,Automatic retry,1
TXN04107,CUST1197,7509.22,Net Banking,Shopping,28,11,4,Network Error,1,45.1,1,2,1,6782.86,0.7115252499649815,HIGH,Retry payment,Automatic retry,1
TXN01169,CUST0218,7675.42,Wallet,Utilities,35,14,1,Network Error,2,45.6,0,12,1,6938.58,0.7114677026854801,HIGH,Retry payment,Automatic retry,1
TXN03280,CUST0068,7083.03,Net Banking,Shopping,55,11,2,Network Error,2,13.8,0,6,1,6587.83,0.7113645891987379,HIGH,Retry payment,Automatic retry,1
TXN01283,CUST0502,116.27,UPI,Food,11,12,4,Timeout,2,41.6,1,12,1,113.52,0.7112077020462251,HIGH,Retry payment after short delay,Automatic retry,1
TXN03866,CUST0898,3798.05,Wallet,Shopping,28,14,0,Authentication Failed,1,71.7,0,8,1,3673.9,0.711034319584339,HIGH,Request customer authentication,Customer notification,1
TXN00606,CUST0891,7703.25,Wallet,Food,50,19,4,Insufficient Balance,2,32.2,1,14,1,7474.37,0.7108923785369453,HIGH,Ask customer to add funds or use another method,Customer notification,1
TXN02534,CUST0642,2249.32,UPI,Travel,52,6,3,Timeout,1,4.9,0,21,1,2051.16,0.7107795865566957,HIGH,Retry payment after short delay,Automatic retry,1
TXN04341,CUST1119,7521.03,Card,Travel,37,20,3,Bank Declined,2,31.5,0,16,1,7269.23,0.7106766480468252,HIGH,Suggest alternative payment method,Customer notification,1
TXN01433,CUST0149,5564.17,Wallet,Travel,42,16,0,Authentication Failed,1,27.2,0,18,0,0.0,0.7102068105650143,HIGH,Request customer authentication,Customer notification,0
TXN01800,CUST1123,1397.48,UPI,Food,3,17,6,Bank Declined,1,31.8,0,18,1,1356.47,0.7101908902220093,HIGH,Suggest alternative payment method,Customer notification,1
TXN04727,CUST0832,9383.64,UPI,Utilities,49,16,6,Network Error,2,18.1,0,4,1,9057.45,0.7101855654516183,HIGH,Retry payment,Automatic retry,1
TXN00292,CUST0104,7130.31,Wallet,Shopping,54,4,2,Network Error,2,23.1,1,1,1,6792.97,0.7101417742676837,HIGH,Retry payment,Automatic retry,1
TXN02177,CUST0494,5770.33,UPI,Shopping,27,14,0,Bank Declined,1,41.1,0,12,1,5358.28,0.710069313121391,HIGH,Suggest alternative payment method,Customer notification,1
TXN01424,CUST0130,6995.96,Card,Travel,25,16,4,Timeout,1,64.9,0,11,1,6672.52,0.7099389094743952,HIGH,Retry payment after short delay,Automatic retry,1
TXN02764,CUST0283,112.55,Wallet,Entertainment,40,7,3,Timeout,2,6.7,0,5,1,105.25,0.7095344686601781,HIGH,Retry payment after short delay,Automatic retry,1
TXN00522,CUST1499,2215.61,Wallet,Shopping,33,13,2,Authentication Failed,1,59.2,1,1,1,2020.11,0.7094497810598156,HIGH,Request customer authentication,Customer notification,1
TXN01476,CUST1459,8778.48,Net Banking,Food,15,20,1,Insufficient Balance,3,41.5,0,3,1,8196.27,0.709356407145651,HIGH,Ask customer to add funds or use another method,Customer notification,1
TXN02522,CUST0672,1426.85,Net Banking,Food,22,12,1,Authentication Failed,2,19.3,0,11,1,1325.81,0.7092787342144758,HIGH,Request customer authentication,Customer notification,1
TXN02644,CUST1197,6756.38,UPI,Shopping,18,19,1,Network Error,3,67.0,0,2,1,6134.71,0.7091623336555941,HIGH,Retry payment,Automatic retry,1
TXN00343,CUST1073,4167.49,Card,Travel,39,16,2,Bank Declined,2,21.8,1,1,1,3943.43,0.7090781164855038,HIGH,Suggest alternative payment method,Customer notification,1
TXN01254,CUST0342,2630.83,Wallet,Travel,17,10,0,Timeout,3,12.8,1,7,1,2441.76,0.7086563861023701,HIGH,Retry payment after short delay,Automatic retry,1
TXN03701,CUST0648,9842.78,Wallet,Food,28,19,2,Insufficient Balance,1,68.0,0,17,1,8915.34,0.7086530827201407,HIGH,Ask customer to add funds or use another method,Customer notification,1
TXN01944,CUST0022,7530.92,Card,Shopping,39,18,6,Bank Declined,1,32.4,1,4,1,7482.38,0.7085251093255137,HIGH,Suggest alternative payment method,Customer notification,1
TXN04130,CUST1115,8339.17,UPI,Shopping,52,12,1,Bank Declined,3,8.7,0,23,1,8191.05,0.7084160383320597,HIGH,Suggest alternative payment method,Customer notification,1
TXN03370,CUST1214,9583.33,Net Banking,Travel,36,10,6,Network Error,3,38.8,1,13,1,8695.03,0.7083742881408476,HIGH,Retry payment,Automatic retry,1
TXN00218,CUST0385,7652.64,Wallet,Food,21,15,5,Authentication Failed,1,47.1,1,12,1,7429.15,0.7083475279184767,HIGH,Request customer authentication,Customer notification,1
TXN02699,CUST0119,6419.67,UPI,Food,42,17,4,Insufficient Balance,3,0.7,1,18,1,6007.2,0.7083292641460546,HIGH,Ask customer to add funds or use another method,Customer notification,1
TXN01050,CUST0898,2619.95,UPI,Utilities,46,15,5,Insufficient Balance,1,16.1,0,13,1,2468.27,0.7081327478759357,HIGH,Ask customer to add funds or use another method,Customer notification,1
TXN00859,CUST0184,8799.82,Wallet,Utilities,40,20,7,Authentication Failed,3,4.7,0,17,1,8138.79,0.7074815328308123,HIGH,Request customer authentication,Customer notification,1
TXN02158,CUST1328,9812.34,Card,Utilities,26,20,6,Authentication Failed,3,50.2,1,3,1,9415.25,0.7073219919619058,HIGH,Request customer authentication,Customer notification,1
TXN03069,CUST0774,2938.99,Net Banking,Food,19,14,1,Authentication Failed,1,40.4,0,9,1,2737.97,0.707251524880634,HIGH,Request customer authentication,Customer notification,1
TXN01502,CUST0778,4365.5,UPI,Shopping,31,11,3,Authentication Failed,1,17.5,0,6,1,4147.33,0.7071508958028678,HIGH,Request customer authentication,Customer notification,1
TXN02378,CUST0428,1521.85,Card,Travel,31,7,6,Network Error,1,23.8,0,16,1,1496.11,0.7065654764557224,HIGH,Retry payment,Automatic retry,1
TXN01239,CUST0177,3328.47,Wallet,Entertainment,45,11,3,Timeout,2,65.9,1,0,1,3258.08,0.7063103234178891,HIGH,Retry payment after short delay,Automatic retry,1
TXN04147,CUST0733,7086.03,UPI,Food,37,1,0,Authentication Failed,1,30.6,1,13,1,6552.21,0.7055187161793073,HIGH,Request customer authentication,Customer notification,1
TXN04249,CUST0443,2795.63,Net Banking,Entertainment,4,13,5,Network Error,1,37.1,0,4,1,2569.03,0.7055137164075699,HIGH,Retry payment,Automatic retry,1
TXN03003,CUST1017,7108.62,Wallet,Shopping,36,14,4,Timeout,1,49.9,0,13,1,6810.53,0.705498484824548,HIGH,Retry payment after short delay,Automatic retry,1
TXN03960,CUST0157,1372.94,Card,Shopping,60,0,5,Timeout,1,42.6,1,23,1,1281.84,0.7054435052592355,HIGH,Retry payment after short delay,Automatic retry,1
TXN04567,CUST0568,1109.33,Card,Food,17,2,0,Insufficient Balance,1,8.8,1,0,1,1025.2,0.7053837601749697,HIGH,Ask customer to add funds or use another method,Customer notification,1
TXN00346,CUST1244,919.07,Net Banking,Shopping,1,18,1,Authentication Failed,3,34.7,0,16,1,884.96,0.7052601876245032,HIGH,Request customer authentication,Customer notification,1
TXN00670,CUST1082,4039.05,Card,Utilities,57,7,0,Bank Declined,2,0.5,0,10,1,4027.95,0.704871710305606,HIGH,Suggest alternative payment method,Customer notification,1
TXN02977,CUST1172,1343.59,Wallet,Utilities,39,17,7,Authentication Failed,1,60.7,1,13,1,1267.14,0.7047740515141602,HIGH,Request customer authentication,Customer notification,1
TXN01209,CUST1455,911.46,UPI,Shopping,47,8,5,Network Error,1,7.4,0,11,1,828.6,0.7047526073112259,HIGH,Retry payment,Automatic retry,1
TXN01111,CUST1203,8648.45,Wallet,Entertainment,2,13,0,Bank Declined,1,55.0,0,12,1,8430.27,0.7046727491073146,HIGH,Suggest alternative payment method,Customer notification,1
TXN01859,CUST1017,1969.06,Card,Entertainment,7,20,7,Timeout,3,51.1,0,4,1,1959.09,0.7039101994959474,HIGH,Retry payment after short delay,Automatic retry,1
TXN04413,CUST1498,1271.79,Card,Food,46,5,3,Network Error,1,25.4,1,13,1,1178.12,0.7038818292270139,HIGH,Retry payment,Automatic retry,1
TXN02162,CUST1010,7025.39,UPI,Food,32,10,3,Network Error,3,7.1,0,20,1,6879.28,0.703711283404384,HIGH,Retry payment,Automatic retry,1
TXN00610,CUST0569,6687.12,Card,Food,53,7,2,Network Error,3,7.7,1,23,1,6251.26,0.703611792177577,HIGH,Retry payment,Automatic retry,1
TXN00727,CUST0676,6696.05,Wallet,Food,40,17,3,Insufficient Balance,1,29.1,0,21,1,6101.97,0.7035156978725614,HIGH,Ask customer to add funds or use another method,Customer notification,1
TXN04023,CUST1318,9963.34,Net Banking,Utilities,38,9,0,Network Error,3,44.9,0,18,1,9382.12,0.703171671467655,HIGH,Retry payment,Automatic retry,1
TXN03286,CUST1040,7482.76,Card,Travel,12,9,5,Network Error,1,60.7,1,19,1,6934.11,0.7031434263711792,HIGH,Retry payment,Automatic retry,1
TXN01566,CUST0814,5880.8,Card,Entertainment,52,11,0,Authentication Failed,2,18.1,0,9,1,5623.28,0.7029767110318508,HIGH,Request customer authentication,Customer notification,1
TXN04395,CUST0404,8154.8,Wallet,Shopping,57,19,7,Authentication Failed,2,0.9,0,12,1,7704.15,0.7029179031539524,HIGH,Request customer authentication,Customer notification,1
TXN03118,CUST0990,356.37,Wallet,Food,10,18,4,Authentication Failed,1,57.1,1,22,1,349.64,0.7028502216019765,HIGH,Request customer authentication,Customer notification,1
TXN04777,CUST0942,7342.88,UPI,Travel,13,20,3,Authentication Failed,1,7.0,0,13,0,0.0,0.7028352318835072,HIGH,Request customer authentication,Customer notification,0
TXN04422,CUST0208,8830.84,Card,Utilities,13,16,4,Network Error,1,69.4,0,8,1,8499.16,0.7028179413119999,HIGH,Retry payment,Automatic retry,1
TXN03375,CUST0865,639.67,Net Banking,Shopping,58,18,3,Authentication Failed,2,58.3,0,10,1,602.57,0.7026278350066932,HIGH,Request customer authentication,Customer notification,1
TXN02442,CUST0749,623.78,Card,Food,4,17,4,Insufficient Balance,1,35.8,0,19,1,594.59,0.7026145021141346,HIGH,Ask customer to add funds or use another method,Customer notification,1
TXN03064,CUST1278,6116.09,UPI,Entertainment,56,18,1,Bank Declined,1,61.4,0,2,1,5755.62,0.7025995625103775,HIGH,Suggest alternative payment method,Customer notification,1
TXN02552,CUST0764,6033.65,Wallet,Utilities,42,19,2,Bank Declined,1,50.2,0,10,1,5975.05,0.7025817861562321,HIGH,Suggest alternative payment method,Customer notification,1
TXN00276,CUST1184,3534.17,UPI,Entertainment,41,20,1,Authentication Failed,3,27.2,0,4,1,3412.61,0.702290567686963,HIGH,Request customer authentication,Customer notification,1
TXN04070,CUST0848,2610.79,Wallet,Food,24,14,4,Authentication Failed,1,15.3,0,15,1,2595.55,0.7018437477283476,HIGH,Request customer authentication,Customer notification,1
TXN03095,CUST0828,1243.51,Card,Travel,25,18,5,Network Error,3,48.9,0,3,1,1167.46,0.7017416794318165,HIGH,Retry payment,Automatic retry,1
TXN03447,CUST0771,8559.11,UPI,Entertainment,43,10,7,Network Error,3,19.5,0,22,1,7745.18,0.7015560161635018,HIGH,Retry payment,Automatic retry,1
TXN04338,CUST0891,2375.08,UPI,Entertainment,38,11,0,Insufficient Balance,1,5.1,1,21,1,2187.53,0.7014245889959034,HIGH,Ask customer to add funds or use another method,Customer notification,1
TXN04761,CUST0505,6921.1,UPI,Utilities,23,18,3,Authentication Failed,2,30.2,0,17,1,6723.77,0.7012768737334071,HIGH,Request customer authentication,Customer notification,1
TXN02601,CUST0703,8042.27,UPI,Food,42,18,7,Authentication Failed,1,45.1,0,19,1,7268.26,0.7012176852187031,HIGH,Request customer authentication,Customer notification,1
TXN04850,CUST0925,9042.68,UPI,Entertainment,18,15,6,Timeout,3,16.7,0,11,1,8150.58,0.7011852684872464,HIGH,Retry payment after short delay,Automatic retry,1
TXN04165,CUST0405,7886.61,Wallet,Food,26,8,0,Authentication Failed,1,36.7,0,8,1,7471.39,0.7010915561629933,HIGH,Request customer authentication,Customer notification,1
TXN00419,CUST1366,6517.54,Wallet,Shopping,43,0,0,Network Error,2,51.1,1,22,1,6085.02,0.7008978783660883,HIGH,Retry payment,Automatic retry,1
TXN02882,CUST0113,935.27,UPI,Entertainment,37,12,2,Bank Declined,1,41.6,1,12,1,845.97,0.7008259973927348,HIGH,Suggest alternative payment method,Customer notification,1
TXN00573,CUST0037,8290.83,Card,Utilities,35,18,5,Insufficient Balance,2,12.1,0,4,1,7987.51,0.7007334406343992,HIGH,Ask customer to add funds or use another method,Customer notification,1
TXN01734,CUST0017,8402.23,UPI,Shopping,45,10,2,Timeout,3,8.9,0,15,1,8254.6,0.700595245361092,HIGH,Retry payment after short delay,Automatic retry,1
TXN02292,CUST0141,959.15,UPI,Entertainment,52,20,0,Timeout,2,28.5,0,15,0,0.0,0.7005017883463664,HIGH,Retry payment after short delay,Automatic retry,0
TXN00358,CUST0181,6207.75,Wallet,Entertainment,24,7,0,Timeout,1,33.5,0,17,1,5903.82,0.7004199025938941,HIGH,Retry payment after short delay,Automatic retry,1
TXN00875,CUST0095,6817.06,Card,Entertainment,16,20,0,Insufficient Balance,3,43.8,0,4,1,6275.47,0.6999874899187719,HIGH,Ask customer to add funds or use another method,Customer notification,1
TXN01555,CUST0311,3163.19,Net Banking,Utilities,54,14,5,Authentication Failed,1,47.7,0,0,1,3121.44,0.6999660961900775,HIGH,Request customer authentication,Customer notification,1
TXN01783,CUST1251,2380.83,Card,Utilities,50,16,1,Insufficient Balance,3,1.0,1,1,1,2280.15,0.6998196752740646,HIGH,Ask customer to add funds or use another method,Customer notification,1
TXN02002,CUST1141,8166.46,Card,Food,42,10,2,Timeout,2,44.1,0,13,1,7449.1,0.6993946601450842,HIGH,Retry payment after short delay,Automatic retry,1
TXN03468,CUST0921,7676.18,Net Banking,Entertainment,15,19,1,Insufficient Balance,2,35.5,0,10,1,7086.1,0.6991588701684571,HIGH,Ask customer to add funds or use another method,Customer notification,1
TXN02481,CUST0578,3651.68,Net Banking,Utilities,57,14,6,Insufficient Balance,1,14.2,0,13,1,3424.58,0.6991537123164595,HIGH,Ask customer to add funds or use another method,Customer notification,1
TXN01785,CUST0381,3756.61,Net Banking,Food,38,9,5,Network Error,2,17.5,1,3,1,3690.16,0.6988076739235245,HIGH,Retry payment,Automatic retry,1
TXN02990,CUST1155,3933.74,Wallet,Shopping,6,10,4,Timeout,1,65.2,1,23,1,3753.61,0.6987865337555036,HIGH,Retry payment after short delay,Automatic retry,1
TXN04758,CUST1097,3572.3,Net Banking,Travel,20,11,5,Network Error,2,19.6,0,7,1,3501.88,0.6982877982678122,HIGH,Retry payment,Automatic retry,1
TXN03248,CUST0284,5342.77,Wallet,Food,60,2,6,Network Error,3,69.0,1,15,1,5336.29,0.6981120201043496,HIGH,Retry payment,Automatic retry,1
TXN02760,CUST0541,9214.22,Net Banking,Food,48,12,6,Network Error,2,59.0,1,8,1,8943.6,0.697811044911002,HIGH,Retry payment,Automatic retry,1
TXN01640,CUST1169,2885.37,Net Banking,Food,6,13,0,Authentication Failed,3,20.6,0,12,1,2871.13,0.6977273879959582,HIGH,Request customer authentication,Customer notification,1
TXN04038,CUST1185,7018.45,UPI,Utilities,38,19,4,Authentication Failed,2,36.2,0,21,1,6543.68,0.6973868924178737,HIGH,Request customer authentication,Customer notification,1
TXN01214,CUST1460,8610.83,Wallet,Utilities,6,16,7,Network Error,1,53.1,0,0,1,8372.71,0.6972520571072797,HIGH,Retry payment,Automatic retry,1
TXN02010,CUST1395,2278.89,Card,Food,34,3,0,Timeout,2,1.4,0,5,1,2155.95,0.6970823948916356,HIGH,Retry payment after short delay,Automatic retry,1
TXN04087,CUST0093,9317.79,UPI,Travel,6,19,3,Insufficient Balance,3,7.0,0,6,1,9037.21,0.6967143513533196,HIGH,Ask customer to add funds or use another method,Customer notification,1
TXN01349,CUST1023,4442.61,Wallet,Food,17,18,6,Authentication Failed,1,26.4,0,10,1,4308.44,0.6966723939924385,HIGH,Request customer authentication,Customer notification,1
TXN04094,CUST1279,3903.19,Card,Utilities,19,14,3,Authentication Failed,3,16.3,1,20,1,3684.57,0.696634002635275,HIGH,Request customer authentication,Customer notification,1
TXN00706,CUST1329,9250.12,UPI,Shopping,28,18,0,Timeout,2,15.5,0,4,0,0.0,0.6966020434926056,HIGH,Retry payment after short delay,Automatic retry,0
TXN01547,CUST0722,1469.85,Card,Food,38,11,7,Timeout,1,23.3,0,2,1,1436.07,0.6964101564237479,HIGH,Retry payment after short delay,Automatic retry,1
TXN02791,CUST0515,797.01,UPI,Entertainment,26,10,1,Bank Declined,1,12.4,0,14,1,722.58,0.6960342789518098,HIGH,Suggest alternative payment method,Customer notification,1
TXN03983,CUST0362,6200.92,Wallet,Shopping,31,0,0,Bank Declined,1,8.5,1,0,1,5861.44,0.6958642389208073,HIGH,Suggest alternative payment method,Customer notification,1
TXN02155,CUST1171,9321.64,UPI,Utilities,8,15,1,Network Error,3,65.4,1,5,1,9285.65,0.6958093615270599,HIGH,Retry payment,Automatic retry,1
TXN01994,CUST1406,3870.81,UPI,Food,10,17,5,Bank Declined,1,30.8,0,23,1,3735.94,0.6955684292203489,HIGH,Suggest alternative payment method,Customer notification,1
TXN04293,CUST1332,8084.31,Wallet,Utilities,54,19,5,Bank Declined,1,47.9,0,12,1,7377.15,0.6953747193130705,HIGH,Suggest alternative payment method,Customer notification,1
TXN03756,CUST1427,7599.73,Net Banking,Travel,44,15,1,Authentication Failed,2,34.7,0,5,1,7411.23,0.6952947445627256,HIGH,Request customer authentication,Customer notification,1
TXN00210,CUST1105,7628.2,Card,Travel,60,0,1,Network Error,3,33.5,1,12,1,7346.89,0.6952323863795036,HIGH,Retry payment,Automatic retry,1
TXN04986,CUST1149,9087.94,UPI,Food,18,13,4,Network Error,2,2.2,0,12,1,9041.03,0.6951884446794041,HIGH,Retry payment,Automatic retry,1
TXN02871,CUST0542,3692.37,Card,Food,54,19,1,Network Error,1,49.2,0,4,0,0.0,0.6951875927846103,HIGH,Retry payment,Automatic retry,0
TXN03359,CUST1448,2621.15,Wallet,Entertainment,46,15,6,Authentication Failed,1,35.5,0,6,1,2470.04,0.695161662697564,HIGH,Request customer authentication,Customer notification,1
TXN01080,CUST0005,2610.77,Card,Utilities,60,13,3,Timeout,3,21.0,0,10,1,2454.36,0.6948278239065067,HIGH,Retry payment after short delay,Automatic retry,1
TXN02909,CUST0500,8695.21,Wallet,Utilities,32,10,1,Network Error,3,29.9,0,9,1,8130.54,0.6944266566657129,HIGH,Retry payment,Automatic retry,1
TXN04581,CUST0063,2792.83,UPI,Entertainment,24,17,3,Insufficient Balance,1,9.9,0,21,1,2582.19,0.6943160171148176,HIGH,Ask customer to add funds or use another method,Customer notification,1
TXN02409,CUST0670,4551.8,Wallet,Food,45,16,4,Bank Declined,1,26.7,0,9,1,4344.37,0.6941826418994448,HIGH,Suggest alternative payment method,Customer notification,1
TXN02059,CUST0270,5230.97,UPI,Travel,54,14,0,Timeout,3,67.5,0,16,1,4866.89,0.6941373956658232,HIGH,Retry payment after short delay,Automatic retry,1
TXN01218,CUST0575,2025.9,Card,Food,25,17,1,Authentication Failed,2,18.6,0,20,0,0.0,0.6937998692823538,HIGH,Request customer authentication,Customer notification,0
TXN04728,CUST1341,1003.39,Card,Entertainment,25,15,6,Authentication Failed,1,24.2,0,3,1,960.65,0.6936780469304135,HIGH,Request customer authentication,Customer notification,1
TXN01819,CUST0021,4325.9,Wallet,Utilities,44,15,7,Authentication Failed,1,57.8,0,7,1,4112.75,0.6935272387236061,HIGH,Request customer authentication,Customer notification,1
TXN01044,CUST0259,6593.44,Net Banking,Entertainment,5,19,2,Insufficient Balance,1,57.0,0,12,1,6112.78,0.6935221275623213,HIGH,Ask customer to add funds or use another method,Customer notification,1
TXN00110,CUST0648,1075.97,Wallet,Utilities,38,13,2,Bank Declined,1,28.8,0,8,1,1022.84,0.6935187251394342,HIGH,Suggest alternative payment method,Customer notification,1
TXN02595,CUST0164,9038.39,Net Banking,Utilities,25,12,6,Timeout,1,32.6,1,16,1,8165.77,0.6933599294699819,HIGH,Retry payment after short delay,Automatic retry,1
TXN01790,CUST1057,5814.44,Net Banking,Food,53,6,0,Bank Declined,1,55.8,1,12,1,5805.19,0.6931475979097107,HIGH,Suggest alternative payment method,Customer notification,1
TXN03049,CUST0376,2758.2,Net Banking,Food,52,12,3,Authentication Failed,3,3.0,1,5,1,2738.18,0.6930770023614989,HIGH,Request customer authentication,Customer notification,1
TXN03530,CUST0926,9038.01,Wallet,Utilities,57,14,0,Insufficient Balance,2,16.2,1,22,1,8193.42,0.6930739869513022,HIGH,Ask customer to add funds or use another method,Customer notification,1
TXN03747,CUST0632,4906.43,Card,Food,33,19,3,Insufficient Balance,3,38.0,0,2,1,4743.85,0.6928263576775224,HIGH,Ask customer to add funds or use another method,Customer notification,1
TXN03729,CUST0375,6279.5,Net Banking,Food,60,15,3,Bank Declined,2,31.3,0,20,1,5849.26,0.6927565953155385,HIGH,Suggest alternative payment method,Customer notification,1
TXN03217,CUST0845,4346.3,Card,Shopping,15,9,1,Network Error,1,20.7,0,2,1,3965.77,0.6926943334253484,HIGH,Retry payment,Automatic retry,1
TXN04278,CUST1007,647.96,Wallet,Utilities,15,15,3,Authentication Failed,3,28.7,1,10,1,623.09,0.6923419295816974,HIGH,Request customer authentication,Customer notification,1
TXN03992,CUST0461,8889.94,Net Banking,Entertainment,52,10,2,Timeout,1,71.5,0,9,1,8304.3,0.6922652669131584,HIGH,Retry payment after short delay,Automatic retry,1
TXN02350,CUST0637,1855.78,Wallet,Entertainment,51,11,1,Authentication Failed,2,7.1,0,18,1,1767.67,0.6922231277867245,HIGH,Request customer authentication,Customer notification,1
TXN00478,CUST1100,3311.02,Card,Shopping,5,20,6,Authentication Failed,2,23.2,0,15,1,3043.6,0.6918270327687026,HIGH,Request customer authentication,Customer notification,1
TXN01632,CUST0727,505.25,Wallet,Entertainment,50,9,4,Network Error,2,4.7,0,12,1,487.49,0.6917441396276744,HIGH,Retry payment,Automatic retry,1
TXN04977,CUST0992,7636.63,Card,Food,48,11,4,Timeout,2,8.4,0,14,1,6964.72,0.691696365707758,HIGH,Retry payment after short delay,Automatic retry,1
TXN04972,CUST1439,115.69,Wallet,Entertainment,33,15,6,Network Error,2,68.7,0,23,1,115.52,0.6915796782146475,HIGH,Retry payment,Automatic retry,1
TXN03855,CUST0227,5519.32,Card,Food,54,8,1,Authentication Failed,1,6.1,0,4,1,5055.0,0.6915395516235633,HIGH,Request customer authentication,Customer notification,1
TXN03366,CUST0998,3715.76,Net Banking,Utilities,35,16,4,Bank Declined,1,19.1,0,11,1,3451.35,0.6908911696582243,HIGH,Suggest alternative payment method,Customer notification,1
TXN00828,CUST1253,6202.64,Card,Food,48,20,2,Bank Declined,2,37.4,0,8,1,5944.07,0.6908829559987743,HIGH,Suggest alternative payment method,Customer notification,1
TXN02859,CUST0162,3008.57,UPI,Shopping,13,19,5,Bank Declined,1,20.1,0,10,1,2950.88,0.690792844248474,HIGH,Suggest alternative payment method,Customer notification,1
TXN02450,CUST1204,2980.89,Net Banking,Travel,39,13,0,Authentication Failed,2,26.3,0,1,1,2814.22,0.6907572338646161,HIGH,Request customer authentication,Customer notification,1
TXN04059,CUST0154,6075.5,Wallet,Travel,7,16,3,Bank Declined,1,47.5,1,21,1,5679.45,0.6906342863315988,HIGH,Suggest alternative payment method,Customer notification,1
TXN01353,CUST1143,5416.71,Wallet,Travel,10,2,0,Network Error,1,54.3,1,8,1,5142.11,0.6905695297063843,HIGH,Retry payment,Automatic retry,1
TXN02182,CUST1303,6749.44,UPI,Travel,23,16,3,Timeout,1,28.4,0,18,0,0.0,0.6904856295033561,HIGH,Retry payment after short delay,Automatic retry,0
TXN00440,CUST0867,5230.93,Net Banking,Utilities,34,1,0,Network Error,3,11.7,1,20,1,4752.65,0.6903971848756906,HIGH,Retry payment,Automatic retry,1
TXN04723,CUST0205,5763.34,UPI,Shopping,5,16,4,Network Error,2,42.0,0,19,1,5347.56,0.6902237727718379,HIGH,Retry payment,Automatic retry,1
TXN00423,CUST1078,563.18,Card,Entertainment,20,17,3,Insufficient Balance,1,45.4,0,18,1,535.61,0.6902040229115446,HIGH,Ask customer to add funds or use another method,Customer notification,1
TXN01226,CUST0347,7951.32,Card,Food,43,2,7,Network Error,3,0.9,1,20,1,7384.58,0.689878474910773,HIGH,Retry payment,Automatic retry,1
TXN00352,CUST0099,1012.46,Card,Travel,22,9,4,Timeout,1,6.8,0,18,1,951.22,0.6897805760912967,HIGH,Retry payment after short delay,Automatic retry,1
TXN03923,CUST0465,2418.57,Wallet,Travel,4,19,4,Bank Declined,1,16.7,0,19,1,2263.39,0.6895314155758925,HIGH,Suggest alternative payment method,Customer notification,1
TXN01926,CUST1440,1127.19,Card,Utilities,56,12,2,Network Error,2,53.7,0,1,1,1031.43,0.6895018227965853,HIGH,Retry payment,Automatic retry,1
TXN01720,CUST0426,1633.09,Card,Food,31,17,3,Authentication Failed,3,29.9,0,22,1,1611.81,0.6894762877636588,HIGH,Request customer authentication,Customer notification,1
TXN01513,CUST0883,7473.77,UPI,Shopping,43,10,4,Timeout,2,36.6,0,23,1,6826.56,0.6891951729585497,HIGH,Retry payment after short delay,Automatic retry,1
TXN03733,CUST1212,9059.12,Card,Food,16,20,4,Insufficient Balance,3,50.8,1,17,1,9014.47,0.6891847588946459,HIGH,Ask customer to add funds or use another method,Customer notification,1
TXN00930,CUST0028,6290.77,Net Banking,Food,45,11,6,Network Error,2,26.6,0,21,1,6099.8,0.6890489394014742,HIGH,Retry payment,Automatic retry,1
TXN01894,CUST1334,835.91,Card,Entertainment,53,5,2,Network Error,2,7.5,0,13,1,802.44,0.6888964266298278,HIGH,Retry payment,Automatic retry,1
TXN04928,CUST1144,7068.74,UPI,Food,29,12,5,Bank Declined,1,7.9,0,3,1,6717.56,0.6887336584528778,HIGH,Suggest alternative payment method,Customer notification,1
TXN03266,CUST0465,2349.36,Net Banking,Utilities,13,9,3,Authentication Failed,1,28.6,1,5,1,2277.64,0.6885621448784365,HIGH,Request customer authentication,Customer notification,1
TXN02367,CUST0073,2117.18,Card,Food,40,12,4,Network Error,1,56.4,0,2,1,2012.75,0.688335685470621,HIGH,Retry payment,Automatic retry,1
TXN03741,CUST1314,4615.39,Net Banking,Food,45,6,2,Timeout,1,42.8,0,15,1,4341.55,0.6878799906310924,HIGH,Retry payment after short delay,Automatic retry,1
TXN04700,CUST1151,6195.69,Wallet,Entertainment,39,8,1,Network Error,2,53.9,1,23,1,6076.58,0.687829221517284,HIGH,Retry payment,Automatic retry,1
TXN02466,CUST0561,4619.44,Net Banking,Food,58,0,1,Timeout,2,38.5,1,16,1,4529.14,0.6876732205723357,HIGH,Retry payment after short delay,Automatic retry,1
TXN04218,CUST0212,8098.59,Net Banking,Utilities,35,13,5,Timeout,1,67.8,0,1,1,7642.84,0.6874974560148902,HIGH,Retry payment after short delay,Automatic retry,1
TXN02711,CUST1312,4095.9,Wallet,Entertainment,25,13,6,Network Error,2,15.6,0,21,1,3808.5,0.6874921301407061,HIGH,Retry payment,Automatic retry,1
TXN00645,CUST0339,3305.81,Net Banking,Food,47,5,3,Timeout,1,31.2,0,23,1,3280.18,0.6873997140960604,HIGH,Retry payment after short delay,Automatic retry,1
TXN01107,CUST1063,244.63,UPI,Shopping,57,16,6,Bank Declined,3,56.3,0,10,1,233.84,0.6873211164756923,HIGH,Suggest alternative payment method,Customer notification,1
TXN02398,CUST1288,3963.93,Net Banking,Utilities,13,20,2,Timeout,2,25.6,1,17,0,0.0,0.6872909848133035,HIGH,Retry payment after short delay,Automatic retry,0
TXN03147,CUST1396,5068.02,Card,Shopping,18,18,3,Authentication Failed,2,31.0,0,12,1,4788.37,0.686329590772777,HIGH,Request customer authentication,Customer notification,1
TXN02580,CUST0742,5256.73,UPI,Shopping,26,12,6,Network Error,1,32.6,0,22,1,5130.63,0.6861401799224176,HIGH,Retry payment,Automatic retry,1
TXN04876,CUST0650,8616.51,UPI,Shopping,4,20,2,Authentication Failed,3,63.8,1,14,1,7771.55,0.685918796077316,HIGH,Request customer authentication,Customer notification,1
TXN04656,CUST0465,5653.97,Net Banking,Entertainment,3,14,2,Insufficient Balance,1,38.9,1,0,1,5445.83,0.6858928468547261,HIGH,Ask customer to add funds or use another method,Customer notification,1
TXN04116,CUST0601,8570.33,Net Banking,Shopping,51,14,7,Authentication Failed,1,36.7,1,18,1,8066.7,0.6857862857239049,HIGH,Request customer authentication,Customer notification,1
TXN01823,CUST1477,8752.74,Card,Travel,33,12,6,Network Error,3,37.6,0,0,1,8392.05,0.6857248632851146,HIGH,Retry payment,Automatic retry,1
TXN04544,CUST1188,6193.36,Wallet,Travel,28,19,3,Authentication Failed,3,3.4,0,16,1,6081.97,0.6856232174088244,HIGH,Request customer authentication,Customer notification,1
TXN01172,CUST1234,6451.53,Wallet,Shopping,20,9,2,Network Error,2,9.1,0,8,1,6061.48,0.6855921413651557,HIGH,Retry payment,Automatic retry,1
TXN04160,CUST0199,3805.63,Wallet,Travel,55,9,2,Authentication Failed,1,6.9,0,3,1,3737.27,0.6854603776011879,HIGH,Request customer authentication,Customer notification,1
TXN04979,CUST0207,8888.47,Net Banking,Entertainment,7,15,5,Timeout,1,47.4,0,7,1,8648.55,0.6854539265974143,HIGH,Retry payment after short delay,Automatic retry,1
TXN02029,CUST0375,4379.09,Card,Travel,56,10,4,Authentication Failed,1,59.4,1,17,1,4321.99,0.6851909500605932,HIGH,Request customer authentication,Customer notification,1
TXN01010,CUST0468,265.09,Net Banking,Utilities,46,6,1,Network Error,3,62.7,1,15,1,259.88,0.6851668328483718,HIGH,Retry payment,Automatic retry,1
TXN02109,CUST0126,3225.86,Net Banking,Entertainment,60,4,7,Authentication Failed,1,8.2,1,21,1,3014.09,0.6849189508328188,HIGH,Request customer authentication,Customer notification,1
TXN01933,CUST1342,235.25,Net Banking,Entertainment,55,12,0,Authentication Failed,2,49.2,0,9,1,220.69,0.6848299066936561,HIGH,Request customer authentication,Customer notification,1
TXN04253,CUST0521,5738.26,Card,Travel,50,16,0,Authentication Failed,2,48.6,0,20,1,5232.34,0.6846654388712846,HIGH,Request customer authentication,Customer notification,1
TXN00874,CUST0848,2032.45,Net Banking,Travel,17,19,6,Bank Declined,2,17.1,1,2,1,1965.16,0.6846151208338944,HIGH,Suggest alternative payment method,Customer notification,1
TXN01308,CUST0443,2403.1,Card,Entertainment,27,2,1,Bank Declined,1,30.9,1,5,1,2386.2,0.6845076550140429,HIGH,Suggest alternative payment method,Customer notification,1
TXN02674,CUST0442,7374.12,Net Banking,Food,18,18,3,Bank Declined,2,17.8,1,6,1,6704.78,0.6843944607381574,HIGH,Suggest alternative payment method,Customer notification,1
TXN02867,CUST0406,1719.8,Card,Shopping,60,5,6,Network Error,3,17.7,1,5,1,1649.82,0.6843738720621795,HIGH,Retry payment,Automatic retry,1
TXN01105,CUST0821,7177.51,Net Banking,Shopping,35,3,3,Network Error,2,16.8,1,20,1,6914.23,0.6840635513707686,HIGH,Retry payment,Automatic retry,1
TXN04045,CUST1276,7282.23,Net Banking,Utilities,47,17,3,Authentication Failed,2,51.4,1,16,1,7124.09,0.6837110285655271,HIGH,Request customer authentication,Customer notification,1
TXN00460,CUST1082,6614.74,Net Banking,Entertainment,53,13,0,Authentication Failed,1,41.8,0,15,0,0.0,0.6835463881810634,HIGH,Request customer authentication,Customer notification,0
TXN01567,CUST0029,2149.24,Card,Food,1,20,7,Bank Declined,2,5.0,0,20,1,2062.22,0.6835236430743905,HIGH,Suggest alternative payment method,Customer notification,1
TXN02593,CUST0173,6200.21,UPI,Shopping,18,20,4,Bank Declined,1,37.8,0,22,1,6190.09,0.6833650524542569,HIGH,Suggest alternative payment method,Customer notification,1
TXN04702,CUST0118,4101.07,UPI,Food,58,18,4,Bank Declined,3,42.3,0,17,1,3899.24,0.6831518333687521,HIGH,Suggest alternative payment method,Customer notification,1
TXN00273,CUST0254,4610.63,Card,Travel,31,18,1,Insufficient Balance,1,39.6,0,4,1,4199.89,0.6830199359916277,HIGH,Ask customer to add funds or use another method,Customer notification,1
TXN04057,CUST0870,2789.9,Wallet,Utilities,47,16,4,Bank Declined,2,35.3,1,2,1,2594.72,0.6826592744857517,HIGH,Suggest alternative payment method,Customer notification,1
TXN01998,CUST0947,9866.23,UPI,Travel,49,12,6,Timeout,2,49.3,0,13,1,9419.34,0.6825587046687569,HIGH,Retry payment after short delay,Automatic retry,1
TXN00206,CUST1410,163.71,Wallet,Travel,46,4,3,Authentication Failed,1,38.4,1,15,1,147.83,0.6821481575965381,HIGH,Request customer authentication,Customer notification,1
TXN04455,CUST0508,2824.84,Net Banking,Entertainment,58,9,3,Network Error,1,61.4,0,21,1,2697.21,0.682124495240636,HIGH,Retry payment,Automatic retry,1
TXN02303,CUST0682,4366.74,Wallet,Shopping,25,8,0,Authentication Failed,1,31.2,0,18,1,4296.23,0.6816308300937061,HIGH,Request customer authentication,Customer notification,1
TXN00254,CUST0489,4368.01,Net Banking,Shopping,14,16,1,Timeout,3,55.6,0,8,1,4198.36,0.6812405783443651,HIGH,Retry payment after short delay,Automatic retry,1
TXN01183,CUST0888,8726.02,Wallet,Utilities,4,12,7,Timeout,1,33.4,0,12,1,8629.78,0.6811871073788174,HIGH,Retry payment after short delay,Automatic retry,1
TXN00019,CUST0770,6353.27,Card,Travel,15,20,3,Bank Declined,2,8.6,0,6,1,5854.16,0.6809240453241385,HIGH,Suggest alternative payment method,Customer notification,1
TXN04885,CUST0371,3476.83,UPI,Food,58,19,4,Authentication Failed,3,39.0,0,18,1,3150.69,0.680637236075858,HIGH,Request customer authentication,Customer notification,1
TXN03989,CUST1325,5318.77,Wallet,Travel,6,5,1,Network Error,1,14.5,0,10,1,4957.02,0.6806001722677195,HIGH,Retry payment,Automatic retry,1
TXN04921,CUST0575,4757.69,Card,Utilities,48,16,6,Authentication Failed,1,54.3,0,2,1,4474.38,0.6803646642903861,HIGH,Request customer authentication,Customer notification,1
TXN03775,CUST1012,8734.4,Wallet,Entertainment,31,14,3,Authentication Failed,3,20.4,1,11,1,7960.34,0.6802148985116192,HIGH,Request customer authentication,Customer notification,1
TXN01556,CUST0739,9373.57,Wallet,Entertainment,24,7,4,Timeout,1,24.4,0,6,1,9158.15,0.6801790710046467,HIGH,Retry payment after short delay,Automatic retry,1
TXN02453,CUST1490,107.4,Wallet,Travel,50,3,4,Timeout,1,14.7,0,20,1,107.17,0.6797246421464558,HIGH,Retry payment after short delay,Automatic retry,1
TXN03129,CUST0670,8205.59,Card,Food,58,17,5,Bank Declined,3,22.2,0,17,1,8017.44,0.6797134493211329,HIGH,Suggest alternative payment method,Customer notification,1
TXN01287,CUST1246,8634.55,Card,Entertainment,39,13,3,Authentication Failed,1,37.5,0,18,1,8171.02,0.6796447480438194,HIGH,Request customer authentication,Customer notification,1
TXN03076,CUST0709,401.53,Wallet,Travel,10,11,7,Network Error,3,31.6,0,12,1,395.4,0.6796338378142188,HIGH,Retry payment,Automatic retry,1
TXN03758,CUST1337,8877.49,Card,Shopping,56,17,0,Authentication Failed,3,53.2,0,21,1,8774.3,0.6794522853676108,HIGH,Request customer authentication,Customer notification,1
TXN02460,CUST1340,8334.07,Net Banking,Utilities,23,13,1,Authentication Failed,3,30.2,0,1,1,7917.75,0.6794269993497478,HIGH,Request customer authentication,Customer notification,1
TXN02331,CUST0662,8769.28,Card,Food,36,16,4,Insufficient Balance,2,42.5,1,1,1,7988.7,0.6792530313244207,HIGH,Ask customer to add funds or use another method,Customer notification,1
TXN04407,CUST0518,6834.35,Card,Food,9,17,0,Bank Declined,2,56.1,1,21,1,6677.29,0.6792139396148771,HIGH,Suggest alternative payment method,Customer notification,1
TXN00008,CUST0122,4992.06,UPI,Shopping,57,10,0,Authentication Failed,1,22.0,1,14,0,0.0,0.6788726287749366,HIGH,Request customer authentication,Customer notification,0
TXN01959,CUST1267,3948.81,Card,Entertainment,39,18,7,Timeout,3,60.4,1,5,1,3660.01,0.6786959324517321,HIGH,Retry payment after short delay,Automatic retry,1
TXN03071,CUST1460,2865.52,Net Banking,Entertainment,57,16,4,Authentication Failed,3,19.0,0,12,1,2649.67,0.6785976025447699,HIGH,Request customer authentication,Customer notification,1
TXN03154,CUST0943,1854.43,Net Banking,Entertainment,32,13,2,Authentication Failed,1,42.0,0,20,1,1823.97,0.6785769852252933,HIGH,Request customer authentication,Customer notification,1
TXN03098,CUST1292,9260.35,Wallet,Entertainment,57,16,5,Insufficient Balance,2,29.7,0,22,1,8480.71,0.6784859078911945,HIGH,Ask customer to add funds or use another method,Customer notification,1
TXN01060,CUST1119,4461.34,Net Banking,Food,27,10,2,Timeout,1,56.4,0,5,1,4346.91,0.6784613575661501,HIGH,Retry payment after short delay,Automatic retry,1
TXN01245,CUST0156,6333.32,Net Banking,Entertainment,18,16,2,Insufficient Balance,1,14.6,1,18,1,5877.14,0.6782737582609532,HIGH,Ask customer to add funds or use another method,Customer notification,1
TXN02071,CUST0886,621.93,UPI,Utilities,16,14,5,Timeout,3,50.2,1,14,1,579.23,0.6780083796605022,HIGH,Retry payment after short delay,Automatic retry,1
TXN00636,CUST0170,9444.89,Card,Shopping,56,12,5,Timeout,3,48.4,0,6,1,9371.38,0.6778647268667164,HIGH,Retry payment after short delay,Automatic retry,1
TXN00353,CUST1061,5892.28,Net Banking,Entertainment,47,7,5,Timeout,2,15.0,1,7,1,5829.15,0.6777749625756618,HIGH,Retry payment after short delay,Automatic retry,1
TXN02741,CUST1421,5759.62,UPI,Shopping,30,19,0,Insufficient Balance,3,26.0,1,5,1,5465.25,0.6777405769579816,HIGH,Ask customer to add funds or use another method,Customer notification,1
TXN03009,CUST0573,9994.73,Wallet,Entertainment,21,17,4,Authentication Failed,2,32.0,0,20,1,9480.4,0.677610239571365,HIGH,Request customer authentication,Customer notification,1
TXN03083,CUST0476,7398.47,Net Banking,Entertainment,18,19,4,Authentication Failed,1,64.1,0,23,1,7385.12,0.6774568140935413,HIGH,Request customer authentication,Customer notification,1
TXN04406,CUST0322,1404.26,UPI,Entertainment,52,4,0,Bank Declined,1,41.1,1,10,1,1290.77,0.6771131667507672,HIGH,Suggest alternative payment method,Customer notification,1
TXN04347,CUST0883,2939.48,Net Banking,Entertainment,2,13,3,Authentication Failed,1,44.9,0,21,1,2718.33,0.6768938504635748,HIGH,Request customer authentication,Customer notification,1
TXN02381,CUST0776,7886.41,UPI,Entertainment,39,13,7,Timeout,3,6.5,0,22,1,7884.77,0.6767731544103396,HIGH,Retry payment after short delay,Automatic retry,1
TXN00493,CUST1228,3114.48,UPI,Travel,19,18,2,Authentication Failed,3,64.5,1,20,1,2902.13,0.6764533462755881,HIGH,Request customer authentication,Customer notification,1
TXN01000,CUST0899,6509.83,UPI,Travel,36,8,1,Timeout,2,24.0,0,3,1,6069.93,0.6763690291835812,HIGH,Retry payment after short delay,Automatic retry,1
TXN03335,CUST0076,8086.19,Wallet,Travel,3,1,0,Bank Declined,1,56.2,1,21,1,7701.52,0.6762491799151225,HIGH,Suggest alternative payment method,Customer notification,1
TXN00641,CUST1218,1519.61,Net Banking,Food,42,18,4,Bank Declined,1,49.3,1,10,1,1502.13,0.6755937504137863,HIGH,Suggest alternative payment method,Customer notification,1
TXN03239,CUST0270,6113.97,Card,Travel,23,17,5,Network Error,2,14.7,0,12,0,0.0,0.6748269060294335,HIGH,Retry payment,Automatic retry,0
TXN00543,CUST0090,4163.91,Net Banking,Shopping,52,16,3,Bank Declined,2,31.7,0,14,1,4154.12,0.6747035798157149,HIGH,Suggest alternative payment method,Customer notification,1
TXN01369,CUST0632,1274.74,Card,Shopping,3,11,2,Authentication Failed,2,7.6,0,0,1,1226.86,0.6745537833930115,HIGH,Request customer authentication,Customer notification,1
TXN00257,CUST0338,4243.96,UPI,Shopping,34,14,3,Authentication Failed,2,27.6,1,18,1,3880.76,0.6745163664531924,HIGH,Request customer authentication,Customer notification,1
TXN02802,CUST1090,3967.87,Card,Travel,21,14,4,Bank Declined,1,12.5,0,6,1,3907.8,0.6744955980480384,HIGH,Suggest alternative payment method,Customer notification,1
TXN04480,CUST1092,4523.02,Wallet,Food,17,15,2,Authentication Failed,2,0.7,0,6,1,4295.95,0.6744300128339751,HIGH,Request customer authentication,Customer notification,1
TXN04720,CUST0930,8712.3,Net Banking,Food,53,8,3,Timeout,3,16.3,1,8,1,8159.64,0.6743885791815346,HIGH,Retry payment after short delay,Automatic retry,1
TXN03526,CUST1055,9337.47,Net Banking,Food,35,5,0,Authentication Failed,2,28.4,1,23,1,8674.0,0.6738099811164061,HIGH,Request customer authentication,Customer notification,1
TXN04802,CUST0335,586.61,UPI,Travel,40,19,6,Authentication Failed,3,14.4,0,15,1,541.57,0.673646227959635,HIGH,Request customer authentication,Customer notification,1
TXN00143,CUST0398,5639.83,Wallet,Utilities,24,20,6,Authentication Failed,3,37.0,1,4,1,5306.05,0.6733625505933438,HIGH,Request customer authentication,Customer notification,1
TXN04711,CUST0195,7834.44,Wallet,Travel,46,13,3,Timeout,3,45.7,0,4,1,7079.36,0.6732157764130438,HIGH,Retry payment after short delay,Automatic retry,1
TXN00381,CUST0155,7477.28,Card,Travel,25,17,1,Bank Declined,3,41.1,1,12,1,7096.08,0.6731550945439383,HIGH,Suggest alternative payment method,Customer notification,1
TXN02971,CUST0690,4195.96,UPI,Shopping,57,10,7,Timeout,1,46.4,0,14,1,3959.8,0.673053446107503,HIGH,Retry payment after short delay,Automatic retry,1
TXN00774,CUST0689,9757.18,Card,Food,36,17,5,Authentication Failed,2,31.1,0,8,1,9404.41,0.6728210570428196,HIGH,Request customer authentication,Customer notification,1
TXN04007,CUST0489,9560.83,Card,Utilities,30,15,5,Authentication Failed,2,33.1,1,5,1,9365.12,0.6727528792309873,HIGH,Request customer authentication,Customer notification,1
TXN04368,CUST0902,3874.18,Net Banking,Shopping,55,14,3,Bank Declined,3,20.1,0,15,1,3646.94,0.6721953687786479,HIGH,Suggest alternative payment method,Customer notification,1
TXN04541,CUST1362,281.88,Net Banking,Entertainment,56,14,3,Bank Declined,3,39.3,0,10,1,264.97,0.6719724681365433,HIGH,Suggest alternative payment method,Customer notification,1
TXN02070,CUST0576,6559.51,Card,Utilities,3,11,6,Authentication Failed,1,38.0,1,22,1,6225.77,0.6719350714914087,HIGH,Request customer authentication,Customer notification,1
TXN03492,CUST1099,7247.63,Net Banking,Entertainment,57,14,4,Timeout,3,22.7,0,8,1,7169.12,0.6719247544251934,HIGH,Retry payment after short delay,Automatic retry,1
TXN03337,CUST0854,6073.7,Net Banking,Utilities,10,6,6,Timeout,1,7.5,0,20,1,5979.51,0.6713151190605869,HIGH,Retry payment after short delay,Automatic retry,1
TXN02667,CUST0436,2889.79,UPI,Travel,41,5,0,Network Error,1,62.1,0,19,1,2772.81,0.6712536100481225,HIGH,Retry payment,Automatic retry,1
TXN04034,CUST1452,3427.99,Card,Travel,53,12,3,Bank Declined,3,7.3,1,17,1,3347.38,0.671101524226539,HIGH,Suggest alternative payment method,Customer notification,1
TXN01138,CUST0228,5170.93,UPI,Utilities,25,20,2,Insufficient Balance,3,36.7,1,10,1,4773.23,0.6708155780614302,HIGH,Ask customer to add funds or use another method,Customer notification,1
TXN01068,CUST0513,9089.35,UPI,Food,3,14,2,Insufficient Balance,1,57.2,1,20,1,8698.19,0.6704109860670263,HIGH,Ask customer to add funds or use another method,Customer notification,1
TXN03487,CUST0847,8790.69,Wallet,Food,25,17,1,Insufficient Balance,2,32.4,1,11,1,8475.16,0.670182922071227,HIGH,Ask customer to add funds or use another method,Customer notification,1
TXN01834,CUST0492,1839.15,Wallet,Entertainment,16,18,1,Bank Declined,3,34.9,0,12,1,1828.65,0.6700751523737083,HIGH,Suggest alternative payment method,Customer notification,1
TXN01551,CUST1450,4974.39,Wallet,Food,5,13,2,Timeout,3,25.7,1,7,1,4523.79,0.6697717829457518,HIGH,Retry payment after short delay,Automatic retry,1
TXN01008,CUST0006,7422.86,Wallet,Shopping,40,17,5,Insufficient Balance,1,11.2,0,2,1,7215.58,0.669698379369952,HIGH,Ask customer to add funds or use another method,Customer notification,1
TXN02386,CUST0058,6150.3,Net Banking,Travel,53,7,4,Network Error,3,43.7,1,9,1,5976.46,0.6696010750178161,HIGH,Retry payment,Automatic retry,1
TXN02344,CUST1278,9800.06,Card,Travel,22,10,3,Authentication Failed,1,37.7,0,15,1,9365.19,0.6695993799848249,HIGH,Request customer authentication,Customer notification,1
TXN03968,CUST1242,5892.27,Card,Entertainment,14,16,7,Authentication Failed,2,1.7,0,13,1,5369.85,0.6695087640074894,HIGH,Request customer authentication,Customer notification,1
TXN02261,CUST0106,1737.66,Wallet,Food,11,20,1,Insufficient Balance,3,46.8,0,23,1,1676.03,0.6694144360292605,HIGH,Ask customer to add funds or use another method,Customer notification,1
TXN02426,CUST0321,7530.39,Net Banking,Food,11,16,4,Authentication Failed,3,4.5,0,11,1,6784.07,0.6693629913394495,HIGH,Request customer authentication,Customer notification,1
TXN03326,CUST0533,738.56,Wallet,Food,42,10,1,Network Error,3,36.7,0,7,1,724.77,0.6689995665343463,HIGH,Retry payment,Automatic retry,1
TXN01499,CUST0489,9180.48,UPI,Travel,8,17,5,Timeout,3,23.6,0,18,1,8989.57,0.6687765196285009,HIGH,Retry payment after short delay,Automatic retry,1
TXN01690,CUST0698,732.41,Wallet,Entertainment,60,14,5,Authentication Failed,3,2.7,1,13,1,699.72,0.6685986226313949,HIGH,Request customer authentication,Customer notification,1
TXN02463,CUST0490,9355.44,Card,Travel,48,8,2,Network Error,3,39.2,0,21,1,8692.62,0.6685871282592502,HIGH,Retry payment,Automatic retry,1
TXN04471,CUST1272,8129.76,UPI,Utilities,55,12,3,Insufficient Balance,1,34.2,0,14,1,7500.78,0.6685551139476889,HIGH,Ask customer to add funds or use another method,Customer notification,1
TXN03044,CUST1178,6335.74,Wallet,Food,28,0,1,Network Error,2,33.1,1,12,1,6069.31,0.6682719264281759,HIGH,Retry payment,Automatic retry,1
TXN00856,CUST0797,5968.43,Card,Shopping,4,11,2,Network Error,3,61.0,1,21,1,5817.96,0.6682382289019145,HIGH,Retry payment,Automatic retry,1
TXN01444,CUST0055,2012.28,UPI,Travel,46,11,6,Timeout,2,66.5,1,7,1,1921.27,0.6682258313960177,HIGH,Retry payment after short delay,Automatic retry,1
TXN03113,CUST0613,7527.69,Card,Travel,21,15,0,Insufficient Balance,2,36.5,0,22,1,7237.79,0.6681261460132397,HIGH,Ask customer to add funds or use another method,Customer notification,1
TXN03761,CUST0031,4708.51,UPI,Food,48,8,6,Network Error,1,18.6,0,10,1,4503.38,0.6679410328444421,HIGH,Retry payment,Automatic retry,1
TXN01116,CUST0478,5618.31,Wallet,Shopping,25,16,6,Network Error,2,58.9,0,10,1,5532.26,0.6677179215908979,HIGH,Retry payment,Automatic retry,1
TXN03041,CUST0391,5446.79,Net Banking,Utilities,60,8,4,Timeout,1,49.7,0,11,1,5046.32,0.6677168674261735,HIGH,Retry payment after short delay,Automatic retry,1
TXN04764,CUST0499,128.14,Wallet,Food,19,20,2,Authentication Failed,3,40.9,0,10,1,115.84,0.6675685389064584,HIGH,Request customer authentication,Customer notification,1
TXN03020,CUST0842,7240.12,Card,Travel,42,5,1,Network Error,3,63.2,1,19,1,6845.16,0.6675616864597612,HIGH,Retry payment,Automatic retry,1
TXN04241,CUST0213,2986.72,UPI,Shopping,8,15,5,Network Error,3,7.7,0,6,1,2790.98,0.6674266877964655,HIGH,Retry payment,Automatic retry,1
TXN04352,CUST0375,6821.12,UPI,Utilities,18,18,7,Insufficient Balance,1,16.4,0,3,1,6307.52,0.667187335601206,HIGH,Ask customer to add funds or use another method,Customer notification,1
TXN03019,CUST0610,718.55,Wallet,Food,16,19,7,Authentication Failed,2,61.4,1,14,1,695.47,0.667129093158668,HIGH,Request customer authentication,Customer notification,1
TXN01222,CUST0386,4077.75,Wallet,Food,1,11,6,Network Error,3,61.8,1,5,1,3790.42,0.6670984550006398,HIGH,Retry payment,Automatic retry,1
TXN00198,CUST0664,3010.1,UPI,Entertainment,6,12,1,Bank Declined,1,63.2,1,6,1,2961.36,0.6665369010822877,HIGH,Suggest alternative payment method,Customer notification,1
TXN03672,CUST0022,9697.47,UPI,Shopping,36,0,3,Network Error,1,47.4,1,15,1,9489.51,0.6660654570552846,HIGH,Retry payment,Automatic retry,1
TXN03296,CUST0661,4224.7,Card,Shopping,59,20,2,Timeout,2,15.9,0,17,0,0.0,0.6659978802920651,HIGH,Retry payment after short delay,Automatic retry,0
TXN03357,CUST0753,6914.74,UPI,Food,18,13,2,Timeout,3,21.2,0,23,1,6562.59,0.6659665983078128,HIGH,Retry payment after short delay,Automatic retry,1
TXN03887,CUST1462,2157.65,Net Banking,Food,31,17,7,Network Error,3,54.5,0,9,1,2108.03,0.6658076924235631,HIGH,Retry payment,Automatic retry,1
TXN01527,CUST1183,365.99,Net Banking,Shopping,45,15,1,Bank Declined,1,63.6,0,21,1,359.84,0.6657581053096564,HIGH,Suggest alternative payment method,Customer notification,1
TXN02280,CUST0445,803.27,UPI,Entertainment,60,4,0,Authentication Failed,3,9.6,0,15,1,775.82,0.6652492702207569,HIGH,Request customer authentication,Customer notification,1
TXN03770,CUST0660,4442.25,Card,Entertainment,55,18,4,Authentication Failed,1,4.2,1,15,0,0.0,0.6649443147758332,HIGH,Request customer authentication,Customer notification,0
TXN00142,CUST0767,6594.94,Card,Food,34,12,1,Timeout,3,45.1,0,23,1,6097.03,0.664785804498511,HIGH,Retry payment after short delay,Automatic retry,1
TXN02276,CUST0159,6871.35,Card,Shopping,46,0,2,Network Error,3,64.8,1,12,1,6270.71,0.6647774087093157,HIGH,Retry payment,Automatic retry,1
TXN04662,CUST0726,1223.28,Card,Shopping,50,18,2,Insufficient Balance,3,47.2,0,23,1,1204.94,0.664713289146004,HIGH,Ask customer to add funds or use another method,Customer notification,1
TXN01091,CUST0296,2631.86,Card,Shopping,54,12,4,Insufficient Balance,1,22.3,0,1,1,2480.94,0.6647124329275456,HIGH,Ask customer to add funds or use another method,Customer notification,1
TXN02720,CUST0183,7481.72,UPI,Shopping,52,19,7,Insufficient Balance,1,52.6,0,19,1,7254.21,0.6645581598773636,HIGH,Ask customer to add funds or use another method,Customer notification,1
TXN00612,CUST0109,6484.13,Card,Shopping,23,14,0,Timeout,2,60.0,0,8,1,6302.46,0.6644693237394693,HIGH,Retry payment after short delay,Automatic retry,1
TXN00391,CUST0538,9137.64,Card,Travel,16,16,1,Insufficient Balance,2,27.7,0,8,1,9107.17,0.6643524377370322,HIGH,Ask customer to add funds or use another method,Customer notification,1
TXN03544,CUST0245,5136.05,UPI,Utilities,3,9,1,Timeout,2,44.2,1,11,1,5051.76,0.6642841333264891,HIGH,Retry payment after short delay,Automatic retry,1
TXN03179,CUST1200,6661.58,UPI,Travel,50,15,5,Bank Declined,2,13.7,0,6,1,6380.81,0.6642198684145185,HIGH,Suggest alternative payment method,Customer notification,1
TXN01645,CUST1144,4622.5,Wallet,Shopping,26,0,3,Network Error,3,6.8,1,21,1,4163.56,0.6641415847334678,HIGH,Retry payment,Automatic retry,1
TXN02393,CUST0614,3068.76,UPI,Utilities,34,9,2,Timeout,2,12.3,0,10,1,2783.79,0.6640980972187077,HIGH,Retry payment after short delay,Automatic retry,1
TXN00336,CUST0960,2257.3,Wallet,Entertainment,7,17,3,Authentication Failed,2,30.1,0,12,1,2233.76,0.6639712409846398,HIGH,Request customer authentication,Customer notification,1
TXN01935,CUST0251,386.55,UPI,Travel,43,7,4,Bank Declined,1,2.7,1,4,1,355.32,0.6639484866748663,HIGH,Suggest alternative payment method,Customer notification,1
TXN01719,CUST0535,6292.23,Card,Entertainment,57,6,6,Timeout,1,20.6,0,19,1,5971.91,0.6638968250610298,HIGH,Retry payment after short delay,Automatic retry,1
TXN04900,CUST1153,1782.9,Wallet,Entertainment,12,14,5,Network Error,2,23.1,0,3,1,1728.67,0.663896433101478,HIGH,Retry payment,Automatic retry,1
TXN03419,CUST0431,5130.87,Card,Utilities,48,3,3,Network Error,1,23.1,0,23,1,4877.46,0.6636577118351685,HIGH,Retry payment,Automatic retry,1
TXN04959,CUST0781,5818.85,Card,Utilities,46,20,4,Insufficient Balance,3,16.3,0,10,1,5749.81,0.6636512250532192,HIGH,Ask customer to add funds or use another method,Customer notification,1
TXN02415,CUST1424,2004.23,Card,Food,21,4,1,Bank Declined,2,3.6,1,13,1,1867.59,0.6634050433046407,HIGH,Suggest alternative payment method,Customer notification,1
TXN03136,CUST0131,1777.28,Net Banking,Shopping,34,9,3,Timeout,3,15.6,1,10,1,1769.94,0.6633320481409933,HIGH,Retry payment after short delay,Automatic retry,1
TXN01357,CUST0934,9938.46,Wallet,Travel,30,6,2,Insufficient Balance,1,68.5,0,2,1,9542.57,0.6631784060263689,HIGH,Ask customer to add funds or use another method,Customer notification,1
TXN03389,CUST0183,693.26,Wallet,Utilities,1,7,6,Timeout,1,41.9,0,23,1,686.78,0.6629342083824497,HIGH,Retry payment after short delay,Automatic retry,1
TXN04512,CUST0043,6668.67,Card,Shopping,50,11,4,Authentication Failed,2,3.8,0,20,1,6606.07,0.6628023138834932,HIGH,Request customer authentication,Customer notification,1
TXN02800,CUST0231,3606.13,Net Banking,Shopping,59,1,1,Insufficient Balance,2,26.2,1,20,1,3398.59,0.6626778945607686,HIGH,Ask customer to add funds or use another method,Customer notification,1
TXN01984,CUST1356,167.29,Card,Utilities,18,9,4,Bank Declined,2,2.3,1,11,1,160.09,0.6625629379040567,HIGH,Suggest alternative payment method,Customer notification,1
TXN01061,CUST0318,3241.32,Wallet,Entertainment,14,12,0,Network Error,2,70.3,0,23,1,3146.49,0.6623606193582985,HIGH,Retry payment,Automatic retry,1
TXN02680,CUST1344,4590.37,Net Banking,Entertainment,3,14,2,Network Error,3,63.1,0,0,1,4551.88,0.6622088711446417,HIGH,Retry payment,Automatic retry,1
TXN01915,CUST0106,8685.06,Net Banking,Travel,17,15,6,Authentication Failed,1,25.4,0,0,1,8084.58,0.6618599917347949,HIGH,Request customer authentication,Customer notification,1
TXN01666,CUST0955,6572.49,Card,Travel,14,18,1,Authentication Failed,2,30.2,1,16,0,0.0,0.66179902813414,HIGH,Request customer authentication,Customer notification,0
TXN04655,CUST0087,2380.39,Wallet,Shopping,47,13,6,Timeout,2,60.4,1,15,1,2142.45,0.6616695238617422,HIGH,Retry payment after short delay,Automatic retry,1
TXN04211,CUST0566,4886.87,UPI,Shopping,13,17,4,Bank Declined,3,18.4,1,20,1,4587.79,0.6615704686093425,HIGH,Suggest alternative payment method,Customer notification,1
TXN02782,CUST1305,251.57,Wallet,Food,26,19,5,Bank Declined,3,29.6,1,10,1,234.5,0.6615189130283866,HIGH,Suggest alternative payment method,Customer notification,1
TXN03176,CUST1099,665.24,Net Banking,Utilities,46,15,6,Timeout,3,25.6,0,15,1,603.07,0.6614901031180088,HIGH,Retry payment after short delay,Automatic retry,1
TXN01772,CUST0022,8519.99,Card,Entertainment,35,11,4,Timeout,1,67.1,0,11,1,8139.75,0.6614616490169501,HIGH,Retry payment after short delay,Automatic retry,1
TXN04292,CUST1364,4680.61,UPI,Food,20,10,2,Network Error,1,56.3,0,4,1,4632.45,0.6613485445089528,HIGH,Retry payment,Automatic retry,1
TXN03513,CUST1007,7926.62,Wallet,Travel,55,1,7,Timeout,1,26.3,1,8,1,7256.9,0.6611874273363638,HIGH,Retry payment after short delay,Automatic retry,1
TXN04593,CUST0988,688.85,Card,Shopping,16,20,6,Insufficient Balance,2,50.0,1,18,1,631.66,0.6607917894753196,HIGH,Ask customer to add funds or use another method,Customer notification,1
TXN03043,CUST0532,7302.87,UPI,Utilities,45,16,4,Network Error,2,8.0,0,20,0,0.0,0.6606672642882908,HIGH,Retry payment,Automatic retry,0
TXN03623,CUST0558,4655.16,UPI,Travel,26,12,0,Authentication Failed,2,30.3,0,0,1,4270.33,0.6605616592122139,HIGH,Request customer authentication,Customer notification,1
TXN03142,CUST0645,9263.27,Wallet,Utilities,15,8,0,Authentication Failed,1,34.6,0,16,1,8486.51,0.6605390205748223,HIGH,Request customer authentication,Customer notification,1
TXN03736,CUST1498,8096.62,Card,Food,28,11,3,Network Error,2,47.0,0,22,1,7486.29,0.6604342383426827,HIGH,Retry payment,Automatic retry,1
TXN03638,CUST1240,8075.52,Wallet,Utilities,34,14,0,Timeout,3,41.9,0,7,1,7983.73,0.6604193845800819,HIGH,Retry payment after short delay,Automatic retry,1
TXN00545,CUST0605,2295.64,UPI,Food,5,17,0,Network Error,3,67.4,0,17,1,2274.74,0.6600555978275544,HIGH,Retry payment,Automatic retry,1
TXN02021,CUST0100,8675.65,Card,Shopping,50,11,4,Network Error,3,44.4,0,2,1,8199.05,0.6599497944523393,HIGH,Retry payment,Automatic retry,1
TXN01286,CUST0114,4839.18,Net Banking,Food,32,3,1,Timeout,2,41.3,1,18,1,4580.19,0.6599007706387177,HIGH,Retry payment after short delay,Automatic retry,1
TXN03814,CUST0428,4458.2,Wallet,Entertainment,53,20,2,Authentication Failed,2,36.8,0,16,0,0.0,0.6598633203951504,HIGH,Request customer authentication,Customer notification,0
TXN00414,CUST1214,2467.51,UPI,Entertainment,29,4,0,Network Error,1,65.7,0,15,1,2266.11,0.6596210558611592,HIGH,Retry payment,Automatic retry,1
TXN00682,CUST1393,8530.78,Wallet,Food,41,6,1,Timeout,1,69.9,0,13,1,7714.94,0.6593830183159204,HIGH,Retry payment after short delay,Automatic retry,1
TXN03423,CUST0990,3765.9,Wallet,Food,14,5,1,Network Error,1,29.7,0,5,1,3468.96,0.6592258017484661,HIGH,Retry payment,Automatic retry,1
TXN01848,CUST0378,2622.01,Net Banking,Entertainment,32,13,2,Bank Declined,1,0.6,0,18,1,2599.1,0.6592222428412056,HIGH,Suggest alternative payment method,Customer notification,1
TXN02893,CUST1020,2451.11,Wallet,Shopping,55,5,0,Bank Declined,1,28.1,0,9,1,2370.62,0.6589864709752049,HIGH,Suggest alternative payment method,Customer notification,1
TXN01085,CUST0574,5922.13,UPI,Utilities,6,12,3,Bank Declined,1,20.3,0,18,1,5743.99,0.6589007584286273,HIGH,Suggest alternative payment method,Customer notification,1
TXN01301,CUST1202,822.74,Wallet,Food,34,7,2,Network Error,2,33.1,0,10,1,809.7,0.6588667009304587,HIGH,Retry payment,Automatic retry,1
TXN01853,CUST0734,9618.0,Wallet,Shopping,23,16,0,Authentication Failed,2,39.1,0,13,1,8782.73,0.6588370112931287,HIGH,Request customer authentication,Customer notification,1
TXN01178,CUST1004,915.82,Wallet,Food,28,18,3,Timeout,1,34.7,0,10,0,0.0,0.6587860692797038,HIGH,Retry payment after short delay,Automatic retry,0
TXN04310,CUST0851,559.69,Net Banking,Shopping,52,16,7,Bank Declined,2,22.7,0,17,1,522.13,0.6586214763616995,HIGH,Suggest alternative payment method,Customer notification,1
TXN04475,CUST0025,7351.17,Wallet,Utilities,25,12,4,Bank Declined,3,6.1,1,21,1,6719.93,0.6585831193470638,HIGH,Suggest alternative payment method,Customer notification,1
TXN03722,CUST1314,2948.41,Card,Shopping,51,9,0,Bank Declined,1,34.4,0,17,1,2933.24,0.6583694627298086,HIGH,Suggest alternative payment method,Customer notification,1
TXN03079,CUST0504,6342.5,Card,Travel,36,16,4,Network Error,1,53.2,0,17,0,0.0,0.6581509929278683,HIGH,Retry payment,Automatic retry,0
TXN01461,CUST1474,5485.33,Wallet,Travel,36,0,7,Timeout,1,5.1,1,1,1,4946.64,0.6581353705415545,HIGH,Retry payment after short delay,Automatic retry,1
TXN03602,CUST0762,8643.34,UPI,Entertainment,46,15,4,Bank Declined,2,22.5,1,9,1,7847.62,0.658058818079505,HIGH,Suggest alternative payment method,Customer notification,1
TXN03963,CUST0412,3083.78,Wallet,Utilities,48,10,0,Authentication Failed,2,24.4,0,14,1,2780.61,0.6579757980786556,HIGH,Request customer authentication,Customer notification,1
TXN01862,CUST1014,4624.89,Wallet,Shopping,6,5,1,Network Error,1,39.5,0,23,1,4450.44,0.6576109902909848,HIGH,Retry payment,Automatic retry,1
TXN01802,CUST0039,5128.69,Card,Food,26,15,5,Timeout,3,10.4,0,15,1,4702.45,0.657366744338004,HIGH,Retry payment after short delay,Automatic retry,1
TXN01548,CUST1185,7407.87,UPI,Entertainment,60,0,6,Network Error,3,70.4,0,17,1,6782.23,0.6573437026263862,HIGH,Retry payment,Automatic retry,1
TXN03092,CUST1128,3658.7,Net Banking,Entertainment,53,12,5,Network Error,2,42.9,0,0,1,3531.91,0.6571942328031996,HIGH,Retry payment,Automatic retry,1
TXN00729,CUST0698,2334.7,Card,Shopping,18,8,0,Insufficient Balance,2,5.6,1,19,1,2221.94,0.6571155366340153,HIGH,Ask customer to add funds or use another method,Customer notification,1
TXN03688,CUST0264,916.09,Net Banking,Entertainment,5,20,7,Insufficient Balance,2,35.5,1,3,1,912.93,0.6570996159259669,HIGH,Ask customer to add funds or use another method,Customer notification,1
TXN03144,CUST0701,6654.91,Wallet,Shopping,12,18,6,Bank Declined,2,8.1,1,20,1,6458.13,0.657005809862445,HIGH,Suggest alternative payment method,Customer notification,1
TXN04499,CUST0690,1220.05,Wallet,Shopping,48,8,0,Insufficient Balance,1,19.1,1,4,1,1199.95,0.6569678057825993,HIGH,Ask customer to add funds or use another method,Customer notification,1
TXN00032,CUST0748,9492.57,Net Banking,Shopping,47,14,7,Authentication Failed,1,58.2,0,21,1,9162.9,0.6569642193137822,HIGH,Request customer authentication,Customer notification,1
TXN00805,CUST0034,9313.36,UPI,Utilities,13,13,1,Authentication Failed,3,34.4,0,17,1,9209.87,0.656935598141074,HIGH,Request customer authentication,Customer notification,1
TXN00608,CUST1175,4519.78,Net Banking,Shopping,25,17,6,Timeout,3,62.2,0,12,1,4216.01,0.6568770099182808,HIGH,Retry payment after short delay,Automatic retry,1
TXN04833,CUST1225,720.95,UPI,Entertainment,52,14,2,Bank Declined,3,38.0,0,7,1,718.1,0.6568052323160516,HIGH,Suggest alternative payment method,Customer notification,1
TXN03478,CUST0375,3858.03,Card,Shopping,30,11,0,Authentication Failed,1,45.9,0,21,1,3779.25,0.6567345826846548,HIGH,Request customer authentication,Customer notification,1
TXN04451,CUST0745,9455.17,Card,Entertainment,60,7,7,Authentication Failed,1,43.4,0,18,1,9228.86,0.6567254969936468,HIGH,Request customer authentication,Customer notification,1
TXN01378,CUST0552,8380.57,Card,Food,8,10,0,Timeout,3,43.8,0,23,1,7760.46,0.6567213959723394,HIGH,Retry payment after short delay,Automatic retry,1
TXN01718,CUST1055,3050.27,UPI,Travel,36,14,2,Insufficient Balance,1,44.2,1,7,1,2934.98,0.6567045930627607,HIGH,Ask customer to add funds or use another method,Customer notification,1
TXN02358,CUST1126,7723.21,Card,Food,17,18,2,Bank Declined,1,64.5,1,3,1,7486.73,0.6566812877087334,HIGH,Suggest alternative payment method,Customer notification,1
TXN02947,CUST0926,8931.38,Net Banking,Shopping,50,17,1,Authentication Failed,2,36.9,0,7,0,0.0,0.6565603144675923,HIGH,Request customer authentication,Customer notification,0
TXN04399,CUST0714,2153.95,Card,Entertainment,5,18,7,Authentication Failed,3,15.1,0,17,1,2014.39,0.6564320738592977,HIGH,Request customer authentication,Customer notification,1
TXN04696,CUST1035,4805.44,Card,Food,32,8,3,Authentication Failed,1,37.8,1,6,1,4669.27,0.6564151425746632,HIGH,Request customer authentication,Customer notification,1
TXN04753,CUST0794,295.28,UPI,Travel,60,10,1,Authentication Failed,2,71.7,0,18,1,279.77,0.6563105974905586,HIGH,Request customer authentication,Customer notification,1
TXN03065,CUST1068,9835.53,Card,Travel,17,17,4,Bank Declined,2,24.0,0,17,1,9615.16,0.6561170643772789,HIGH,Suggest alternative payment method,Customer notification,1
TXN00064,CUST1391,8857.37,Card,Entertainment,49,14,7,Network Error,3,27.1,0,15,1,8307.8,0.6559175567359296,HIGH,Retry payment,Automatic retry,1
TXN02281,CUST0298,8201.25,Card,Entertainment,57,2,1,Authentication Failed,1,0.7,0,7,1,7717.75,0.6556698179559624,HIGH,Request customer authentication,Customer notification,1
TXN01480,CUST0275,2092.51,Net Banking,Travel,7,9,0,Network Error,3,42.6,0,7,1,1915.17,0.6555954335575226,HIGH,Retry payment,Automatic retry,1
TXN03664,CUST0443,3283.26,Card,Travel,32,12,3,Timeout,3,31.5,1,20,1,3142.77,0.6555818436302249,HIGH,Retry payment after short delay,Automatic retry,1
TXN04398,CUST0831,6652.6,UPI,Food,38,10,0,Authentication Failed,2,36.4,0,8,1,6173.22,0.6554502719180513,HIGH,Request customer authentication,Customer notification,1
TXN04513,CUST0377,3522.73,Wallet,Utilities,59,15,5,Bank Declined,3,15.8,0,11,1,3415.51,0.6554298665118484,HIGH,Suggest alternative payment method,Customer notification,1
TXN01810,CUST0974,7201.89,UPI,Shopping,25,9,0,Authentication Failed,1,65.6,1,13,1,6934.03,0.6554140674954838,HIGH,Request customer authentication,Customer notification,1
TXN02309,CUST0859,167.72,Card,Shopping,34,3,1,Bank Declined,1,26.8,0,2,1,152.43,0.6550784757660026,HIGH,Suggest alternative payment method,Customer notification,1
TXN02034,CUST0318,1910.36,Wallet,Entertainment,42,19,1,Authentication Failed,3,61.6,0,7,1,1812.15,0.6547314125141837,HIGH,Request customer authentication,Customer notification,1
TXN04140,CUST1065,9332.11,Net Banking,Travel,45,5,1,Timeout,2,10.1,0,4,1,8801.64,0.6545573470690933,HIGH,Retry payment after short delay,Automatic retry,1
TXN03573,CUST0343,2562.38,Wallet,Utilities,28,16,3,Network Error,2,49.3,0,19,1,2391.05,0.6545196423720206,HIGH,Retry payment,Automatic retry,1
TXN03377,CUST0341,8094.61,Card,Travel,29,9,2,Bank Declined,2,8.5,1,7,1,7639.31,0.6544084846499555,HIGH,Suggest alternative payment method,Customer notification,1
TXN04473,CUST0610,8076.19,Net Banking,Shopping,56,7,4,Bank Declined,1,19.1,0,23,1,7882.56,0.6541749071548116,HIGH,Suggest alternative payment method,Customer notification,1
TXN02061,CUST0844,1824.15,UPI,Food,26,20,3,Authentication Failed,3,63.4,0,2,1,1657.15,0.6541241861049591,HIGH,Request customer authentication,Customer notification,1
TXN02664,CUST0232,8227.1,Net Banking,Food,27,11,5,Timeout,2,3.0,0,19,1,7569.11,0.6540709076626957,HIGH,Retry payment after short delay,Automatic retry,1
TXN04516,CUST0212,6963.64,UPI,Utilities,51,12,7,Timeout,3,16.5,1,13,1,6453.61,0.6539800967129128,HIGH,Retry payment after short delay,Automatic retry,1
TXN04896,CUST0195,1354.46,Wallet,Entertainment,57,18,7,Bank Declined,3,47.7,0,12,1,1342.15,0.6539378321164027,HIGH,Suggest alternative payment method,Customer notification,1
TXN04176,CUST0553,8421.98,Card,Travel,47,9,3,Timeout,2,52.4,1,12,1,8119.76,0.6538343504946966,HIGH,Retry payment after short delay,Automatic retry,1
TXN03598,CUST0273,8647.96,Net Banking,Entertainment,32,13,1,Insufficient Balance,3,31.5,1,8,1,8324.36,0.6536605205710214,HIGH,Ask customer to add funds or use another method,Customer notification,1
TXN01707,CUST1369,8040.18,UPI,Entertainment,18,3,0,Timeout,3,15.6,0,5,1,7824.41,0.6536547133204025,HIGH,Retry payment after short delay,Automatic retry,1
TXN01411,CUST0731,5086.52,Card,Shopping,49,17,6,Bank Declined,3,14.9,0,19,1,4992.97,0.6536257633787792,HIGH,Suggest alternative payment method,Customer notification,1
TXN04860,CUST1494,9565.72,UPI,Utilities,48,13,4,Insufficient Balance,1,5.6,0,5,1,9064.67,0.6535077277862499,HIGH,Ask customer to add funds or use another method,Customer notification,1
TXN00362,CUST0993,7915.97,Net Banking,Travel,54,14,0,Bank Declined,2,64.5,1,11,1,7537.42,0.6534574901633999,HIGH,Suggest alternative payment method,Customer notification,1
TXN03312,CUST0343,9997.54,UPI,Travel,38,12,5,Authentication Failed,3,3.4,0,4,1,9728.28,0.6533807390724357,HIGH,Request customer authentication,Customer notification,1
TXN00410,CUST0727,3387.89,UPI,Shopping,56,14,2,Network Error,3,62.9,0,16,1,3355.78,0.6532783551792539,HIGH,Retry payment,Automatic retry,1
TXN00368,CUST1185,414.61,Net Banking,Entertainment,43,4,7,Timeout,3,22.3,1,1,1,406.98,0.6531700058891147,HIGH,Retry payment after short delay,Automatic retry,1
TXN01322,CUST1312,473.21,Net Banking,Utilities,33,17,1,Authentication Failed,1,39.7,0,8,0,0.0,0.6531478849359702,HIGH,Request customer authentication,Customer notification,0
TXN03767,CUST1098,9159.33,UPI,Travel,50,15,4,Bank Declined,3,44.4,1,14,1,8375.4,0.6531097429417895,HIGH,Suggest alternative payment method,Customer notification,1
TXN04332,CUST0390,6515.51,UPI,Shopping,30,17,5,Bank Declined,1,39.5,0,21,1,6209.41,0.6530589099720455,HIGH,Suggest alternative payment method,Customer notification,1
TXN00095,CUST0879,2152.0,Net Banking,Food,51,8,0,Insufficient Balance,2,28.7,1,10,1,2054.5,0.6529881270381617,HIGH,Ask customer to add funds or use another method,Customer notification,1
TXN03557,CUST0797,1680.36,UPI,Utilities,12,19,6,Insufficient Balance,1,58.5,0,19,1,1599.85,0.6526610488354776,HIGH,Ask customer to add funds or use another method,Customer notification,1
TXN01396,CUST0128,6667.29,UPI,Food,36,7,3,Timeout,1,50.0,1,21,1,6507.66,0.6524975212013409,HIGH,Retry payment after short delay,Automatic retry,1
TXN01699,CUST1192,8620.61,Wallet,Entertainment,8,13,2,Insufficient Balance,1,53.8,1,4,1,8419.57,0.6522005462128421,HIGH,Ask customer to add funds or use another method,Customer notification,1
TXN03006,CUST1015,6602.47,UPI,Food,45,14,2,Timeout,3,43.8,0,4,1,5962.01,0.6521547362626773,HIGH,Retry payment after short delay,Automatic retry,1
TXN02346,CUST0770,1822.21,UPI,Travel,22,8,0,Timeout,3,41.2,1,3,1,1805.3,0.6521503637207764,HIGH,Retry payment after short delay,Automatic retry,1
TXN04098,CUST0322,4974.34,Card,Utilities,2,9,0,Insufficient Balance,1,19.1,0,18,1,4606.88,0.6518426067885054,HIGH,Ask customer to add funds or use another method,Customer notification,1
TXN01147,CUST0844,1598.57,Wallet,Shopping,38,14,0,Authentication Failed,3,20.4,0,3,1,1575.2,0.6513648257610172,HIGH,Request customer authentication,Customer notification,1
TXN00892,CUST0604,227.78,Card,Travel,28,8,6,Network Error,2,34.5,0,18,1,219.88,0.6512091197241741,HIGH,Retry payment,Automatic retry,1
TXN02183,CUST0851,3405.63,UPI,Travel,42,10,4,Network Error,3,57.1,0,23,1,3208.68,0.6511804351587154,HIGH,Retry payment,Automatic retry,1
TXN02081,CUST0620,6321.23,UPI,Entertainment,29,8,3,Timeout,2,11.5,0,18,1,5889.62,0.6510826427391723,HIGH,Retry payment after short delay,Automatic retry,1
TXN00113,CUST1163,6210.47,Card,Travel,24,15,6,Network Error,2,65.0,0,11,1,5931.95,0.6510689523254246,HIGH,Retry payment,Automatic retry,1
TXN01515,CUST0827,298.23,Card,Shopping,31,4,2,Timeout,2,30.6,0,6,1,287.26,0.6507241016220974,HIGH,Retry payment after short delay,Automatic retry,1
TXN01188,CUST1402,8547.96,Card,Travel,37,20,1,Authentication Failed,3,3.6,0,7,0,0.0,0.6505196837242814,HIGH,Request customer authentication,Customer notification,0
TXN02178,CUST0019,1458.55,Wallet,Travel,51,14,4,Network Error,3,57.6,1,13,1,1429.9,0.6504623809253028,HIGH,Retry payment,Automatic retry,1
TXN02139,CUST1217,5437.99,Card,Food,10,19,5,Authentication Failed,3,27.4,0,8,1,4964.3,0.6502824565535741,HIGH,Request customer authentication,Customer notification,1
TXN01030,CUST1142,209.68,Wallet,Food,33,5,2,Bank Declined,1,16.7,0,21,1,193.68,0.6501807593447754,HIGH,Suggest alternative payment method,Customer notification,1
TXN01399,CUST0041,7951.97,Net Banking,Travel,15,13,2,Authentication Failed,2,26.8,0,3,1,7519.22,0.6500576168831255,HIGH,Request customer authentication,Customer notification,1
TXN01485,CUST0330,5872.97,Net Banking,Entertainment,35,11,0,Authentication Failed,2,11.1,1,4,0,0.0,0.650004409150163,HIGH,Request customer authentication,Customer notification,0
TXN01704,CUST0781,3524.0,Wallet,Utilities,29,8,0,Network Error,2,36.2,0,6,1,3478.92,0.6499955686236757,HIGH,Retry payment,Automatic retry,1
TXN01135,CUST0806,3630.06,Card,Entertainment,50,10,6,Timeout,2,2.5,0,3,1,3479.33,0.6499812269579002,HIGH,Retry payment after short delay,Automatic retry,1
TXN01262,CUST0215,724.99,Net Banking,Travel,9,20,4,Authentication Failed,2,48.7,0,11,1,700.53,0.6497554242427728,HIGH,Request customer authentication,Customer notification,1
TXN01492,CUST0374,962.38,UPI,Shopping,52,16,3,Insufficient Balance,3,5.1,1,23,1,931.34,0.6495795511759487,HIGH,Ask customer to add funds or use another method,Customer notification,1
TXN02527,CUST0663,467.42,Net Banking,Food,4,10,3,Network Error,2,64.1,1,8,1,426.25,0.649573174521655,HIGH,Retry payment,Automatic retry,1
TXN04559,CUST0509,6311.23,UPI,Utilities,9,18,2,Timeout,3,70.1,0,10,1,5749.61,0.6495711462576973,HIGH,Retry payment after short delay,Automatic retry,1
TXN03553,CUST0646,8560.73,Card,Shopping,60,4,0,Network Error,2,47.7,0,1,1,8505.33,0.6495189258665767,HIGH,Retry payment,Automatic retry,1
TXN00306,CUST0161,9421.18,Net Banking,Food,51,6,0,Authentication Failed,2,32.6,0,3,1,8993.29,0.649466897380784,HIGH,Request customer authentication,Customer notification,1
TXN00010,CUST1239,4665.55,UPI,Food,5,19,4,Insufficient Balance,3,16.9,0,11,1,4235.98,0.6494186415329876,HIGH,Ask customer to add funds or use another method,Customer notification,1
TXN00750,CUST0256,6699.51,Net Banking,Entertainment,60,2,5,Timeout,3,11.9,1,11,1,6075.48,0.6493877527880655,HIGH,Retry payment after short delay,Automatic retry,1
TXN02269,CUST0350,8799.59,Net Banking,Travel,47,1,1,Insufficient Balance,1,37.3,1,15,1,8785.78,0.6493177774609138,HIGH,Ask customer to add funds or use another method,Customer notification,1
TXN02226,CUST0783,6062.34,Net Banking,Travel,52,12,3,Insufficient Balance,1,30.3,0,22,1,5977.59,0.6491028535328975,HIGH,Ask customer to add funds or use another method,Customer notification,1
TXN01228,CUST0939,9331.64,Net Banking,Travel,46,14,2,Timeout,1,35.8,0,11,0,0.0,0.6491009584561644,HIGH,Retry payment after short delay,Automatic retry,0
TXN01205,CUST0567,7853.83,UPI,Travel,41,8,0,Insufficient Balance,1,1.3,0,0,1,7276.75,0.6488960770572515,HIGH,Ask customer to add funds or use another method,Customer notification,1
TXN02553,CUST0609,3482.58,Card,Shopping,50,13,2,Insufficient Balance,1,68.1,0,5,1,3246.5,0.648893542883693,HIGH,Ask customer to add funds or use another method,Customer notification,1
TXN03748,CUST1051,4832.2,UPI,Shopping,35,9,0,Authentication Failed,2,19.4,0,4,1,4637.31,0.6488025580980209,HIGH,Request customer authentication,Customer notification,1
TXN02404,CUST1017,1628.72,Card,Shopping,5,18,7,Timeout,3,71.9,0,1,1,1476.68,0.648728833668451,HIGH,Retry payment after short delay,Automatic retry,1
TXN01974,CUST0873,2741.04,Card,Entertainment,11,15,0,Bank Declined,3,10.5,0,9,1,2601.01,0.6484497613720367,HIGH,Suggest alternative payment method,Customer notification,1
TXN00967,CUST0109,685.15,UPI,Shopping,36,5,3,Authentication Failed,2,10.1,1,21,1,656.74,0.6483131768298588,HIGH,Request customer authentication,Customer notification,1
TXN03752,CUST0913,2622.2,UPI,Entertainment,21,1,1,Authentication Failed,1,9.3,1,21,1,2503.72,0.647994943502992,HIGH,Request customer authentication,Customer notification,1
TXN03140,CUST1406,694.08,UPI,Food,10,5,0,Authentication Failed,1,34.9,0,18,1,652.57,0.6477286996018873,HIGH,Request customer authentication,Customer notification,1
TXN02287,CUST1196,4292.47,Wallet,Shopping,44,11,4,Network Error,2,36.8,0,17,1,3925.83,0.6477135734094513,HIGH,Retry payment,Automatic retry,1
TXN02832,CUST1014,9005.18,Net Banking,Food,20,20,7,Timeout,2,42.5,0,8,1,8873.11,0.6476254005368193,HIGH,Retry payment after short delay,Automatic retry,1
TXN01635,CUST1044,724.75,Card,Utilities,42,13,4,Network Error,2,46.4,0,2,1,655.12,0.6472139414067519,HIGH,Retry payment,Automatic retry,1
TXN04545,CUST1467,7562.43,Card,Utilities,36,4,4,Timeout,1,37.1,0,21,1,6827.12,0.647012674731654,HIGH,Retry payment after short delay,Automatic retry,1
TXN04114,CUST0546,5769.56,Card,Utilities,49,4,6,Network Error,1,55.1,1,17,1,5498.4,0.6469811906524039,HIGH,Retry payment,Automatic retry,1
TXN01644,CUST0781,7526.52,Card,Food,54,14,3,Timeout,2,15.1,1,12,0,0.0,0.6467228507322487,HIGH,Retry payment after short delay,Automatic retry,0
TXN00007,CUST1045,4486.29,Net Banking,Travel,22,16,1,Bank Declined,2,21.7,0,14,1,4347.64,0.6466530402723579,HIGH,Suggest alternative payment method,Customer notification,1
TXN02270,CUST1483,2047.01,Card,Entertainment,26,6,3,Authentication Failed,1,18.8,0,0,1,1866.72,0.6464204577069826,HIGH,Request customer authentication,Customer notification,1
TXN00511,CUST0769,3422.67,Card,Shopping,55,9,6,Network Error,1,38.2,0,15,1,3237.31,0.6462728556709668,HIGH,Retry payment,Automatic retry,1
TXN01256,CUST1087,1798.8,Net Banking,Entertainment,7,10,3,Authentication Failed,1,38.2,1,15,1,1632.38,0.6460795149055514,HIGH,Request customer authentication,Customer notification,1
TXN04739,CUST1475,9825.67,Net Banking,Entertainment,60,2,4,Insufficient Balance,1,26.2,0,3,1,9043.27,0.6460262888055556,HIGH,Ask customer to add funds or use another method,Customer notification,1
TXN03793,CUST0873,5659.69,Net Banking,Travel,15,4,1,Insufficient Balance,1,4.5,1,12,1,5344.09,0.6460060672975727,HIGH,Ask customer to add funds or use another method,Customer notification,1
TXN02377,CUST0517,283.46,Net Banking,Shopping,52,15,2,Insufficient Balance,2,0.5,0,8,1,255.65,0.6457534324259626,HIGH,Ask customer to add funds or use another method,Customer notification,1
TXN04433,CUST0553,6037.07,Wallet,Travel,53,14,0,Authentication Failed,2,68.8,0,5,1,5661.08,0.6456199881415293,HIGH,Request customer authentication,Customer notification,1
TXN01474,CUST0108,2895.44,UPI,Shopping,25,17,2,Timeout,3,15.4,0,12,0,0.0,0.6453080100533891,HIGH,Retry payment after short delay,Automatic retry,0
TXN04687,CUST0938,385.48,Card,Shopping,23,13,2,Insufficient Balance,1,37.3,0,20,1,356.48,0.6450486616417234,HIGH,Ask customer to add funds or use another method,Customer notification,1
TXN02537,CUST1277,1563.74,Wallet,Travel,2,15,1,Insufficient Balance,3,11.9,1,4,1,1407.39,0.6448664443585114,HIGH,Ask customer to add funds or use another method,Customer notification,1
TXN02815,CUST0209,2942.93,Wallet,Utilities,21,19,0,Network Error,3,8.5,0,16,0,0.0,0.6448544949727978,HIGH,Retry payment,Automatic retry,0
TXN02898,CUST1284,1034.54,Card,Shopping,39,18,0,Network Error,3,13.0,0,21,0,0.0,0.6447000432723843,HIGH,Retry payment,Automatic retry,0
TXN01114,CUST1039,2733.38,Wallet,Entertainment,43,12,3,Timeout,3,32.0,0,19,1,2507.24,0.6446058529101945,HIGH,Retry payment after short delay,Automatic retry,1
TXN03735,CUST0450,3528.03,UPI,Entertainment,53,15,2,Insufficient Balance,3,9.4,1,9,1,3299.93,0.6444385871008542,HIGH,Ask customer to add funds or use another method,Customer notification,1
TXN01855,CUST0455,7682.1,Wallet,Shopping,49,9,5,Bank Declined,2,1.0,1,1,1,7459.27,0.6443846651435743,HIGH,Suggest alternative payment method,Customer notification,1
TXN01892,CUST1487,3641.77,UPI,Travel,37,4,0,Timeout,2,14.9,0,5,1,3488.21,0.6441991705888727,HIGH,Retry payment after short delay,Automatic retry,1
TXN01729,CUST0295,8487.97,UPI,Utilities,36,14,6,Authentication Failed,2,9.9,0,5,1,8252.47,0.6440981262370411,HIGH,Request customer authentication,Customer notification,1
TXN03456,CUST1105,8365.5,Net Banking,Utilities,47,17,4,Authentication Failed,2,71.1,0,22,1,7869.53,0.6439277878639068,HIGH,Request customer authentication,Customer notification,1
TXN01203,CUST0825,8725.39,Wallet,Entertainment,48,14,3,Authentication Failed,2,25.9,1,9,0,0.0,0.6439169048882537,HIGH,Request customer authentication,Customer notification,0
TXN04929,CUST0690,6542.95,Card,Utilities,6,8,4,Network Error,2,17.1,1,21,1,6424.13,0.6434443389195239,HIGH,Retry payment,Automatic retry,1
TXN02613,CUST0554,4797.99,UPI,Utilities,15,19,1,Bank Declined,1,59.0,0,4,1,4719.99,0.643415174478057,HIGH,Suggest alternative payment method,Customer notification,1
TXN01456,CUST0958,3667.9,UPI,Shopping,24,4,1,Network Error,1,14.7,0,13,1,3629.01,0.6430398162065625,HIGH,Retry payment,Automatic retry,1
TXN00455,CUST0117,526.22,Card,Travel,47,4,0,Timeout,3,38.1,0,17,1,510.13,0.6428533944511703,HIGH,Retry payment after short delay,Automatic retry,1
TXN01777,CUST1294,5971.26,Wallet,Shopping,42,13,0,Timeout,1,58.8,0,19,0,0.0,0.6427979605286432,HIGH,Retry payment after short delay,Automatic retry,0
TXN01919,CUST0317,1060.09,Card,Utilities,38,11,5,Authentication Failed,1,10.5,0,14,1,1030.83,0.6420798351137854,HIGH,Request customer authentication,Customer notification,1
TXN03743,CUST1475,3314.58,UPI,Food,47,16,3,Network Error,1,54.0,0,15,0,0.0,0.6420648828456837,HIGH,Retry payment,Automatic retry,0
TXN00316,CUST1057,3058.69,Net Banking,Travel,4,18,0,Bank Declined,3,28.4,0,16,1,2918.11,0.6419174008735208,HIGH,Suggest alternative payment method,Customer notification,1
TXN03607,CUST1308,9334.44,Card,Food,11,4,3,Authentication Failed,1,8.9,1,21,1,8663.05,0.6419126321986451,HIGH,Request customer authentication,Customer notification,1
TXN01923,CUST1097,8465.62,Net Banking,Food,32,19,0,Insufficient Balance,2,49.7,0,6,1,8284.9,0.6417207628955748,HIGH,Ask customer to add funds or use another method,Customer notification,1
TXN04240,CUST1046,5275.03,Card,Utilities,41,8,1,Timeout,3,28.2,1,3,1,4825.68,0.6416909113761542,HIGH,Retry payment after short delay,Automatic retry,1
TXN03560,CUST0431,4610.69,UPI,Travel,31,6,3,Authentication Failed,1,7.7,0,5,1,4265.43,0.6414450193206772,HIGH,Request customer authentication,Customer notification,1
TXN01758,CUST0278,421.27,Wallet,Entertainment,17,14,4,Timeout,2,60.6,0,3,1,390.47,0.6414153777303916,HIGH,Retry payment after short delay,Automatic retry,1
TXN01174,CUST0993,7900.9,Card,Entertainment,11,13,7,Authentication Failed,1,54.9,1,14,1,7842.82,0.641255521292298,HIGH,Request customer authentication,Customer notification,1
TXN01952,CUST0971,7098.87,Card,Utilities,16,8,1,Authentication Failed,1,1.1,0,18,1,6815.07,0.6411850760305923,HIGH,Request customer authentication,Customer notification,1
TXN02325,CUST0483,4547.82,Wallet,Food,6,12,6,Network Error,2,35.8,0,12,1,4187.23,0.6411486267855041,HIGH,Retry payment,Automatic retry,1
TXN01189,CUST1014,3348.78,Card,Travel,53,19,3,Insufficient Balance,2,68.9,0,6,1,3236.4,0.6410308773168868,HIGH,Ask customer to add funds or use another method,Customer notification,1
TXN02337,CUST1184,7934.49,Net Banking,Shopping,18,13,5,Bank Declined,1,8.1,0,20,1,7495.96,0.6408277361064129,HIGH,Suggest alternative payment method,Customer notification,1
TXN03660,CUST0737,8399.69,UPI,Shopping,51,12,2,Timeout,2,33.4,0,21,0,0.0,0.640706666851254,HIGH,Retry payment after short delay,Automatic retry,0
TXN00793,CUST1169,7034.27,Card,Travel,44,14,3,Authentication Failed,1,20.5,0,0,0,0.0,0.6407056495133198,HIGH,Request customer authentication,Customer notification,0
TXN03806,CUST0325,6038.87,Card,Food,34,13,0,Authentication Failed,1,61.5,0,13,1,6027.69,0.6403626809509845,HIGH,Request customer authentication,Customer notification,1
TXN03124,CUST1040,5977.12,Wallet,Food,35,14,0,Bank Declined,2,38.0,0,23,1,5452.54,0.6403518417781286,HIGH,Suggest alternative payment method,Customer notification,1
TXN01740,CUST0856,470.23,Wallet,Shopping,29,2,4,Timeout,2,49.6,1,22,1,457.84,0.6402130359266448,HIGH,Retry payment after short delay,Automatic retry,1
TXN02317,CUST0857,8585.26,Card,Utilities,2,16,0,Bank Declined,3,31.2,0,1,1,8039.3,0.6402071081124169,HIGH,Suggest alternative payment method,Customer notification,1
TXN00938,CUST1336,9528.91,Card,Travel,46,10,0,Bank Declined,1,51.6,0,16,1,9159.32,0.640132741979632,HIGH,Suggest alternative payment method,Customer notification,1
TXN01148,CUST0130,1603.67,Card,Utilities,41,2,3,Timeout,1,4.4,0,6,1,1537.77,0.6396400793020859,HIGH,Retry payment after short delay,Automatic retry,1
TXN04826,CUST0671,9024.91,Card,Entertainment,36,2,6,Network Error,1,43.8,1,11,1,8696.97,0.6396246018576105,HIGH,Retry payment,Automatic retry,1
TXN04448,CUST1376,4992.16,Card,Food,37,10,5,Network Error,2,65.4,1,5,1,4901.15,0.639536089675496,HIGH,Retry payment,Automatic retry,1
TXN03823,CUST0624,7878.12,Net Banking,Food,12,19,2,Network Error,3,17.3,0,12,0,0.0,0.6393493736418564,HIGH,Retry payment,Automatic retry,0
TXN03467,CUST0223,7652.19,Wallet,Utilities,28,1,1,Timeout,2,59.8,1,2,1,6991.26,0.6393401371150138,HIGH,Retry payment after short delay,Automatic retry,1
TXN01651,CUST1291,9813.7,Card,Food,26,5,2,Insufficient Balance,1,36.9,0,21,1,9561.28,0.6393015658109745,HIGH,Ask customer to add funds or use another method,Customer notification,1
TXN02173,CUST0971,4990.39,Card,Travel,12,14,6,Network Error,2,29.7,0,1,1,4644.95,0.6391396385855619,HIGH,Retry payment,Automatic retry,1
TXN02369,CUST1377,1016.03,Net Banking,Travel,43,14,0,Authentication Failed,2,9.7,0,11,0,0.0,0.6389972986936854,HIGH,Request customer authentication,Customer notification,0
TXN02985,CUST1337,1459.3,Wallet,Travel,14,18,4,Bank Declined,3,32.0,1,16,1,1415.79,0.638963352723064,HIGH,Suggest alternative payment method,Customer notification,1
TXN02569,CUST0519,6466.3,Card,Travel,11,14,4,Network Error,1,59.9,0,16,1,6218.8,0.6389251180744139,HIGH,Retry payment,Automatic retry,1
TXN00469,CUST0897,5519.97,Net Banking,Food,27,19,0,Bank Declined,3,37.9,0,17,1,5435.16,0.638836582391868,HIGH,Suggest alternative payment method,Customer notification,1
TXN01314,CUST0579,7417.01,Net Banking,Entertainment,55,12,3,Bank Declined,3,27.7,0,21,1,6785.45,0.638651143944308,HIGH,Suggest alternative payment method,Customer notification,1
TXN03867,CUST0649,6732.7,Net Banking,Shopping,41,15,1,Network Error,3,30.3,0,14,0,0.0,0.6386234334959399,HIGH,Retry payment,Automatic retry,0
TXN03203,CUST0191,6809.05,UPI,Travel,1,4,6,Network Error,1,70.5,0,23,1,6474.9,0.6383934856488046,HIGH,Retry payment,Automatic retry,1
TXN02149,CUST0588,8597.47,Wallet,Travel,17,2,5,Network Error,1,32.0,1,14,1,8277.51,0.6382959943100522,HIGH,Retry payment,Automatic retry,1
TXN01393,CUST0075,8315.23,Card,Utilities,14,20,4,Authentication Failed,2,65.8,0,17,1,7602.14,0.6382401644969202,HIGH,Request customer authentication,Customer notification,1
TXN03435,CUST0041,7355.1,Wallet,Travel,48,18,4,Authentication Failed,3,37.5,0,7,1,7104.99,0.6377627939551541,HIGH,Request customer authentication,Customer notification,1
TXN04065,CUST0125,9718.01,Card,Entertainment,19,4,6,Timeout,2,19.5,0,23,1,9154.3,0.6375870236752705,HIGH,Retry payment after short delay,Automatic retry,1
TXN01581,CUST1383,8381.66,Wallet,Shopping,51,18,3,Timeout,3,46.1,0,9,0,0.0,0.6372527596675771,HIGH,Retry payment after short delay,Automatic retry,0
TXN03578,CUST1133,308.47,UPI,Food,47,11,2,Authentication Failed,2,35.8,0,18,1,277.74,0.6370470276463612,HIGH,Request customer authentication,Customer notification,1
TXN04985,CUST0709,6340.94,Wallet,Travel,38,4,0,Timeout,3,18.6,1,1,1,6146.52,0.6368894262161217,HIGH,Retry payment after short delay,Automatic retry,1
TXN03121,CUST0544,115.85,UPI,Entertainment,43,8,2,Timeout,2,62.3,0,17,1,104.36,0.6368160941906187,HIGH,Retry payment after short delay,Automatic retry,1
TXN00628,CUST1098,5165.22,UPI,Shopping,38,13,3,Network Error,3,7.2,0,22,0,0.0,0.6365487885001541,HIGH,Retry payment,Automatic retry,0
TXN00226,CUST1463,6300.59,Net Banking,Food,31,16,4,Bank Declined,1,32.0,0,17,1,5932.85,0.6364802982478666,HIGH,Suggest alternative payment method,Customer notification,1
TXN04388,CUST1108,8561.93,Wallet,Entertainment,30,10,1,Network Error,2,33.7,0,10,0,0.0,0.6362052082513691,HIGH,Retry payment,Automatic retry,0
TXN02469,CUST0594,4641.18,Net Banking,Travel,23,6,4,Network Error,1,25.9,0,11,1,4231.53,0.6361925184093007,HIGH,Retry payment,Automatic retry,1
TXN02454,CUST0311,5981.95,Card,Entertainment,20,10,4,Timeout,2,44.6,1,9,1,5959.58,0.6360931566159244,HIGH,Retry payment after short delay,Automatic retry,1
TXN02628,CUST1121,9092.64,Wallet,Entertainment,36,2,3,Network Error,3,15.7,1,4,1,8958.32,0.6360868499866514,HIGH,Retry payment,Automatic retry,1
TXN00237,CUST0752,9158.16,Wallet,Entertainment,55,5,2,Timeout,3,42.5,1,13,1,8709.43,0.6358256086466,HIGH,Retry payment after short delay,Automatic retry,1
TXN00934,CUST0365,2517.2,Net Banking,Travel,57,11,6,Authentication Failed,1,49.4,0,12,1,2368.17,0.6357922907872259,HIGH,Request customer authentication,Customer notification,1
TXN04396,CUST1053,454.09,Wallet,Travel,21,4,2,Timeout,3,62.7,1,14,1,420.84,0.6355852994784543,HIGH,Retry payment after short delay,Automatic retry,1
TXN01951,CUST0014,888.09,UPI,Entertainment,34,4,7,Network Error,2,11.9,1,1,1,862.68,0.6355442793908618,HIGH,Retry payment,Automatic retry,1
TXN03471,CUST1318,8031.52,UPI,Shopping,23,11,6,Authentication Failed,2,16.5,1,19,1,7412.96,0.6355326105420172,HIGH,Request customer authentication,Customer notification,1
TXN04288,CUST0073,9290.52,Net Banking,Travel,12,13,3,Insufficient Balance,2,0.9,0,10,1,8893.97,0.6351769722207112,HIGH,Ask customer to add funds or use another method,Customer notification,1
TXN03072,CUST0601,3553.82,Net Banking,Entertainment,2,18,2,Insufficient Balance,2,65.2,0,13,1,3437.44,0.6350869540253615,HIGH,Ask customer to add funds or use another method,Customer notification,1
TXN02259,CUST0291,9125.17,Card,Utilities,46,12,5,Authentication Failed,2,17.1,0,16,1,8317.3,0.6346181995170393,HIGH,Request customer authentication,Customer notification,1
TXN00693,CUST0815,7587.71,UPI,Entertainment,16,20,3,Timeout,1,48.8,1,6,0,0.0,0.6345693256409641,HIGH,Retry payment after short delay,Automatic retry,0
TXN02554,CUST1284,9537.83,UPI,Shopping,54,9,5,Timeout,2,55.8,1,4,1,8890.02,0.6344354509006668,HIGH,Retry payment after short delay,Automatic retry,1
TXN04572,CUST0363,6772.67,Card,Shopping,28,6,4,Network Error,2,17.3,0,17,1,6348.38,0.6341816909825966,HIGH,Retry payment,Automatic retry,1
TXN00074,CUST1026,3540.32,Wallet,Travel,35,10,1,Timeout,2,63.1,0,6,1,3305.56,0.6339708367465279,HIGH,Retry payment after short delay,Automatic retry,1
TXN01481,CUST1068,8913.34,Wallet,Travel,59,13,2,Insufficient Balance,3,51.8,1,13,1,8791.79,0.633936148018129,HIGH,Ask customer to add funds or use another method,Customer notification,1
TXN04664,CUST1309,8092.72,Net Banking,Food,9,12,6,Authentication Failed,1,55.9,1,1,1,7714.98,0.6338727883762572,HIGH,Request customer authentication,Customer notification,1
TXN01794,CUST0459,7977.04,UPI,Entertainment,12,9,0,Network Error,2,39.8,0,14,1,7893.41,0.6334313116860811,HIGH,Retry payment,Automatic retry,1
TXN00356,CUST0497,7856.65,Wallet,Food,3,18,2,Insufficient Balance,3,71.2,0,22,1,7458.63,0.6331618961004307,HIGH,Ask customer to add funds or use another method,Customer notification,1
TXN02904,CUST0075,1141.67,Net Banking,Shopping,56,14,6,Insufficient Balance,2,10.5,1,17,1,1046.48,0.6328201009900158,HIGH,Ask customer to add funds or use another method,Customer notification,1
TXN02053,CUST0919,4633.84,Card,Food,32,10,5,Authentication Failed,1,25.3,0,4,1,4565.98,0.6323729942791931,HIGH,Request customer authentication,Customer notification,1
TXN01836,CUST1084,7182.27,Card,Entertainment,45,11,5,Network Error,2,71.5,0,18,1,6706.29,0.6323051791698586,HIGH,Retry payment,Automatic retry,1
TXN02981,CUST1450,7378.99,UPI,Entertainment,49,2,2,Timeout,1,65.3,1,17,1,6820.39,0.6320081837055702,HIGH,Retry payment after short delay,Automatic retry,1
TXN03062,CUST0447,5290.72,UPI,Shopping,41,11,2,Insufficient Balance,1,41.4,1,20,1,5234.35,0.6315345684970546,HIGH,Ask customer to add funds or use another method,Customer notification,1
TXN04637,CUST0314,3378.96,Card,Shopping,56,18,4,Insufficient Balance,2,46.1,0,18,1,3195.74,0.6310984057389025,HIGH,Ask customer to add funds or use another method,Customer notification,1
TXN03160,CUST1155,388.33,Card,Food,34,6,4,Timeout,2,24.3,0,10,1,364.34,0.6310967531096833,HIGH,Retry payment after short delay,Automatic retry,1
TXN00302,CUST0338,2803.1,UPI,Entertainment,35,10,1,Insufficient Balance,2,9.2,1,3,1,2591.58,0.6310189434953877,HIGH,Ask customer to add funds or use another method,Customer notification,1
TXN04089,CUST1068,7261.61,Net Banking,Utilities,48,20,5,Insufficient Balance,3,66.2,1,11,1,6866.81,0.6309513273712807,HIGH,Ask customer to add funds or use another method,Customer notification,1
TXN01918,CUST1329,8837.89,Net Banking,Shopping,13,17,2,Insufficient Balance,1,62.3,1,1,1,8670.88,0.6309371689330585,HIGH,Ask customer to add funds or use another method,Customer notification,1
TXN03949,CUST0225,2900.57,UPI,Utilities,60,15,7,Authentication Failed,2,14.6,0,16,1,2710.24,0.6309053492793821,HIGH,Request customer authentication,Customer notification,1
TXN03245,CUST0899,7548.22,UPI,Utilities,54,19,3,Bank Declined,1,38.6,1,19,0,0.0,0.6306739142482302,HIGH,Suggest alternative payment method,Customer notification,0
TXN02093,CUST1059,3035.72,Wallet,Shopping,42,18,2,Bank Declined,3,8.5,0,19,1,2807.49,0.6304744658474023,HIGH,Suggest alternative payment method,Customer notification,1
TXN01408,CUST0027,8543.97,Card,Shopping,58,8,6,Network Error,3,45.1,0,6,1,7741.68,0.6304096182603586,HIGH,Retry payment,Automatic retry,1
TXN02038,CUST0231,7799.4,UPI,Shopping,10,20,2,Bank Declined,2,57.9,1,17,1,7772.06,0.6301885230985829,HIGH,Suggest alternative payment method,Customer notification,1
TXN04372,CUST0846,8459.58,Wallet,Travel,33,19,4,Authentication Failed,3,61.9,0,1,1,7855.55,0.6299175889616352,HIGH,Request customer authentication,Customer notification,1
TXN00833,CUST0103,7331.88,Wallet,Utilities,29,16,5,Network Error,1,46.5,1,23,0,0.0,0.6297878373466446,HIGH,Retry payment,Automatic retry,0
TXN04244,CUST0753,1807.22,Wallet,Travel,11,19,0,Network Error,3,28.4,0,8,0,0.0,0.6296123592031901,HIGH,Retry payment,Automatic retry,0
TXN02247,CUST0324,245.01,Wallet,Shopping,27,12,7,Bank Declined,1,43.3,1,5,1,242.55,0.6293555336194361,HIGH,Suggest alternative payment method,Customer notification,1
TXN02662,CUST0148,6864.93,Wallet,Entertainment,1,15,3,Network Error,3,41.6,0,0,1,6470.44,0.6293088454463551,HIGH,Retry payment,Automatic retry,1
TXN04302,CUST0065,5840.36,Wallet,Entertainment,8,13,4,Network Error,3,38.6,0,22,1,5790.64,0.6292022315683292,HIGH,Retry payment,Automatic retry,1
TXN04181,CUST0924,9270.17,Net Banking,Entertainment,37,1,2,Network Error,1,65.5,0,11,1,8535.57,0.6290714327601603,HIGH,Retry payment,Automatic retry,1
TXN00009,CUST0467,8624.35,UPI,Travel,1,12,6,Network Error,3,53.5,0,20,1,7930.15,0.6289631332179273,HIGH,Retry payment,Automatic retry,1
TXN02540,CUST0457,5717.69,UPI,Food,32,14,1,Network Error,3,59.1,0,14,1,5500.25,0.6288214717490906,HIGH,Retry payment,Automatic retry,1
TXN02936,CUST0792,6103.22,Card,Shopping,35,3,0,Timeout,2,19.1,0,15,1,5674.97,0.6287760145302143,HIGH,Retry payment after short delay,Automatic retry,1
TXN04852,CUST0401,8985.53,UPI,Utilities,16,18,3,Authentication Failed,3,54.2,0,8,1,8120.98,0.6286420665703057,HIGH,Request customer authentication,Customer notification,1
TXN01817,CUST1464,8650.05,Net Banking,Travel,30,14,0,Timeout,2,9.4,0,21,0,0.0,0.6284555413399656,HIGH,Retry payment after short delay,Automatic retry,0
TXN00839,CUST0098,1200.97,UPI,Utilities,32,18,5,Authentication Failed,1,26.2,0,14,0,0.0,0.6281247178813377,HIGH,Request customer authentication,Customer notification,0
TXN02168,CUST0781,217.99,Wallet,Shopping,19,0,5,Network Error,2,24.6,0,22,1,197.0,0.6281099104679174,HIGH,Retry payment,Automatic retry,1
TXN01467,CUST0061,3494.11,Card,Shopping,29,10,1,Network Error,1,10.3,0,20,0,0.0,0.6280314005007362,HIGH,Retry payment,Automatic retry,0
TXN00681,CUST1215,1591.81,Card,Entertainment,51,15,5,Insufficient Balance,2,30.1,0,23,1,1552.11,0.627980592142458,HIGH,Ask customer to add funds or use another method,Customer notification,1
TXN03616,CUST1164,4730.71,Net Banking,Shopping,48,12,2,Insufficient Balance,1,68.6,0,12,1,4652.66,0.6279167298864544,HIGH,Ask customer to add funds or use another method,Customer notification,1
TXN02471,CUST1182,3093.72,Net Banking,Travel,28,3,0,Network Error,2,46.8,1,1,1,2975.03,0.627869539907192,HIGH,Retry payment,Automatic retry,1
TXN00103,CUST1065,9756.2,Card,Entertainment,16,17,0,Bank Declined,3,53.6,0,14,1,9266.81,0.6278029272867984,HIGH,Suggest alternative payment method,Customer notification,1
TXN02521,CUST0390,6275.06,Net Banking,Travel,56,5,6,Timeout,2,15.9,1,0,1,6208.98,0.6276611143044049,HIGH,Retry payment after short delay,Automatic retry,1
TXN01394,CUST0838,6581.78,Card,Travel,10,6,0,Bank Declined,2,29.7,1,18,1,6170.98,0.6275268909503374,HIGH,Suggest alternative payment method,Customer notification,1
TXN00834,CUST1446,1440.02,Wallet,Shopping,3,6,3,Network Error,1,12.4,0,15,1,1421.37,0.6272246674029525,HIGH,Retry payment,Automatic retry,1
TXN01726,CUST0356,4557.74,Wallet,Shopping,23,20,6,Authentication Failed,2,32.7,0,12,1,4319.4,0.6269699520265554,HIGH,Request customer authentication,Customer notification,1
TXN01745,CUST0467,1295.39,Wallet,Food,10,7,4,Network Error,1,1.9,0,7,1,1206.11,0.6265611904623737,HIGH,Retry payment,Automatic retry,1
TXN04379,CUST0050,5907.8,Card,Entertainment,52,17,5,Network Error,1,2.7,0,16,0,0.0,0.6264579636753531,HIGH,Retry payment,Automatic retry,0
TXN00196,CUST1258,5587.94,Net Banking,Utilities,36,13,7,Network Error,2,40.0,0,17,1,5479.68,0.6264341589716957,HIGH,Retry payment,Automatic retry,1
TXN03956,CUST0644,5933.93,Wallet,Utilities,43,20,1,Insufficient Balance,2,49.7,1,15,1,5840.95,0.6262443982698879,HIGH,Ask customer to add funds or use another method,Customer notification,1
TXN02482,CUST0859,6348.06,Net Banking,Utilities,50,19,1,Timeout,3,40.4,0,1,0,0.0,0.6259720798489142,HIGH,Retry payment after short delay,Automatic retry,0
TXN00079,CUST0703,3129.91,Card,Travel,35,17,3,Insufficient Balance,1,67.4,0,4,1,2967.35,0.6254953146664541,HIGH,Ask customer to add funds or use another method,Customer notification,1
TXN03651,CUST0365,2901.71,UPI,Food,22,4,0,Authentication Failed,1,44.1,0,7,1,2612.12,0.6254721773762261,HIGH,Request customer authentication,Customer notification,1
TXN04327,CUST0339,8680.24,Card,Travel,26,9,0,Bank Declined,1,25.4,0,17,1,8462.07,0.6253491737295187,HIGH,Suggest alternative payment method,Customer notification,1
TXN02291,CUST0891,5495.32,Net Banking,Food,48,4,4,Timeout,1,12.7,0,9,1,4998.58,0.6249246017180986,HIGH,Retry payment after short delay,Automatic retry,1
TXN04684,CUST0638,9894.47,Card,Food,38,2,2,Authentication Failed,3,67.2,1,22,1,9249.26,0.6248636195324146,HIGH,Request customer authentication,Customer notification,1
TXN02726,CUST0414,7326.24,Card,Entertainment,33,3,2,Timeout,2,13.1,0,10,1,7258.91,0.6241414237994455,HIGH,Retry payment after short delay,Automatic retry,1
TXN03078,CUST0779,8561.28,Net Banking,Travel,52,11,3,Authentication Failed,3,54.3,1,14,1,7716.47,0.6241381469318464,HIGH,Request customer authentication,Customer notification,1
TXN00388,CUST1200,1644.75,Card,Travel,26,15,2,Network Error,2,33.2,0,21,0,0.0,0.6237820115820569,HIGH,Retry payment,Automatic retry,0
TXN02264,CUST0002,9070.76,Net Banking,Travel,15,14,2,Insufficient Balance,2,16.6,0,11,1,8243.09,0.6236386448882608,HIGH,Ask customer to add funds or use another method,Customer notification,1
TXN03825,CUST1445,8188.3,Wallet,Utilities,25,18,2,Insufficient Balance,2,20.6,0,12,1,8102.04,0.6232728614207335,HIGH,Ask customer to add funds or use another method,Customer notification,1
TXN00721,CUST1432,8954.6,Card,Shopping,21,16,5,Bank Declined,1,9.8,0,13,1,8221.55,0.6232125202658032,HIGH,Suggest alternative payment method,Customer notification,1
TXN03369,CUST0881,8199.23,Wallet,Travel,12,18,1,Bank Declined,2,27.8,0,18,1,8043.84,0.622954438281731,HIGH,Suggest alternative payment method,Customer notification,1
TXN04452,CUST1467,4869.85,Card,Food,26,18,4,Authentication Failed,3,10.6,0,9,0,0.0,0.6228930566758994,HIGH,Request customer authentication,Customer notification,0
TXN01968,CUST0307,6932.22,Net Banking,Entertainment,39,18,5,Bank Declined,2,7.3,0,1,1,6377.22,0.6228890549067928,HIGH,Suggest alternative payment method,Customer notification,1
TXN03336,CUST0579,593.66,Card,Entertainment,41,4,1,Authentication Failed,2,20.1,0,0,1,540.75,0.6228690474864345,HIGH,Request customer authentication,Customer notification,1
TXN00340,CUST0659,8742.89,UPI,Food,17,14,0,Bank Declined,3,60.7,1,5,1,8610.8,0.6224479460600159,HIGH,Suggest alternative payment method,Customer notification,1
TXN01278,CUST0590,6641.91,Wallet,Shopping,48,9,3,Bank Declined,1,12.6,0,21,1,6617.72,0.6224026601953313,HIGH,Suggest alternative payment method,Customer notification,1
TXN03137,CUST0353,6404.53,Card,Food,59,8,1,Bank Declined,2,24.9,0,1,1,6003.48,0.6221541378719049,HIGH,Suggest alternative payment method,Customer notification,1
TXN03734,CUST0322,8196.72,Card,Travel,14,15,1,Insufficient Balance,2,55.8,0,2,1,8104.52,0.6221316130073294,HIGH,Ask customer to add funds or use another method,Customer notification,1
TXN03222,CUST1275,7321.21,Wallet,Travel,36,13,5,Authentication Failed,2,1.5,0,0,1,6811.77,0.6220686995414806,HIGH,Request customer authentication,Customer notification,1
TXN03406,CUST1264,7477.89,Card,Shopping,59,11,3,Insufficient Balance,3,47.5,0,16,1,7027.83,0.6218955651134891,HIGH,Ask customer to add funds or use another method,Customer notification,1
TXN00453,CUST0741,1004.6,Net Banking,Utilities,17,9,3,Timeout,2,29.6,0,20,1,990.72,0.6214991621436623,HIGH,Retry payment after short delay,Automatic retry,1
TXN02505,CUST1141,9258.14,Wallet,Shopping,59,2,3,Network Error,1,15.2,0,9,1,8535.79,0.621467122184128,HIGH,Retry payment,Automatic retry,1
TXN03075,CUST1451,8753.68,Net Banking,Shopping,47,12,1,Network Error,1,25.3,0,6,0,0.0,0.6214524957163247,HIGH,Retry payment,Automatic retry,0
TXN04145,CUST0354,7229.01,Net Banking,Utilities,39,19,5,Network Error,2,37.6,0,5,0,0.0,0.6213447618828076,HIGH,Retry payment,Automatic retry,0
TXN02389,CUST1154,7553.19,Card,Food,37,8,5,Network Error,2,2.0,0,2,1,6870.34,0.6211079916502977,HIGH,Retry payment,Automatic retry,1
TXN00116,CUST0419,7827.5,Wallet,Shopping,28,4,0,Network Error,2,40.2,0,10,1,7355.67,0.6209705397751253,HIGH,Retry payment,Automatic retry,1
TXN01565,CUST1063,5599.42,Wallet,Utilities,10,12,3,Bank Declined,1,13.5,0,3,1,5510.25,0.6208447597740934,HIGH,Suggest alternative payment method,Customer notification,1
TXN03603,CUST0787,2733.61,UPI,Travel,18,19,5,Timeout,3,34.3,0,9,0,0.0,0.6208278904673041,HIGH,Retry payment after short delay,Automatic retry,0
TXN04426,CUST0154,5790.91,Card,Travel,48,5,1,Timeout,1,19.0,1,3,0,0.0,0.6207933831059106,HIGH,Retry payment after short delay,Automatic retry,0
TXN02827,CUST0132,4674.19,UPI,Shopping,53,4,2,Timeout,2,50.1,1,20,1,4352.17,0.6207782842681067,HIGH,Retry payment after short delay,Automatic retry,1
TXN03678,CUST0277,7898.0,Wallet,Travel,15,15,3,Insufficient Balance,2,21.8,0,10,1,7381.49,0.6206123971605494,HIGH,Ask customer to add funds or use another method,Customer notification,1
TXN00106,CUST0065,7790.35,Wallet,Shopping,2,10,2,Timeout,2,64.5,0,21,1,7480.35,0.6205252867863237,HIGH,Retry payment after short delay,Automatic retry,1
TXN01949,CUST0809,5177.34,Wallet,Travel,48,17,5,Bank Declined,2,71.6,1,8,1,5016.16,0.6202701780680756,HIGH,Suggest alternative payment method,Customer notification,1
TXN04088,CUST0086,7914.86,Net Banking,Shopping,13,15,0,Authentication Failed,3,43.0,0,6,1,7428.97,0.6196162568309437,HIGH,Request customer authentication,Customer notification,1
TXN03452,CUST0387,4880.26,Wallet,Travel,35,15,4,Network Error,1,48.4,0,16,0,0.0,0.6193722380218878,HIGH,Retry payment,Automatic retry,0
TXN01489,CUST0339,5042.07,UPI,Food,2,3,0,Authentication Failed,2,1.8,0,14,1,4544.41,0.619230291896543,HIGH,Request customer authentication,Customer notification,1
TXN00496,CUST0474,8882.48,Wallet,Food,20,10,3,Timeout,3,9.0,0,10,1,8099.86,0.619226791398997,HIGH,Retry payment after short delay,Automatic retry,1
TXN01225,CUST0418,4824.28,Wallet,Food,47,4,2,Authentication Failed,2,1.8,1,15,1,4821.07,0.6191241633634489,HIGH,Request customer authentication,Customer notification,1
TXN01576,CUST1263,1279.15,Net Banking,Travel,17,3,0,Insufficient Balance,2,33.3,1,0,1,1260.97,0.6188401395222135,HIGH,Ask customer to add funds or use another method,Customer notification,1
TXN02169,CUST0585,1482.95,Net Banking,Utilities,54,14,6,Authentication Failed,2,16.4,0,2,1,1407.84,0.6185009487570391,HIGH,Request customer authentication,Customer notification,1
TXN04562,CUST1393,7082.54,Net Banking,Utilities,34,1,0,Insufficient Balance,1,14.6,1,13,1,6772.0,0.6179371833120975,HIGH,Ask customer to add funds or use another method,Customer notification,1
TXN02086,CUST0511,2729.02,Net Banking,Travel,32,9,5,Network Error,3,62.0,1,4,1,2714.5,0.617752221461101,HIGH,Retry payment,Automatic retry,1
TXN00156,CUST0096,7388.77,Wallet,Food,18,12,7,Timeout,1,57.3,0,4,1,6778.98,0.6176318671097669,HIGH,Retry payment after short delay,Automatic retry,1
TXN04733,CUST1306,6231.55,Net Banking,Food,26,20,7,Network Error,2,19.8,0,11,0,0.0,0.617577079171877,HIGH,Retry payment,Automatic retry,0
TXN01108,CUST0198,3667.72,Net Banking,Shopping,47,16,3,Insufficient Balance,1,61.1,0,10,1,3353.98,0.6175366374682332,HIGH,Ask customer to add funds or use another method,Customer notification,1
TXN03236,CUST0281,512.28,Card,Shopping,22,19,2,Authentication Failed,3,8.8,1,22,0,0.0,0.617117340323584,HIGH,Request customer authentication,Customer notification,0
TXN01317,CUST1288,8786.78,Wallet,Travel,21,15,1,Authentication Failed,3,46.6,0,5,1,8072.19,0.6170106783455066,HIGH,Request customer authentication,Customer notification,1
TXN04024,CUST0598,8470.96,UPI,Entertainment,35,12,4,Network Error,2,28.1,0,20,0,0.0,0.6168327447744019,HIGH,Retry payment,Automatic retry,0
TXN01359,CUST0905,6772.77,Wallet,Shopping,51,18,7,Bank Declined,3,15.2,0,15,1,6608.25,0.6164332400095991,HIGH,Suggest alternative payment method,Customer notification,1
TXN00357,CUST0302,7027.08,Card,Food,30,13,5,Timeout,1,3.0,0,1,0,0.0,0.6163277339021682,HIGH,Retry payment after short delay,Automatic retry,0
TXN00249,CUST0403,8367.15,UPI,Travel,21,7,0,Insufficient Balance,3,40.3,1,23,1,7540.6,0.6162616456731395,HIGH,Ask customer to add funds or use another method,Customer notification,1
TXN00445,CUST0370,2697.2,Card,Entertainment,15,14,3,Timeout,1,13.2,0,5,0,0.0,0.6161631533631471,HIGH,Retry payment after short delay,Automatic retry,0
TXN01025,CUST1459,5728.67,UPI,Entertainment,55,12,0,Authentication Failed,2,66.9,0,3,1,5356.82,0.6159730996459742,HIGH,Request customer authentication,Customer notification,1
TXN00264,CUST0263,6568.5,UPI,Food,27,13,6,Bank Declined,1,31.9,0,21,1,6317.34,0.6159251432348586,HIGH,Suggest alternative payment method,Customer notification,1
TXN02899,CUST0660,1344.49,Net Banking,Food,44,16,0,Insufficient Balance,2,60.5,0,20,1,1323.55,0.6159154921747446,HIGH,Ask customer to add funds or use another method,Customer notification,1
TXN02302,CUST0378,1804.76,Card,Travel,17,11,4,Bank Declined,3,11.3,1,18,1,1777.62,0.6159128147581,HIGH,Suggest alternative payment method,Customer notification,1
TXN00701,CUST1251,9036.78,Net Banking,Food,36,14,1,Authentication Failed,2,49.2,0,1,1,8935.22,0.6158526065973126,HIGH,Request customer authentication,Customer notification,1
TXN03425,CUST0420,8741.02,UPI,Travel,54,11,5,Authentication Failed,1,9.9,0,20,0,0.0,0.6153859215691617,HIGH,Request customer authentication,Customer notification,0
TXN01778,CUST0704,4943.35,Card,Food,54,16,6,Insufficient Balance,3,39.0,0,20,1,4865.99,0.6153161224149105,HIGH,Ask customer to add funds or use another method,Customer notification,1
TXN04224,CUST0751,7289.28,UPI,Shopping,60,8,5,Insufficient Balance,2,38.1,0,4,1,7062.29,0.6152908722873787,HIGH,Ask customer to add funds or use another method,Customer notification,1
TXN01574,CUST0272,7424.69,Card,Shopping,31,9,1,Authentication Failed,1,18.2,0,9,0,0.0,0.6151010017392178,HIGH,Request customer authentication,Customer notification,0
TXN03976,CUST1355,5209.73,Card,Food,43,11,2,Insufficient Balance,3,4.5,1,11,1,5080.91,0.614931132759018,HIGH,Ask customer to add funds or use another method,Customer notification,1
TXN01618,CUST0885,5116.19,Wallet,Food,41,6,0,Insufficient Balance,1,67.3,1,15,1,5104.98,0.6149177039651365,HIGH,Ask customer to add funds or use another method,Customer notification,1
TXN00305,CUST0957,1236.49,Net Banking,Shopping,13,14,3,Timeout,3,46.0,0,18,1,1197.32,0.6148306308694462,HIGH,Retry payment after short delay,Automatic retry,1
TXN01830,CUST1009,5077.23,Net Banking,Entertainment,34,0,1,Insufficient Balance,1,2.1,0,0,1,4598.91,0.6148240021828633,HIGH,Ask customer to add funds or use another method,Customer notification,1
TXN03805,CUST0390,322.25,Card,Shopping,45,7,5,Authentication Failed,2,16.8,1,7,1,310.92,0.614141262403632,HIGH,Request customer authentication,Customer notification,1
TXN04851,CUST1466,6755.56,Wallet,Utilities,41,7,6,Authentication Failed,1,25.6,1,9,1,6713.63,0.6137961254186665,HIGH,Request customer authentication,Customer notification,1
TXN02559,CUST0820,1343.26,Net Banking,Shopping,30,20,7,Authentication Failed,3,51.4,0,9,1,1224.25,0.6137761984370647,HIGH,Request customer authentication,Customer notification,1
TXN03451,CUST0629,8435.64,Net Banking,Travel,9,14,3,Bank Declined,2,12.6,0,21,1,8127.94,0.6135533844744999,HIGH,Suggest alternative payment method,Customer notification,1
TXN02745,CUST1384,5041.18,UPI,Entertainment,37,13,5,Network Error,3,61.7,0,3,1,4940.34,0.6133610839904836,HIGH,Retry payment,Automatic retry,1
TXN04715,CUST0449,2047.91,Card,Utilities,16,20,6,Insufficient Balance,2,37.9,0,16,1,1959.69,0.6132121213171029,HIGH,Ask customer to add funds or use another method,Customer notification,1
TXN00395,CUST0828,5807.08,Net Banking,Travel,31,1,0,Insufficient Balance,3,12.8,1,21,1,5339.5,0.6131895503201978,HIGH,Ask customer to add funds or use another method,Customer notification,1
TXN01288,CUST0947,1143.51,Wallet,Utilities,48,13,3,Timeout,3,49.8,0,4,1,1078.82,0.6130814090027138,HIGH,Retry payment after short delay,Automatic retry,1
TXN04204,CUST0581,9746.06,UPI,Entertainment,36,17,1,Authentication Failed,1,42.3,0,11,0,0.0,0.6127715217426403,HIGH,Request customer authentication,Customer notification,0
TXN02193,CUST0143,6869.5,Net Banking,Utilities,26,6,7,Network Error,3,5.5,1,6,1,6621.26,0.6126060175761284,HIGH,Retry payment,Automatic retry,1
TXN04322,CUST0925,5638.81,Card,Travel,50,4,2,Timeout,1,41.8,0,5,1,5250.99,0.6123712292109462,HIGH,Retry payment after short delay,Automatic retry,1
TXN03184,CUST0862,5292.56,Card,Food,48,17,6,Authentication Failed,3,34.8,0,6,1,4865.38,0.6119987998031976,HIGH,Request customer authentication,Customer notification,1
TXN03693,CUST0647,7548.12,UPI,Shopping,35,15,3,Authentication Failed,3,32.0,0,7,1,6925.53,0.6119904335930333,HIGH,Request customer authentication,Customer notification,1
TXN01656,CUST1219,3890.54,Wallet,Travel,20,13,5,Timeout,2,69.1,1,18,1,3612.05,0.611868278443913,HIGH,Retry payment after short delay,Automatic retry,1
TXN02748,CUST0663,2486.54,Card,Entertainment,5,10,0,Network Error,1,57.3,0,15,1,2445.85,0.6118585364066783,HIGH,Retry payment,Automatic retry,1
TXN04517,CUST0039,7868.76,Wallet,Shopping,24,17,3,Insufficient Balance,1,53.5,0,9,1,7778.39,0.6116599654144309,HIGH,Ask customer to add funds or use another method,Customer notification,1
TXN00450,CUST0831,3858.21,Net Banking,Shopping,57,18,7,Bank Declined,2,63.7,0,9,1,3738.47,0.611587545316223,HIGH,Suggest alternative payment method,Customer notification,1
TXN03554,CUST0786,8041.81,UPI,Travel,10,1,2,Timeout,1,66.2,0,0,1,7514.56,0.6115157658426295,HIGH,Retry payment after short delay,Automatic retry,1
TXN03453,CUST1374,6627.64,Card,Food,55,13,2,Timeout,2,27.3,1,16,0,0.0,0.6113975780767643,HIGH,Retry payment after short delay,Automatic retry,0
TXN01553,CUST0894,8569.96,Net Banking,Entertainment,59,6,5,Timeout,3,34.8,0,20,1,7891.03,0.6110181447118136,HIGH,Retry payment after short delay,Automatic retry,1
TXN02961,CUST1206,4492.09,Wallet,Food,6,13,6,Bank Declined,1,6.6,0,5,1,4124.36,0.6109077598297801,HIGH,Suggest alternative payment method,Customer notification,1
TXN00962,CUST1236,9841.91,UPI,Entertainment,28,19,4,Timeout,1,61.6,0,13,0,0.0,0.6108053346805093,HIGH,Retry payment after short delay,Automatic retry,0
TXN01211,CUST1333,6287.3,Card,Travel,39,4,0,Authentication Failed,2,20.7,0,14,1,6083.72,0.6107767821228758,HIGH,Request customer authentication,Customer notification,1
TXN04767,CUST0630,4121.87,Wallet,Entertainment,41,10,0,Timeout,3,49.6,0,6,1,3845.35,0.6107491019041661,HIGH,Retry payment after short delay,Automatic retry,1
TXN01986,CUST0159,5189.41,Card,Entertainment,40,10,1,Authentication Failed,3,5.5,0,2,1,4714.66,0.6104089782240951,HIGH,Request customer authentication,Customer notification,1
TXN04046,CUST0560,902.49,UPI,Shopping,19,13,2,Authentication Failed,2,16.6,1,14,0,0.0,0.610351787993018,HIGH,Request customer authentication,Customer notification,0
TXN00942,CUST0919,4796.91,UPI,Entertainment,29,19,1,Authentication Failed,3,37.5,0,16,0,0.0,0.6101336676008178,HIGH,Request customer authentication,Customer notification,0
TXN03246,CUST1450,274.69,UPI,Shopping,38,19,0,Bank Declined,3,68.6,0,5,1,259.15,0.6098011730352587,HIGH,Suggest alternative payment method,Customer notification,1
TXN03892,CUST0227,1068.78,UPI,Utilities,54,0,0,Network Error,2,13.1,0,10,1,1058.66,0.6094020218149291,HIGH,Retry payment,Automatic retry,1
TXN00924,CUST0303,8266.05,Net Banking,Food,45,16,0,Bank Declined,2,16.4,1,8,0,0.0,0.6093083888498846,HIGH,Suggest alternative payment method,Customer notification,0
TXN04721,CUST0093,1349.33,Wallet,Food,50,6,4,Network Error,2,40.3,1,9,1,1321.1,0.6091512218132107,HIGH,Retry payment,Automatic retry,1
TXN01598,CUST1368,7103.52,Card,Food,13,18,4,Bank Declined,2,50.6,1,4,1,6788.11,0.6089397452805505,HIGH,Suggest alternative payment method,Customer notification,1
TXN02806,CUST1417,7319.19,Net Banking,Shopping,9,16,6,Bank Declined,3,35.6,1,2,1,7238.88,0.608596712505909,HIGH,Suggest alternative payment method,Customer notification,1
TXN02016,CUST0530,7627.25,Net Banking,Travel,51,13,3,Insufficient Balance,3,2.5,0,22,1,6921.86,0.6085905581587234,HIGH,Ask customer to add funds or use another method,Customer notification,1
TXN00651,CUST0217,1307.87,Net Banking,Utilities,42,12,4,Timeout,1,2.4,0,14,0,0.0,0.6085516484447547,HIGH,Retry payment after short delay,Automatic retry,0
TXN01269,CUST0285,4166.02,UPI,Entertainment,39,15,6,Network Error,1,17.7,0,19,0,0.0,0.6085082052653172,HIGH,Retry payment,Automatic retry,0
TXN03493,CUST0560,8632.56,Card,Entertainment,51,15,2,Authentication Failed,1,51.9,0,14,0,0.0,0.6084748752711537,HIGH,Request customer authentication,Customer notification,0
TXN01572,CUST0748,2813.79,Wallet,Utilities,3,6,1,Authentication Failed,1,49.4,0,20,1,2803.38,0.608363654894324,HIGH,Request customer authentication,Customer notification,1
TXN01249,CUST0849,5868.02,Wallet,Entertainment,20,16,3,Bank Declined,3,9.2,0,23,1,5506.92,0.608266861830252,HIGH,Suggest alternative payment method,Customer notification,1
TXN03993,CUST0456,7059.62,UPI,Shopping,24,8,2,Authentication Failed,3,2.4,1,5,1,6825.19,0.6082591742620469,HIGH,Request customer authentication,Customer notification,1
TXN02127,CUST0892,6068.64,Net Banking,Entertainment,10,6,2,Network Error,2,14.1,0,0,1,5848.58,0.6080954580165584,HIGH,Retry payment,Automatic retry,1
TXN01677,CUST0037,5220.37,Wallet,Shopping,19,6,1,Network Error,1,55.0,0,10,1,4989.28,0.6077450128236696,HIGH,Retry payment,Automatic retry,1
TXN00025,CUST0956,7503.16,Card,Food,49,0,3,Network Error,2,5.8,0,15,1,7480.08,0.6076461781059472,HIGH,Retry payment,Automatic retry,1
TXN02592,CUST0338,257.61,Card,Utilities,13,15,3,Insufficient Balance,2,61.6,0,0,1,256.02,0.6075095316596568,HIGH,Ask customer to add funds or use another method,Customer notification,1
TXN03318,CUST0559,9632.63,Card,Entertainment,22,10,4,Network Error,2,52.6,1,16,1,9623.51,0.6074881405580145,HIGH,Retry payment,Automatic retry,1
TXN01801,CUST0397,7994.2,Card,Travel,18,10,5,Authentication Failed,2,13.8,1,5,1,7400.43,0.6073130984036814,HIGH,Request customer authentication,Customer notification,1
TXN02732,CUST0888,6530.48,Card,Utilities,15,1,4,Network Error,1,30.0,0,0,1,6376.08,0.6072131582366106,HIGH,Retry payment,Automatic retry,1
TXN03946,CUST0160,8429.26,Net Banking,Travel,42,8,4,Network Error,2,37.8,0,9,1,8150.96,0.6071860695801378,HIGH,Retry payment,Automatic retry,1
TXN01681,CUST0973,2094.49,UPI,Entertainment,47,4,3,Insufficient Balance,1,10.2,1,2,1,2041.29,0.6071000154994416,HIGH,Ask customer to add funds or use another method,Customer notification,1
TXN01747,CUST1479,1950.62,UPI,Travel,55,19,2,Authentication Failed,3,22.2,0,13,0,0.0,0.6069627003164514,HIGH,Request customer authentication,Customer notification,0
TXN03055,CUST0782,7089.25,Wallet,Shopping,51,9,2,Network Error,2,22.3,0,17,0,0.0,0.6067285807092635,HIGH,Retry payment,Automatic retry,0
TXN02412,CUST0912,6257.61,Wallet,Food,47,18,2,Bank Declined,1,17.2,0,23,0,0.0,0.606721755531536,HIGH,Suggest alternative payment method,Customer notification,0
TXN03178,CUST0279,5351.2,UPI,Utilities,34,20,3,Network Error,1,45.9,0,21,0,0.0,0.6062375901930434,HIGH,Retry payment,Automatic retry,0
TXN01137,CUST0815,498.86,Wallet,Travel,45,14,6,Timeout,3,38.7,0,10,1,469.27,0.6060149296665542,HIGH,Retry payment after short delay,Automatic retry,1
TXN04993,CUST0683,400.76,Wallet,Shopping,38,1,2,Bank Declined,2,2.1,0,10,1,369.59,0.605765104882339,HIGH,Suggest alternative payment method,Customer notification,1
TXN02774,CUST0515,8898.65,Net Banking,Food,3,0,1,Timeout,1,41.1,0,9,1,8532.08,0.605747219742436,HIGH,Retry payment after short delay,Automatic retry,1
TXN02743,CUST0661,7258.27,Card,Utilities,51,8,0,Insufficient Balance,3,70.1,1,12,1,6568.7,0.6057103900564141,HIGH,Ask customer to add funds or use another method,Customer notification,1
TXN01571,CUST0245,6835.81,UPI,Travel,37,10,6,Authentication Failed,1,59.1,0,11,1,6420.57,0.6056348719318267,HIGH,Request customer authentication,Customer notification,1
TXN01246,CUST1493,8648.5,Net Banking,Utilities,25,14,1,Timeout,1,64.1,0,7,0,0.0,0.6053698231676585,HIGH,Retry payment after short delay,Automatic retry,0
TXN02133,CUST0669,3543.05,UPI,Food,29,8,4,Authentication Failed,2,1.6,1,1,1,3525.69,0.6052421643692587,HIGH,Request customer authentication,Customer notification,1
TXN03462,CUST1381,5340.97,Wallet,Entertainment,53,19,0,Authentication Failed,3,27.5,1,1,0,0.0,0.6051062848466782,HIGH,Request customer authentication,Customer notification,0
TXN00841,CUST1359,3043.88,Net Banking,Shopping,10,9,3,Network Error,3,26.5,0,13,1,2911.22,0.6046798592461222,HIGH,Retry payment,Automatic retry,1
TXN00404,CUST0972,6056.65,Net Banking,Travel,7,3,2,Authentication Failed,1,58.7,1,16,1,5706.68,0.6045565946637477,HIGH,Request customer authentication,Customer notification,1
TXN00993,CUST1374,2157.06,Card,Shopping,9,7,5,Timeout,1,20.6,0,4,1,1975.7,0.6044034236830889,HIGH,Retry payment after short delay,Automatic retry,1
TXN02184,CUST1389,2617.17,UPI,Utilities,56,9,3,Bank Declined,2,18.1,0,19,1,2437.66,0.604335907263812,HIGH,Suggest alternative payment method,Customer notification,1
TXN01096,CUST1047,3908.85,Wallet,Utilities,34,7,2,Timeout,2,17.4,0,13,1,3745.47,0.6043315918172352,HIGH,Retry payment after short delay,Automatic retry,1
TXN04587,CUST1238,4598.78,Wallet,Food,12,18,1,Network Error,1,53.1,1,19,0,0.0,0.6040040362104051,HIGH,Retry payment,Automatic retry,0
TXN03319,CUST0527,1838.24,Net Banking,Utilities,39,12,7,Bank Declined,1,43.3,1,11,1,1727.58,0.6039558841930099,HIGH,Suggest alternative payment method,Customer notification,1
TXN03679,CUST1228,3179.26,UPI,Entertainment,17,16,6,Insufficient Balance,3,67.8,1,23,1,3034.54,0.6039201304939844,HIGH,Ask customer to add funds or use another method,Customer notification,1
TXN02219,CUST0665,3127.55,Net Banking,Utilities,60,6,4,Timeout,2,63.8,0,2,1,3009.65,0.6039111516984424,HIGH,Retry payment after short delay,Automatic retry,1
TXN00335,CUST0879,547.97,UPI,Shopping,19,8,3,Bank Declined,2,1.0,0,17,1,544.44,0.6037725571133059,HIGH,Suggest alternative payment method,Customer notification,1
TXN04067,CUST1297,7944.67,Card,Entertainment,30,17,3,Bank Declined,2,7.5,1,12,0,0.0,0.603768631988237,HIGH,Suggest alternative payment method,Customer notification,0
TXN02905,CUST0137,6753.0,Wallet,Food,54,11,4,Insufficient Balance,1,23.1,0,14,1,6338.55,0.6034402989025416,HIGH,Ask customer to add funds or use another method,Customer notification,1
TXN04580,CUST0092,8052.31,Wallet,Entertainment,24,18,4,Timeout,3,22.8,0,17,0,0.0,0.603256860497049,HIGH,Retry payment after short delay,Automatic retry,0
TXN04718,CUST0141,7094.84,Card,Shopping,52,8,6,Authentication Failed,3,21.6,1,13,1,6616.23,0.6028080513747911,HIGH,Request customer authentication,Customer notification,1
TXN04738,CUST0305,9106.3,Wallet,Utilities,47,8,2,Bank Declined,2,1.4,0,8,1,8644.56,0.6025859635389279,HIGH,Suggest alternative payment method,Customer notification,1
TXN03085,CUST0164,4769.82,Net Banking,Shopping,55,8,0,Insufficient Balance,1,35.8,0,18,1,4558.94,0.6023644323814873,HIGH,Ask customer to add funds or use another method,Customer notification,1
TXN00614,CUST1210,4353.27,Net Banking,Entertainment,6,14,0,Authentication Failed,2,33.8,0,19,0,0.0,0.6023512351408966,HIGH,Request customer authentication,Customer notification,0
TXN02017,CUST0021,7251.87,Wallet,Entertainment,28,3,5,Network Error,3,6.1,1,9,1,6846.94,0.6017455329914337,HIGH,Retry payment,Automatic retry,1
TXN00052,CUST1298,758.62,Net Banking,Utilities,9,9,3,Bank Declined,3,1.4,0,17,1,749.96,0.6016840046347798,HIGH,Suggest alternative payment method,Customer notification,1
TXN00512,CUST1016,860.39,Net Banking,Utilities,9,4,0,Bank Declined,2,7.6,0,12,1,811.58,0.6016733314698539,HIGH,Suggest alternative payment method,Customer notification,1
TXN00380,CUST0962,8987.66,Wallet,Food,25,1,4,Timeout,1,13.1,1,9,1,8867.0,0.6016007579523055,HIGH,Retry payment after short delay,Automatic retry,1
TXN01250,CUST1108,9955.19,Wallet,Travel,31,6,6,Timeout,2,35.2,0,11,1,9099.98,0.6014200938633936,HIGH,Retry payment after short delay,Automatic retry,1
TXN04187,CUST1391,3538.15,Wallet,Utilities,2,5,0,Insufficient Balance,1,48.5,0,12,1,3470.92,0.6008901090349249,HIGH,Ask customer to add funds or use another method,Customer notification,1
TXN00437,CUST0884,9081.76,Wallet,Shopping,53,10,3,Authentication Failed,2,45.4,0,12,1,8300.62,0.6004267181462386,HIGH,Request customer authentication,Customer notification,1
TXN04290,CUST0582,4273.39,UPI,Travel,55,3,0,Network Error,3,35.6,0,22,1,3938.82,0.6002951524028493,HIGH,Retry payment,Automatic retry,1
TXN01139,CUST0216,6836.75,UPI,Entertainment,59,9,5,Insufficient Balance,3,5.7,0,19,1,6553.03,0.6002343634265779,HIGH,Ask customer to add funds or use another method,Customer notification,1
TXN03188,CUST0893,9729.62,UPI,Food,22,7,5,Network Error,1,44.6,0,10,1,8774.83,0.6001302975772596,HIGH,Retry payment,Automatic retry,1
TXN02645,CUST0467,3354.73,UPI,Travel,22,17,3,Timeout,2,51.7,1,6,0,0.0,0.6000048858675273,HIGH,Retry payment after short delay,Automatic retry,0
TXN00622,CUST0733,4973.1,Net Banking,Entertainment,47,11,0,Bank Declined,3,7.8,1,9,1,4568.67,0.5996419452537058,MEDIUM,Suggest alternative payment method,Customer notification,1
TXN01606,CUST0807,3351.02,Wallet,Utilities,31,3,0,Timeout,1,58.0,0,21,1,3181.87,0.5995495098170159,MEDIUM,Retry payment after short delay,Automatic retry,1
TXN00023,CUST0386,791.03,UPI,Utilities,24,10,2,Authentication Failed,1,13.7,1,17,0,0.0,0.5993790802665201,MEDIUM,Request customer authentication,Customer notification,0
TXN04611,CUST0455,4768.92,Wallet,Shopping,21,14,1,Timeout,1,27.3,0,2,0,0.0,0.5993656738460128,MEDIUM,Retry payment after short delay,Automatic retry,0
TXN03996,CUST1007,4373.44,Card,Shopping,51,12,1,Timeout,2,60.0,0,10,0,0.0,0.5991137088929929,MEDIUM,Retry payment after short delay,Automatic retry,0
TXN02949,CUST0876,5132.72,Wallet,Food,43,14,3,Bank Declined,1,35.9,1,5,0,0.0,0.5987703825611183,MEDIUM,Suggest alternative payment method,Customer notification,0
TXN02039,CUST1108,2335.81,Net Banking,Shopping,59,14,0,Network Error,1,7.7,0,10,0,0.0,0.5981825362594239,MEDIUM,Retry payment,Automatic retry,0
TXN02044,CUST0028,8635.89,Net Banking,Food,16,18,2,Timeout,3,12.6,0,20,0,0.0,0.5981705354966216,MEDIUM,Retry payment after short delay,Automatic retry,0
TXN00096,CUST1077,6342.75,Wallet,Travel,46,13,1,Authentication Failed,3,10.3,1,2,0,0.0,0.5981139901518047,MEDIUM,Request customer authentication,Customer notification,0
TXN01366,CUST0593,7632.77,Card,Food,47,0,1,Insufficient Balance,1,29.9,0,12,1,7453.8,0.5978536721989578,MEDIUM,Ask customer to add funds or use another method,Customer notification,1
TXN01006,CUST0920,4949.72,Net Banking,Food,10,16,4,Bank Declined,1,42.8,0,9,1,4614.39,0.5976255518489652,MEDIUM,Suggest alternative payment method,Customer notification,1
TXN03344,CUST1286,4318.61,UPI,Entertainment,42,12,3,Authentication Failed,2,57.7,1,14,1,4053.96,0.5969845973174611,MEDIUM,Request customer authentication,Customer notification,1
TXN04029,CUST1247,8697.91,Net Banking,Shopping,32,4,2,Authentication Failed,1,71.7,0,4,1,8153.82,0.5967219811854088,MEDIUM,Request customer authentication,Customer notification,1
TXN03000,CUST0629,3848.87,UPI,Utilities,28,19,7,Network Error,1,17.2,1,21,0,0.0,0.5966719604817698,MEDIUM,Retry payment,Automatic retry,0
TXN00205,CUST1292,5940.48,UPI,Entertainment,44,18,2,Insufficient Balance,2,28.1,0,19,1,5606.58,0.5964256766888866,MEDIUM,Ask customer to add funds or use another method,Customer notification,1
TXN02424,CUST1272,5299.02,UPI,Utilities,58,1,5,Authentication Failed,1,19.6,0,20,1,5211.74,0.5961618823536009,MEDIUM,Request customer authentication,Customer notification,1
TXN01691,CUST1347,3242.15,Card,Entertainment,56,5,2,Timeout,3,65.8,1,2,1,2931.02,0.5954101990793707,MEDIUM,Retry payment after short delay,Automatic retry,1
TXN03849,CUST1328,8580.46,Net Banking,Travel,4,9,3,Authentication Failed,1,42.4,0,4,1,7994.28,0.595386808092115,MEDIUM,Request customer authentication,Customer notification,1
TXN01878,CUST0011,600.02,Net Banking,Shopping,1,9,2,Timeout,1,54.0,0,15,1,566.22,0.5950292386958325,MEDIUM,Retry payment after short delay,Automatic retry,1
TXN01136,CUST1183,9126.09,UPI,Food,31,18,6,Network Error,1,55.6,0,9,0,0.0,0.5948663149451285,MEDIUM,Retry payment,Automatic retry,0
TXN04916,CUST0340,4948.07,UPI,Shopping,38,17,7,Bank Declined,2,15.6,0,9,1,4854.23,0.5947855824228306,MEDIUM,Suggest alternative payment method,Customer notification,1
TXN00107,CUST0521,857.15,UPI,Entertainment,1,16,5,Insufficient Balance,3,13.2,0,12,1,825.18,0.5947633596624285,MEDIUM,Ask customer to add funds or use another method,Customer notification,1
TXN04944,CUST0027,3307.39,Net Banking,Utilities,6,2,0,Insufficient Balance,1,12.6,0,21,1,3239.6,0.5944379984199363,MEDIUM,Ask customer to add funds or use another method,Customer notification,1
TXN04056,CUST0311,1785.57,Net Banking,Food,12,8,0,Authentication Failed,2,28.8,0,13,1,1772.9,0.5944254095685952,MEDIUM,Request customer authentication,Customer notification,1
TXN02968,CUST0875,6637.32,UPI,Shopping,37,2,1,Timeout,2,7.7,0,0,1,6568.02,0.594257120308111,MEDIUM,Retry payment after short delay,Automatic retry,1
TXN04491,CUST0928,6322.59,Wallet,Utilities,27,5,2,Authentication Failed,1,26.1,0,1,1,5990.8,0.5942269549946506,MEDIUM,Request customer authentication,Customer notification,1
TXN04644,CUST0137,3678.51,UPI,Food,35,12,2,Timeout,2,39.9,0,0,0,0.0,0.5942138223969607,MEDIUM,Retry payment after short delay,Automatic retry,0
TXN03325,CUST0232,6058.08,Card,Utilities,50,17,4,Timeout,2,56.8,0,17,0,0.0,0.5939881367822282,MEDIUM,Retry payment after short delay,Automatic retry,0
TXN04995,CUST0074,557.96,UPI,Utilities,4,7,1,Bank Declined,2,9.2,0,3,1,519.03,0.5938056487784502,MEDIUM,Suggest alternative payment method,Customer notification,1
TXN02164,CUST0575,665.23,Card,Utilities,22,5,2,Network Error,2,44.1,1,4,1,629.1,0.5936498389725909,MEDIUM,Retry payment,Automatic retry,1
TXN00575,CUST0279,3441.57,Wallet,Shopping,43,14,4,Network Error,2,6.1,0,3,0,0.0,0.5933599639322642,MEDIUM,Retry payment,Automatic retry,0
TXN02088,CUST1044,2592.89,Wallet,Utilities,27,15,3,Authentication Failed,2,71.5,0,0,1,2520.81,0.5932071138110874,MEDIUM,Request customer authentication,Customer notification,1
TXN01463,CUST0713,8504.35,UPI,Travel,7,15,7,Authentication Failed,2,44.2,1,7,1,7679.99,0.5931873640240471,MEDIUM,Request customer authentication,Customer notification,1
TXN04313,CUST0488,1373.38,UPI,Entertainment,31,2,2,Authentication Failed,1,18.6,0,0,1,1251.26,0.5930362497784025,MEDIUM,Request customer authentication,Customer notification,1
TXN04524,CUST1024,5905.95,UPI,Utilities,26,11,2,Network Error,2,24.9,0,14,0,0.0,0.5927013375062671,MEDIUM,Retry payment,Automatic retry,0
TXN01192,CUST1486,2389.67,UPI,Entertainment,28,6,2,Bank Declined,1,7.6,0,5,1,2219.76,0.5926370377944437,MEDIUM,Suggest alternative payment method,Customer notification,1
TXN01653,CUST1347,7940.16,Wallet,Travel,41,6,2,Authentication Failed,1,67.1,0,12,1,7294.84,0.5926072407448775,MEDIUM,Request customer authentication,Customer notification,1
TXN04482,CUST0817,6471.4,Net Banking,Shopping,20,7,1,Authentication Failed,1,42.7,0,21,1,5897.11,0.592558769992288,MEDIUM,Request customer authentication,Customer notification,1
TXN02079,CUST0156,3087.82,Net Banking,Food,49,15,6,Authentication Failed,3,42.0,1,19,1,2929.44,0.5919606709279958,MEDIUM,Request customer authentication,Customer notification,1
TXN03289,CUST0881,7887.18,Wallet,Food,59,0,2,Timeout,3,4.8,0,2,1,7423.69,0.5919501214362652,MEDIUM,Retry payment after short delay,Automatic retry,1
TXN01027,CUST1324,6364.75,Card,Travel,33,12,0,Network Error,3,17.7,0,6,0,0.0,0.5918285242262395,MEDIUM,Retry payment,Automatic retry,0
TXN01413,CUST0610,5130.6,UPI,Travel,16,19,3,Network Error,3,7.0,1,12,0,0.0,0.5917368210602308,MEDIUM,Retry payment,Automatic retry,0
TXN01965,CUST0309,6036.01,Net Banking,Utilities,14,19,3,Timeout,3,14.2,0,14,0,0.0,0.5915917786985205,MEDIUM,Retry payment after short delay,Automatic retry,0
TXN03143,CUST0227,5080.13,Wallet,Shopping,54,8,7,Insufficient Balance,1,8.0,0,0,1,4669.98,0.5914682445703844,MEDIUM,Ask customer to add funds or use another method,Customer notification,1
TXN00999,CUST0759,6314.68,Wallet,Utilities,48,16,0,Insufficient Balance,3,53.8,1,11,1,6296.63,0.5914495851999717,MEDIUM,Ask customer to add funds or use another method,Customer notification,1
TXN01528,CUST1176,3866.77,Net Banking,Travel,47,0,4,Timeout,1,10.5,0,11,1,3834.56,0.591362249798208,MEDIUM,Retry payment after short delay,Automatic retry,1
TXN03414,CUST1177,4375.99,UPI,Shopping,41,18,4,Authentication Failed,2,1.9,0,6,0,0.0,0.5912093328445129,MEDIUM,Request customer authentication,Customer notification,0
TXN04717,CUST1378,1145.42,Card,Food,5,6,0,Bank Declined,2,26.4,0,17,1,1085.72,0.5911843010346894,MEDIUM,Suggest alternative payment method,Customer notification,1
TXN00813,CUST0118,3521.69,Card,Travel,59,20,5,Network Error,2,30.3,1,16,0,0.0,0.5911711299231718,MEDIUM,Retry payment,Automatic retry,0
TXN00635,CUST1192,8906.81,Card,Utilities,53,8,3,Network Error,2,58.8,0,12,1,8027.87,0.5909798208096634,MEDIUM,Retry payment,Automatic retry,1
TXN03030,CUST0637,3630.43,Net Banking,Utilities,24,3,0,Authentication Failed,1,22.9,0,3,1,3503.38,0.5907875890599994,MEDIUM,Request customer authentication,Customer notification,1
TXN00209,CUST0952,6191.01,Card,Food,29,16,7,Insufficient Balance,2,21.4,0,22,1,5988.62,0.5907820877678388,MEDIUM,Ask customer to add funds or use another method,Customer notification,1
TXN01152,CUST0755,9655.58,UPI,Food,49,18,7,Network Error,1,8.4,0,8,0,0.0,0.590326539047448,MEDIUM,Retry payment,Automatic retry,0
TXN01767,CUST0524,3454.25,Net Banking,Food,41,4,1,Bank Declined,3,8.9,1,18,1,3406.31,0.5901188739449001,MEDIUM,Suggest alternative payment method,Customer notification,1
TXN00065,CUST0956,1339.68,Net Banking,Shopping,24,6,0,Authentication Failed,1,64.8,0,2,1,1276.93,0.5901089629926426,MEDIUM,Request customer authentication,Customer notification,1
TXN03990,CUST1363,7368.86,UPI,Food,52,3,0,Timeout,2,45.9,0,20,1,7157.16,0.5898912684232722,MEDIUM,Retry payment after short delay,Automatic retry,1
TXN00868,CUST0205,2087.63,UPI,Utilities,16,16,4,Insufficient Balance,1,50.2,0,4,1,2081.24,0.589873840846798,MEDIUM,Ask customer to add funds or use another method,Customer notification,1
TXN00974,CUST0623,6756.66,Card,Shopping,3,2,0,Authentication Failed,2,13.2,1,14,1,6095.78,0.5897675154922497,MEDIUM,Request customer authentication,Customer notification,1
TXN00180,CUST0190,7321.69,Wallet,Shopping,22,12,0,Network Error,2,12.2,0,3,0,0.0,0.5897519678734703,MEDIUM,Retry payment,Automatic retry,0
TXN00114,CUST0593,1644.21,Net Banking,Entertainment,5,11,6,Network Error,3,37.9,0,16,1,1489.36,0.5897408034258715,MEDIUM,Retry payment,Automatic retry,1
TXN00383,CUST1410,8969.25,Wallet,Entertainment,29,12,2,Network Error,3,27.2,0,13,0,0.0,0.589369953313328,MEDIUM,Retry payment,Automatic retry,0
TXN02318,CUST0146,8189.36,Card,Food,22,11,3,Bank Declined,3,23.6,1,3,1,8091.26,0.5892598437072607,MEDIUM,Suggest alternative payment method,Customer notification,1
TXN00039,CUST0976,6888.44,Card,Travel,18,12,5,Timeout,1,51.2,0,17,1,6405.69,0.5890875079836762,MEDIUM,Retry payment after short delay,Automatic retry,1
TXN03847,CUST0913,5322.21,Card,Shopping,53,8,2,Network Error,3,44.6,0,19,1,5251.9,0.5890626785052927,MEDIUM,Retry payment,Automatic retry,1
TXN02878,CUST0432,3487.65,UPI,Utilities,59,6,5,Network Error,2,31.8,0,19,1,3395.32,0.5889781265450392,MEDIUM,Retry payment,Automatic retry,1
TXN01781,CUST0716,2987.77,Card,Food,38,2,0,Bank Declined,2,20.3,0,15,1,2852.17,0.5889662071318376,MEDIUM,Suggest alternative payment method,Customer notification,1
TXN04812,CUST0574,3968.45,Net Banking,Entertainment,14,6,0,Authentication Failed,1,62.4,0,1,1,3827.85,0.588942443493923,MEDIUM,Request customer authentication,Customer notification,1
TXN04996,CUST0573,2735.83,Net Banking,Entertainment,44,16,5,Timeout,3,15.8,0,14,0,0.0,0.5886242188794679,MEDIUM,Retry payment after short delay,Automatic retry,0
TXN03835,CUST0235,1320.51,UPI,Food,8,12,7,Network Error,2,53.3,0,17,1,1312.1,0.5885469282360458,MEDIUM,Retry payment,Automatic retry,1
TXN02706,CUST0374,7429.75,UPI,Shopping,39,13,7,Authentication Failed,3,68.7,1,11,1,6759.87,0.588528845496571,MEDIUM,Request customer authentication,Customer notification,1
TXN03367,CUST0049,5400.59,Card,Entertainment,17,14,2,Insufficient Balance,3,33.9,1,15,1,5376.46,0.5885098415957466,MEDIUM,Ask customer to add funds or use another method,Customer notification,1
TXN04375,CUST0888,6189.4,Net Banking,Shopping,50,4,7,Network Error,1,23.9,1,6,1,6087.88,0.5884442391757336,MEDIUM,Retry payment,Automatic retry,1
TXN03759,CUST1305,2704.06,Wallet,Utilities,10,12,2,Authentication Failed,2,61.3,1,21,1,2678.5,0.5882153081527851,MEDIUM,Request customer authentication,Customer notification,1
TXN02965,CUST1252,7983.23,Wallet,Travel,34,7,4,Timeout,1,48.6,0,9,1,7362.82,0.5879959483079233,MEDIUM,Retry payment after short delay,Automatic retry,1
TXN01381,CUST1383,8049.51,Card,Travel,10,2,0,Timeout,3,17.4,0,5,1,7966.69,0.5878551473057441,MEDIUM,Retry payment after short delay,Automatic retry,1
TXN04924,CUST0893,8448.7,UPI,Travel,42,8,5,Network Error,2,40.2,0,17,1,8334.41,0.587670606922284,MEDIUM,Retry payment,Automatic retry,1
TXN03086,CUST0485,9601.86,Wallet,Shopping,54,13,5,Authentication Failed,2,58.6,0,5,1,8675.98,0.5876160277573079,MEDIUM,Request customer authentication,Customer notification,1
TXN03687,CUST1394,5880.87,Card,Entertainment,59,9,1,Authentication Failed,1,14.6,1,7,0,0.0,0.5875500284826657,MEDIUM,Request customer authentication,Customer notification,0
TXN01504,CUST0711,7278.6,UPI,Food,49,7,4,Network Error,3,68.0,1,6,1,6625.79,0.5874927755349595,MEDIUM,Retry payment,Automatic retry,1
TXN00385,CUST1128,1667.21,Card,Entertainment,52,3,3,Authentication Failed,1,60.8,1,14,1,1549.07,0.5873869606298152,MEDIUM,Request customer authentication,Customer notification,1
TXN01012,CUST0004,8123.64,Card,Entertainment,28,0,3,Timeout,1,33.0,0,15,1,7500.98,0.5869535960856888,MEDIUM,Retry payment after short delay,Automatic retry,1
TXN02924,CUST0917,8499.97,UPI,Shopping,7,15,4,Timeout,1,45.8,1,6,0,0.0,0.5868308682298701,MEDIUM,Retry payment after short delay,Automatic retry,0
TXN04315,CUST0826,8172.01,UPI,Utilities,20,4,7,Timeout,1,6.1,0,0,1,7455.6,0.5867489650592068,MEDIUM,Retry payment after short delay,Automatic retry,1
TXN03839,CUST0523,6632.71,Card,Travel,58,3,0,Bank Declined,2,22.5,0,9,1,6441.96,0.5866479974942346,MEDIUM,Suggest alternative payment method,Customer notification,1
TXN02321,CUST1463,2255.71,Card,Travel,49,1,1,Bank Declined,2,9.5,0,20,1,2205.28,0.5865223102088203,MEDIUM,Suggest alternative payment method,Customer notification,1
TXN00594,CUST0718,445.9,Wallet,Shopping,36,5,4,Network Error,2,42.7,0,2,1,424.44,0.5864470657281238,MEDIUM,Retry payment,Automatic retry,1
TXN04425,CUST0022,243.7,Net Banking,Food,37,11,2,Insufficient Balance,1,65.9,0,12,1,238.65,0.5861121426763483,MEDIUM,Ask customer to add funds or use another method,Customer notification,1
TXN01759,CUST1220,2432.32,Net Banking,Travel,9,1,1,Network Error,2,3.7,0,19,1,2253.31,0.5857805643478214,MEDIUM,Retry payment,Automatic retry,1
TXN04681,CUST0289,8285.39,Wallet,Shopping,36,13,3,Bank Declined,1,71.5,0,14,1,8027.43,0.5856617637798054,MEDIUM,Suggest alternative payment method,Customer notification,1
TXN01675,CUST0914,5214.61,Wallet,Food,37,9,0,Bank Declined,2,18.6,0,11,1,4808.94,0.5856105596296541,MEDIUM,Suggest alternative payment method,Customer notification,1
TXN01236,CUST1204,1478.54,UPI,Utilities,1,11,2,Authentication Failed,3,21.0,0,0,1,1433.47,0.5853682155174375,MEDIUM,Request customer authentication,Customer notification,1
TXN01516,CUST0727,718.82,Net Banking,Food,55,1,6,Authentication Failed,1,28.2,1,20,1,656.58,0.5852869789499555,MEDIUM,Request customer authentication,Customer notification,1
TXN03466,CUST1151,6325.84,Card,Utilities,10,10,2,Bank Declined,2,28.3,1,10,1,5877.02,0.5852569507775527,MEDIUM,Suggest alternative payment method,Customer notification,1
TXN03597,CUST0509,4596.72,Wallet,Food,59,19,4,Authentication Failed,3,29.7,0,8,0,0.0,0.5851079480480393,MEDIUM,Request customer authentication,Customer notification,0
TXN02306,CUST0720,4305.36,Card,Food,13,17,7,Authentication Failed,3,51.2,1,3,1,4068.93,0.5847077528572168,MEDIUM,Request customer authentication,Customer notification,1
TXN02696,CUST0169,2030.47,Wallet,Travel,45,15,0,Insufficient Balance,2,65.9,0,22,1,1886.16,0.5846262056965336,MEDIUM,Ask customer to add funds or use another method,Customer notification,1
TXN04390,CUST0215,1923.78,UPI,Food,1,14,7,Authentication Failed,1,61.0,0,15,1,1765.14,0.584301400093583,MEDIUM,Request customer authentication,Customer notification,1
TXN02159,CUST1093,6651.93,UPI,Shopping,30,16,3,Network Error,3,37.7,0,17,0,0.0,0.5842228632722248,MEDIUM,Retry payment,Automatic retry,0
TXN00417,CUST0314,536.0,Wallet,Utilities,55,15,1,Timeout,2,44.1,0,14,0,0.0,0.5838842236662023,MEDIUM,Retry payment after short delay,Automatic retry,0
TXN04274,CUST1120,3334.22,UPI,Entertainment,46,12,2,Authentication Failed,2,0.7,0,2,0,0.0,0.5838504322007892,MEDIUM,Request customer authentication,Customer notification,0
TXN03575,CUST0899,1750.97,UPI,Food,29,5,3,Network Error,2,25.8,0,5,1,1667.15,0.5838373305688092,MEDIUM,Retry payment,Automatic retry,1
TXN02649,CUST0449,2831.89,UPI,Travel,25,16,4,Authentication Failed,2,54.6,0,9,1,2612.33,0.5837502771739859,MEDIUM,Request customer authentication,Customer notification,1
TXN01664,CUST1285,8621.91,Card,Travel,52,13,3,Network Error,2,45.3,0,20,0,0.0,0.5836371436439121,MEDIUM,Retry payment,Automatic retry,0
TXN04392,CUST1427,3984.58,UPI,Entertainment,42,6,2,Network Error,1,43.6,0,1,1,3733.73,0.5834629580032561,MEDIUM,Retry payment,Automatic retry,1
TXN03068,CUST0227,6618.16,Net Banking,Shopping,36,7,0,Authentication Failed,2,23.6,0,6,1,6072.04,0.5834208479766122,MEDIUM,Request customer authentication,Customer notification,1
TXN04768,CUST1223,7733.28,Card,Utilities,5,10,2,Insufficient Balance,1,46.3,0,7,1,7042.3,0.58305718553046,MEDIUM,Ask customer to add funds or use another method,Customer notification,1
TXN04141,CUST0105,4932.23,UPI,Shopping,28,16,0,Timeout,2,64.0,0,13,0,0.0,0.5825337609436249,MEDIUM,Retry payment after short delay,Automatic retry,0
TXN02008,CUST0295,782.39,Card,Entertainment,2,18,7,Bank Declined,2,43.6,0,10,1,745.18,0.5824325066957213,MEDIUM,Suggest alternative payment method,Customer notification,1
TXN04040,CUST0333,1487.64,UPI,Entertainment,30,19,1,Authentication Failed,1,56.0,0,22,0,0.0,0.5823647798977367,MEDIUM,Request customer authentication,Customer notification,0
TXN00263,CUST1322,6013.19,Net Banking,Shopping,48,13,4,Network Error,2,2.0,1,8,0,0.0,0.5821342693663945,MEDIUM,Retry payment,Automatic retry,0
TXN03293,CUST0779,4793.61,Net Banking,Utilities,6,15,7,Bank Declined,1,38.7,0,2,1,4618.86,0.5817647000634011,MEDIUM,Suggest alternative payment method,Customer notification,1
TXN04049,CUST0446,8789.36,UPI,Travel,39,7,6,Authentication Failed,1,30.3,0,14,1,8598.64,0.5817382694271989,MEDIUM,Request customer authentication,Customer notification,1
TXN02783,CUST1152,7827.67,UPI,Entertainment,44,11,7,Authentication Failed,2,7.4,0,10,1,7738.97,0.5811518623166301,MEDIUM,Request customer authentication,Customer notification,1
TXN04881,CUST0593,1801.55,Net Banking,Utilities,37,19,3,Bank Declined,3,69.7,0,13,1,1650.03,0.5807691584313508,MEDIUM,Suggest alternative payment method,Customer notification,1
TXN01881,CUST0801,2700.94,Net Banking,Travel,37,9,4,Timeout,1,7.0,0,20,0,0.0,0.580613572227148,MEDIUM,Retry payment after short delay,Automatic retry,0
TXN01392,CUST0805,4527.29,Wallet,Travel,31,9,4,Bank Declined,2,14.4,1,20,1,4084.61,0.5803689041349905,MEDIUM,Suggest alternative payment method,Customer notification,1
TXN00814,CUST0771,8176.12,Wallet,Shopping,28,13,0,Insufficient Balance,2,38.0,0,10,1,7885.91,0.5803332055386519,MEDIUM,Ask customer to add funds or use another method,Customer notification,1
TXN02654,CUST1224,4943.86,Card,Food,26,14,5,Network Error,1,58.9,0,2,0,0.0,0.5800697770484635,MEDIUM,Retry payment,Automatic retry,0
TXN02382,CUST1254,2512.71,Net Banking,Entertainment,58,3,5,Network Error,2,6.0,0,2,1,2416.09,0.580040616335119,MEDIUM,Retry payment,Automatic retry,1
TXN03551,CUST1059,8067.84,Net Banking,Utilities,26,3,1,Bank Declined,1,70.3,1,17,1,8066.76,0.5799128228396178,MEDIUM,Suggest alternative payment method,Customer notification,1
TXN01202,CUST0983,9441.38,UPI,Utilities,28,12,1,Authentication Failed,3,59.5,0,14,1,9205.22,0.5797779165711351,MEDIUM,Request customer authentication,Customer notification,1
TXN03958,CUST0195,7415.39,Card,Food,52,15,2,Insufficient Balance,2,48.1,0,16,1,6915.11,0.5797526528330335,MEDIUM,Ask customer to add funds or use another method,Customer notification,1
TXN04200,CUST1272,1134.83,Net Banking,Entertainment,13,19,1,Authentication Failed,3,21.9,0,0,0,0.0,0.5792860341498316,MEDIUM,Request customer authentication,Customer notification,0
TXN01636,CUST0419,3313.63,Net Banking,Utilities,32,3,3,Authentication Failed,1,43.9,1,10,1,3153.4,0.5790704495974377,MEDIUM,Request customer authentication,Customer notification,1
TXN03731,CUST1404,7586.71,Card,Entertainment,34,13,6,Network Error,1,47.1,0,12,0,0.0,0.5789868016505706,MEDIUM,Retry payment,Automatic retry,0
TXN03691,CUST1351,4839.15,Card,Shopping,15,13,2,Insufficient Balance,2,59.2,0,1,1,4442.96,0.5789356586019144,MEDIUM,Ask customer to add funds or use another method,Customer notification,1
TXN01616,CUST0772,7766.75,Card,Entertainment,30,17,5,Network Error,2,55.6,0,3,0,0.0,0.5788473523217884,MEDIUM,Retry payment,Automatic retry,0
TXN03429,CUST0936,7179.85,UPI,Utilities,60,5,6,Authentication Failed,2,16.2,0,2,1,7122.53,0.5788367868798723,MEDIUM,Request customer authentication,Customer notification,1
TXN01517,CUST0594,3935.92,Wallet,Travel,12,11,5,Timeout,1,25.6,1,9,0,0.0,0.5787973630388015,MEDIUM,Retry payment after short delay,Automatic retry,0
TXN01332,CUST0823,5393.14,Card,Travel,22,18,5,Authentication Failed,3,59.6,0,23,1,5030.32,0.5786047162711503,MEDIUM,Request customer authentication,Customer notification,1
TXN00549,CUST0115,990.17,Card,Utilities,27,19,5,Authentication Failed,3,16.5,0,4,0,0.0,0.5782275433185865,MEDIUM,Request customer authentication,Customer notification,0
TXN00728,CUST0090,9889.47,Wallet,Utilities,10,7,1,Authentication Failed,3,64.7,1,20,1,9583.96,0.5781087224086161,MEDIUM,Request customer authentication,Customer notification,1
TXN03780,CUST1054,1163.4,Wallet,Travel,10,17,0,Authentication Failed,3,7.2,1,6,0,0.0,0.5778834382996009,MEDIUM,Request customer authentication,Customer notification,0
TXN02874,CUST1141,8897.56,Card,Travel,6,13,7,Authentication Failed,2,10.8,0,22,1,8777.26,0.5778831564295526,MEDIUM,Request customer authentication,Customer notification,1
TXN00456,CUST0791,7831.54,Card,Food,52,8,0,Bank Declined,3,43.7,0,3,1,7223.68,0.5777081210628696,MEDIUM,Suggest alternative payment method,Customer notification,1
TXN01542,CUST0497,632.44,Net Banking,Travel,48,8,3,Insufficient Balance,1,23.3,0,12,1,602.33,0.5776581228213972,MEDIUM,Ask customer to add funds or use another method,Customer notification,1
TXN04039,CUST0331,8553.27,Card,Food,38,15,5,Insufficient Balance,3,44.8,0,0,1,8035.6,0.5776445057137941,MEDIUM,Ask customer to add funds or use another method,Customer notification,1
TXN03619,CUST0476,8889.6,Card,Entertainment,18,15,2,Insufficient Balance,3,54.8,0,13,1,8016.67,0.5775950366618099,MEDIUM,Ask customer to add funds or use another method,Customer notification,1
TXN04906,CUST0868,364.1,UPI,Utilities,40,6,0,Authentication Failed,2,66.8,1,8,1,356.53,0.5775853909993426,MEDIUM,Request customer authentication,Customer notification,1
TXN03915,CUST0740,233.82,Card,Food,9,8,1,Bank Declined,2,31.5,0,12,1,233.43,0.5774814802443349,MEDIUM,Suggest alternative payment method,Customer notification,1
TXN03332,CUST0540,2716.57,UPI,Shopping,59,7,1,Insufficient Balance,3,6.5,0,15,1,2542.4,0.5773037281415972,MEDIUM,Ask customer to add funds or use another method,Customer notification,1
TXN02470,CUST1453,1898.15,UPI,Utilities,39,15,1,Authentication Failed,2,39.1,0,7,0,0.0,0.5771418366713589,MEDIUM,Request customer authentication,Customer notification,0
TXN03545,CUST0542,7239.12,Wallet,Food,48,8,3,Authentication Failed,1,48.9,0,13,1,6743.69,0.5769934476999682,MEDIUM,Request customer authentication,Customer notification,1
TXN02818,CUST1461,3947.45,UPI,Utilities,14,11,2,Insufficient Balance,1,35.4,0,23,1,3718.47,0.5769203797826766,MEDIUM,Ask customer to add funds or use another method,Customer notification,1
TXN02146,CUST1169,735.96,Net Banking,Entertainment,35,18,5,Network Error,2,35.6,1,1,0,0.0,0.5767607053506253,MEDIUM,Retry payment,Automatic retry,0
TXN00593,CUST0455,912.03,Wallet,Utilities,49,6,2,Bank Declined,2,20.5,0,16,1,867.09,0.5767526127287568,MEDIUM,Suggest alternative payment method,Customer notification,1
TXN01671,CUST0038,4101.99,Wallet,Shopping,27,14,3,Timeout,3,62.3,0,12,1,3853.59,0.5765442118184773,MEDIUM,Retry payment after short delay,Automatic retry,1
TXN03945,CUST0457,7801.65,UPI,Food,51,16,4,Timeout,1,65.3,0,7,0,0.0,0.5763030928343155,MEDIUM,Retry payment after short delay,Automatic retry,0
TXN02480,CUST1429,8566.14,Card,Food,51,11,5,Timeout,2,9.4,0,8,0,0.0,0.5761801333778402,MEDIUM,Retry payment after short delay,Automatic retry,0
TXN03472,CUST0277,3834.07,Card,Shopping,13,13,2,Timeout,1,18.2,0,19,0,0.0,0.5761763857067348,MEDIUM,Retry payment after short delay,Automatic retry,0
TXN04936,CUST0077,6116.33,UPI,Utilities,30,20,6,Network Error,1,42.7,0,2,0,0.0,0.5760451846353647,MEDIUM,Retry payment,Automatic retry,0
TXN02722,CUST0846,6689.94,Net Banking,Food,19,4,4,Timeout,1,36.2,0,22,1,6267.2,0.5755878016992021,MEDIUM,Retry payment after short delay,Automatic retry,1
TXN02459,CUST0342,2578.37,Wallet,Utilities,35,17,6,Timeout,1,48.6,0,15,0,0.0,0.5755595060370705,MEDIUM,Retry payment after short delay,Automatic retry,0
TXN00432,CUST1127,2853.19,Card,Food,41,18,6,Authentication Failed,3,20.6,0,20,0,0.0,0.5754755541631732,MEDIUM,Request customer authentication,Customer notification,0
TXN00435,CUST0877,5607.65,UPI,Utilities,16,15,7,Authentication Failed,2,39.4,0,19,1,5353.25,0.5754609732392938,MEDIUM,Request customer authentication,Customer notification,1
TXN01586,CUST1453,2724.3,Card,Food,44,19,4,Bank Declined,3,62.8,0,15,1,2702.94,0.5754073393672788,MEDIUM,Suggest alternative payment method,Customer notification,1
TXN02865,CUST1343,314.83,Net Banking,Travel,4,12,1,Authentication Failed,3,53.1,0,0,1,295.01,0.5753346307980403,MEDIUM,Request customer authentication,Customer notification,1
TXN00208,CUST1137,7054.63,UPI,Utilities,22,12,0,Network Error,2,4.3,0,0,0,0.0,0.5749591476114267,MEDIUM,Retry payment,Automatic retry,0
TXN00736,CUST0740,4106.78,Wallet,Utilities,41,10,4,Network Error,1,25.6,0,16,0,0.0,0.5749477326039343,MEDIUM,Retry payment,Automatic retry,0
TXN01348,CUST0746,3696.4,UPI,Shopping,52,0,4,Network Error,3,41.5,1,8,1,3596.76,0.5748732974254341,MEDIUM,Retry payment,Automatic retry,1
TXN04886,CUST0858,5481.04,Net Banking,Travel,55,5,5,Authentication Failed,1,54.6,1,10,1,5308.24,0.5748172338025295,MEDIUM,Request customer authentication,Customer notification,1
TXN02126,CUST0746,7912.05,UPI,Travel,55,8,3,Authentication Failed,3,57.0,1,22,1,7438.52,0.5745458645712497,MEDIUM,Request customer authentication,Customer notification,1
TXN02441,CUST0114,5458.26,Net Banking,Utilities,17,15,3,Network Error,1,10.8,0,23,0,0.0,0.5745233880946505,MEDIUM,Retry payment,Automatic retry,0
TXN00034,CUST0475,6885.41,UPI,Shopping,29,19,7,Network Error,2,9.8,0,15,0,0.0,0.5744609903080399,MEDIUM,Retry payment,Automatic retry,0
TXN00415,CUST1149,5171.77,UPI,Shopping,32,15,5,Authentication Failed,1,53.2,1,12,0,0.0,0.5744293794358977,MEDIUM,Request customer authentication,Customer notification,0
TXN03200,CUST0968,6135.92,UPI,Utilities,41,12,7,Bank Declined,2,2.0,0,5,1,6030.7,0.574427486346137,MEDIUM,Suggest alternative payment method,Customer notification,1
TXN04387,CUST1165,5611.65,Net Banking,Food,6,16,4,Authentication Failed,2,58.6,0,21,1,5301.19,0.5741652200154526,MEDIUM,Request customer authentication,Customer notification,1
TXN03933,CUST0055,6971.32,UPI,Travel,19,13,2,Authentication Failed,3,61.2,0,18,1,6900.62,0.5740891980814792,MEDIUM,Request customer authentication,Customer notification,1
TXN02363,CUST1006,7370.07,Wallet,Utilities,54,3,7,Timeout,2,13.7,1,22,1,6859.9,0.5739102660970452,MEDIUM,Retry payment after short delay,Automatic retry,1
TXN00946,CUST0806,5252.45,Card,Food,49,20,6,Authentication Failed,1,38.4,0,22,0,0.0,0.5736768165376618,MEDIUM,Request customer authentication,Customer notification,0
TXN01324,CUST0814,3275.17,Wallet,Travel,48,0,5,Timeout,1,16.0,0,7,1,3027.98,0.5733848686099564,MEDIUM,Retry payment after short delay,Automatic retry,1
TXN03667,CUST0943,1992.98,Net Banking,Entertainment,21,7,2,Network Error,3,16.2,0,17,1,1886.73,0.5733071450415028,MEDIUM,Retry payment,Automatic retry,1
TXN03577,CUST1440,7120.36,Card,Food,11,11,3,Network Error,1,17.4,0,13,0,0.0,0.5732704559837771,MEDIUM,Retry payment,Automatic retry,0
TXN03566,CUST1093,3750.16,Net Banking,Entertainment,8,5,0,Authentication Failed,2,21.5,0,13,1,3587.21,0.5730826781009248,MEDIUM,Request customer authentication,Customer notification,1
TXN02809,CUST0598,1775.11,Card,Entertainment,25,13,6,Timeout,2,7.8,1,9,0,0.0,0.5729415698066564,MEDIUM,Retry payment after short delay,Automatic retry,0
TXN02608,CUST0594,4587.35,Wallet,Travel,43,1,6,Network Error,3,28.5,1,20,1,4558.47,0.572895945483924,MEDIUM,Retry payment,Automatic retry,1
TXN03199,CUST0001,4618.49,UPI,Shopping,36,3,1,Bank Declined,2,2.8,0,19,1,4582.93,0.5725644893345064,MEDIUM,Suggest alternative payment method,Customer notification,1
TXN01534,CUST0805,3066.72,Net Banking,Utilities,22,13,3,Network Error,3,15.8,0,19,0,0.0,0.5721749563832089,MEDIUM,Retry payment,Automatic retry,0
TXN00997,CUST0823,7838.16,Wallet,Entertainment,2,20,5,Authentication Failed,1,6.3,1,6,0,0.0,0.5720460044021485,MEDIUM,Request customer authentication,Customer notification,0
TXN03911,CUST0884,6787.77,UPI,Travel,60,4,0,Authentication Failed,3,68.7,0,10,1,6722.92,0.5720108168995798,MEDIUM,Request customer authentication,Customer notification,1
TXN03123,CUST0814,8825.96,UPI,Entertainment,36,10,6,Authentication Failed,3,17.2,0,0,1,7965.76,0.5719028510084919,MEDIUM,Request customer authentication,Customer notification,1
TXN02342,CUST0509,8991.65,Card,Utilities,37,1,4,Network Error,2,71.3,0,5,1,8909.63,0.5715817714881931,MEDIUM,Retry payment,Automatic retry,1
TXN00165,CUST1184,8561.56,UPI,Shopping,18,7,3,Timeout,3,34.3,1,11,1,8523.98,0.571329657349697,MEDIUM,Retry payment after short delay,Automatic retry,1
TXN00788,CUST0997,1443.31,Wallet,Travel,52,14,3,Authentication Failed,2,2.4,0,7,0,0.0,0.5711577330137795,MEDIUM,Request customer authentication,Customer notification,0
TXN00434,CUST0774,2951.25,Card,Shopping,47,14,6,Timeout,1,13.2,0,5,0,0.0,0.5711176468134971,MEDIUM,Retry payment after short delay,Automatic retry,0
TXN00454,CUST1498,3216.78,Wallet,Entertainment,43,12,5,Authentication Failed,2,26.6,0,4,1,3097.39,0.5710038252496478,MEDIUM,Request customer authentication,Customer notification,1
TXN01804,CUST0887,3176.08,Card,Shopping,40,15,4,Network Error,2,40.1,0,10,0,0.0,0.570884574281924,MEDIUM,Retry payment,Automatic retry,0
TXN02387,CUST1283,9838.98,Wallet,Travel,51,10,4,Insufficient Balance,2,25.2,0,1,1,8996.49,0.5706528512957794,MEDIUM,Ask customer to add funds or use another method,Customer notification,1
TXN04405,CUST0017,7326.93,Net Banking,Shopping,44,12,0,Insufficient Balance,3,24.9,1,9,1,7204.34,0.570339146105194,MEDIUM,Ask customer to add funds or use another method,Customer notification,1
TXN03235,CUST0596,8745.78,Wallet,Utilities,11,5,0,Insufficient Balance,2,8.8,1,23,1,8354.27,0.5698692668891904,MEDIUM,Ask customer to add funds or use another method,Customer notification,1
TXN00387,CUST0246,5617.37,Card,Food,49,3,2,Timeout,2,70.2,0,4,1,5110.49,0.569676681733018,MEDIUM,Retry payment after short delay,Automatic retry,1
TXN01318,CUST1442,7754.52,Wallet,Food,59,6,2,Timeout,3,62.2,0,10,1,7368.13,0.5694012032142518,MEDIUM,Retry payment after short delay,Automatic retry,1
TXN03084,CUST1321,6310.41,Net Banking,Utilities,4,1,1,Network Error,3,36.7,0,0,1,6298.03,0.5692118364193063,MEDIUM,Retry payment,Automatic retry,1
TXN02890,CUST0763,3222.62,Net Banking,Entertainment,42,13,0,Bank Declined,1,36.3,0,15,0,0.0,0.5692031250767073,MEDIUM,Suggest alternative payment method,Customer notification,0
TXN04804,CUST0221,3347.89,Wallet,Shopping,54,12,6,Authentication Failed,3,35.6,1,13,1,3240.82,0.5689928611588226,MEDIUM,Request customer authentication,Customer notification,1
TXN03521,CUST1416,2998.85,Net Banking,Entertainment,44,6,1,Timeout,3,28.0,0,7,1,2791.37,0.5689398430197834,MEDIUM,Retry payment after short delay,Automatic retry,1
TXN00992,CUST0516,6213.54,Net Banking,Entertainment,48,12,2,Insufficient Balance,3,52.2,1,18,1,5713.8,0.5688118024291524,MEDIUM,Ask customer to add funds or use another method,Customer notification,1
TXN01065,CUST1483,1909.24,Net Banking,Travel,47,3,7,Network Error,1,69.8,0,5,1,1821.04,0.5683918777664951,MEDIUM,Retry payment,Automatic retry,1
TXN04386,CUST0289,7181.14,Card,Travel,31,9,6,Network Error,1,25.4,1,5,0,0.0,0.5681914107882202,MEDIUM,Retry payment,Automatic retry,0
TXN00393,CUST0408,1908.46,UPI,Travel,10,19,3,Network Error,2,35.1,0,3,0,0.0,0.5680045667185563,MEDIUM,Retry payment,Automatic retry,0
TXN00882,CUST1219,4748.23,Net Banking,Shopping,38,10,3,Authentication Failed,1,26.9,0,12,0,0.0,0.5679599965430611,MEDIUM,Request customer authentication,Customer notification,0
TXN02995,CUST0384,2596.23,Net Banking,Entertainment,60,0,0,Network Error,3,53.7,0,14,1,2457.19,0.5677774978614123,MEDIUM,Retry payment,Automatic retry,1
TXN02998,CUST0161,6216.88,Card,Entertainment,27,18,3,Authentication Failed,2,50.8,0,7,0,0.0,0.5675243836775677,MEDIUM,Request customer authentication,Customer notification,0
TXN03966,CUST1148,4743.5,Net Banking,Shopping,16,0,0,Network Error,3,27.2,0,2,1,4566.16,0.5670120914020972,MEDIUM,Retry payment,Automatic retry,1
TXN00502,CUST0357,5697.66,UPI,Food,34,20,3,Network Error,2,69.8,1,20,0,0.0,0.5667787909816879,MEDIUM,Retry payment,Automatic retry,0
TXN00741,CUST0929,3268.27,UPI,Food,55,20,6,Timeout,2,51.7,0,15,0,0.0,0.5660939669229456,MEDIUM,Retry payment after short delay,Automatic retry,0
TXN04157,CUST0403,9976.07,UPI,Travel,17,3,0,Authentication Failed,3,59.3,0,8,1,9755.33,0.5659720424691416,MEDIUM,Request customer authentication,Customer notification,1
TXN00783,CUST0476,6026.09,Wallet,Shopping,49,12,6,Network Error,1,16.2,0,12,0,0.0,0.5659324262066281,MEDIUM,Retry payment,Automatic retry,0
TXN02411,CUST0055,1810.29,Card,Shopping,40,12,6,Timeout,2,22.8,1,11,0,0.0,0.5657791308766832,MEDIUM,Retry payment after short delay,Automatic retry,0
TXN02282,CUST0952,3423.26,Card,Food,38,3,7,Timeout,2,13.3,1,15,1,3381.65,0.5657782344245227,MEDIUM,Retry payment after short delay,Automatic retry,1
TXN04033,CUST0520,2985.01,Card,Travel,27,9,5,Network Error,2,17.1,0,14,0,0.0,0.5655136739952575,MEDIUM,Retry payment,Automatic retry,0
TXN00996,CUST0350,3386.67,Card,Food,11,18,5,Authentication Failed,2,34.7,0,11,0,0.0,0.5651044119245147,MEDIUM,Request customer authentication,Customer notification,0
TXN01257,CUST1384,1757.85,Card,Shopping,59,1,0,Authentication Failed,3,51.0,1,14,1,1755.19,0.5648448829564581,MEDIUM,Request customer authentication,Customer notification,1
TXN01311,CUST0761,6284.17,Card,Utilities,18,18,3,Authentication Failed,1,48.6,1,13,0,0.0,0.5639317044293708,MEDIUM,Request customer authentication,Customer notification,0
TXN03036,CUST0611,7984.87,Wallet,Food,44,15,3,Insufficient Balance,3,16.1,0,0,1,7665.57,0.5638195358019338,MEDIUM,Ask customer to add funds or use another method,Customer notification,1
TXN04569,CUST0853,718.23,Card,Shopping,46,2,7,Timeout,3,41.1,1,7,1,676.93,0.563636942083311,MEDIUM,Retry payment after short delay,Automatic retry,1
TXN00189,CUST1383,7541.59,Net Banking,Food,13,5,0,Bank Declined,1,18.0,0,14,1,7202.07,0.5636029007878356,MEDIUM,Suggest alternative payment method,Customer notification,1
TXN01120,CUST0157,8870.55,UPI,Utilities,27,3,1,Timeout,2,20.9,0,18,1,8461.64,0.5634612786977938,MEDIUM,Retry payment after short delay,Automatic retry,1
TXN01259,CUST0327,429.35,Card,Entertainment,51,4,2,Bank Declined,2,38.6,0,7,1,393.47,0.5633228241573182,MEDIUM,Suggest alternative payment method,Customer notification,1
TXN04951,CUST0573,2985.69,UPI,Entertainment,16,5,6,Timeout,1,18.2,0,21,1,2877.64,0.5629634551853113,MEDIUM,Retry payment after short delay,Automatic retry,1
TXN00154,CUST0564,8196.78,UPI,Shopping,30,17,4,Bank Declined,1,3.8,0,11,0,0.0,0.5628659039472146,MEDIUM,Suggest alternative payment method,Customer notification,0
TXN01774,CUST1144,5471.48,Net Banking,Shopping,21,19,1,Authentication Failed,3,40.4,1,20,0,0.0,0.5628451432869275,MEDIUM,Request customer authentication,Customer notification,0
TXN03489,CUST1087,6596.17,Card,Food,25,14,1,Authentication Failed,1,47.6,0,20,0,0.0,0.5625624895875757,MEDIUM,Request customer authentication,Customer notification,0
TXN01099,CUST0993,5937.57,Net Banking,Travel,17,7,2,Timeout,2,25.5,0,6,1,5765.33,0.5623651468347053,MEDIUM,Retry payment after short delay,Automatic retry,1
TXN00809,CUST0154,5549.67,Wallet,Food,8,9,2,Network Error,3,37.2,0,4,1,5005.98,0.5623569759536776,MEDIUM,Retry payment,Automatic retry,1
TXN02506,CUST0482,3724.52,UPI,Utilities,57,18,3,Authentication Failed,3,8.9,0,4,0,0.0,0.562064151654292,MEDIUM,Request customer authentication,Customer notification,0
TXN02639,CUST0200,6926.87,Card,Shopping,47,1,5,Bank Declined,1,7.6,1,11,1,6363.12,0.5620461932586696,MEDIUM,Suggest alternative payment method,Customer notification,1
TXN01966,CUST0695,5548.48,UPI,Entertainment,5,10,0,Insufficient Balance,1,28.3,0,4,1,5376.87,0.5619425547047396,MEDIUM,Ask customer to add funds or use another method,Customer notification,1
TXN02311,CUST0050,6887.95,Card,Entertainment,19,6,2,Timeout,1,25.1,1,12,0,0.0,0.5619403669360531,MEDIUM,Retry payment after short delay,Automatic retry,0
TXN02161,CUST1244,7520.5,Card,Food,57,1,7,Authentication Failed,1,23.2,0,8,1,7079.95,0.56169249226704,MEDIUM,Request customer authentication,Customer notification,1
TXN00945,CUST1298,5577.58,Card,Shopping,12,9,2,Network Error,1,17.9,1,13,0,0.0,0.5616285806341133,MEDIUM,Retry payment,Automatic retry,0
TXN00540,CUST0035,5180.51,Net Banking,Shopping,52,4,0,Timeout,3,34.9,0,11,1,5174.03,0.5615837519693391,MEDIUM,Retry payment after short delay,Automatic retry,1
TXN04178,CUST1171,486.88,Net Banking,Food,2,20,2,Authentication Failed,2,42.8,0,20,0,0.0,0.5615468547289632,MEDIUM,Request customer authentication,Customer notification,0
TXN02446,CUST0761,7050.62,UPI,Shopping,48,20,0,Network Error,3,52.6,1,10,0,0.0,0.5615421218935311,MEDIUM,Retry payment,Automatic retry,0
TXN01505,CUST0401,7983.38,Wallet,Food,37,18,5,Bank Declined,2,58.0,0,18,1,7428.33,0.5615147909219814,MEDIUM,Suggest alternative payment method,Customer notification,1
TXN02066,CUST1300,4547.75,Card,Food,45,11,6,Network Error,3,23.7,0,20,0,0.0,0.5614589008675858,MEDIUM,Retry payment,Automatic retry,0
TXN03755,CUST0781,7598.51,Wallet,Utilities,32,15,7,Bank Declined,2,62.4,1,4,1,7193.13,0.5614210663279615,MEDIUM,Suggest alternative payment method,Customer notification,1
TXN03791,CUST0354,5737.82,Card,Shopping,48,11,2,Timeout,1,1.0,0,18,0,0.0,0.5614018018839985,MEDIUM,Retry payment after short delay,Automatic retry,0
TXN02855,CUST0500,9647.88,Net Banking,Utilities,40,7,2,Authentication Failed,1,65.9,0,8,1,9612.07,0.5613896501627367,MEDIUM,Request customer authentication,Customer notification,1
TXN03704,CUST0201,6596.41,Card,Shopping,32,16,7,Timeout,1,10.7,0,18,0,0.0,0.5611011741761223,MEDIUM,Retry payment after short delay,Automatic retry,0
TXN01829,CUST1187,4076.8,Wallet,Entertainment,22,11,0,Bank Declined,2,57.4,1,18,1,3882.79,0.5604964949093234,MEDIUM,Suggest alternative payment method,Customer notification,1
TXN01561,CUST0759,8436.86,Card,Food,45,8,3,Authentication Failed,2,36.9,0,7,1,7751.52,0.5604864524953824,MEDIUM,Request customer authentication,Customer notification,1
TXN04255,CUST0010,1501.06,UPI,Travel,47,13,4,Authentication Failed,3,27.1,0,18,1,1360.43,0.5597485790598933,MEDIUM,Request customer authentication,Customer notification,1
TXN01762,CUST1266,2498.35,Net Banking,Entertainment,18,16,3,Bank Declined,1,12.5,0,21,0,0.0,0.5594534630712727,MEDIUM,Suggest alternative payment method,Customer notification,0
TXN01210,CUST0969,6503.69,Card,Utilities,51,17,3,Authentication Failed,1,50.5,0,0,0,0.0,0.5593016663332684,MEDIUM,Request customer authentication,Customer notification,0
TXN01021,CUST0847,6557.52,UPI,Food,16,10,3,Authentication Failed,2,44.8,1,3,1,6481.06,0.5589271877537808,MEDIUM,Request customer authentication,Customer notification,1
TXN00317,CUST0688,1159.87,Net Banking,Entertainment,56,12,4,Network Error,1,37.1,0,0,0,0.0,0.5587537689002025,MEDIUM,Retry payment,Automatic retry,0
TXN02945,CUST0548,6932.69,Wallet,Entertainment,1,17,1,Authentication Failed,2,25.4,0,23,0,0.0,0.5585844906735756,MEDIUM,Request customer authentication,Customer notification,0
TXN03853,CUST1379,3476.1,UPI,Entertainment,33,10,3,Authentication Failed,2,17.0,1,1,0,0.0,0.5585631027523452,MEDIUM,Request customer authentication,Customer notification,0
TXN02629,CUST1034,6085.28,Card,Entertainment,55,10,3,Authentication Failed,2,6.9,1,4,0,0.0,0.5580994589727838,MEDIUM,Request customer authentication,Customer notification,0
TXN00878,CUST0360,3324.28,Net Banking,Utilities,52,16,6,Network Error,1,17.1,1,5,0,0.0,0.5580709359503748,MEDIUM,Retry payment,Automatic retry,0
TXN03122,CUST0649,2903.87,UPI,Travel,41,7,0,Network Error,1,44.5,0,3,0,0.0,0.5579845097042456,MEDIUM,Retry payment,Automatic retry,0
TXN04285,CUST0763,1856.35,Net Banking,Shopping,6,4,5,Timeout,1,18.8,0,11,1,1781.17,0.5579781679127324,MEDIUM,Retry payment after short delay,Automatic retry,1
TXN04374,CUST0118,4210.62,Net Banking,Entertainment,11,1,0,Bank Declined,2,21.1,0,23,1,4021.76,0.5579275623294382,MEDIUM,Suggest alternative payment method,Customer notification,1
TXN02652,CUST1032,6673.93,UPI,Entertainment,13,15,3,Network Error,2,38.9,0,21,0,0.0,0.5579089320557153,MEDIUM,Retry payment,Automatic retry,0
TXN04858,CUST0804,8380.2,Net Banking,Entertainment,52,0,4,Authentication Failed,3,18.1,1,21,1,7678.09,0.5578661685056016,MEDIUM,Request customer authentication,Customer notification,1
TXN01941,CUST0900,3446.02,Wallet,Entertainment,34,9,1,Network Error,3,66.0,0,5,1,3437.81,0.5578251898478941,MEDIUM,Retry payment,Automatic retry,1
TXN00132,CUST0099,6675.6,Card,Utilities,53,11,5,Bank Declined,1,68.4,0,11,1,6368.4,0.5575344421128396,MEDIUM,Suggest alternative payment method,Customer notification,1
TXN03277,CUST0334,1391.47,Net Banking,Shopping,4,16,3,Timeout,3,26.9,1,4,0,0.0,0.55732895619382,MEDIUM,Retry payment after short delay,Automatic retry,0
TXN01055,CUST0329,7472.89,UPI,Utilities,10,8,3,Network Error,1,46.7,0,0,1,7287.23,0.5572868039600077,MEDIUM,Retry payment,Automatic retry,1
TXN01177,CUST1484,8142.67,Card,Food,19,0,0,Authentication Failed,1,42.6,0,13,1,7418.23,0.5570987673902186,MEDIUM,Request customer authentication,Customer notification,1
TXN00939,CUST0883,8847.29,UPI,Food,30,4,2,Authentication Failed,1,34.1,1,20,0,0.0,0.5570804720220172,MEDIUM,Request customer authentication,Customer notification,0
TXN01682,CUST0593,2725.56,Net Banking,Travel,37,12,2,Authentication Failed,3,52.0,1,15,1,2579.84,0.5570551848031611,MEDIUM,Request customer authentication,Customer notification,1
TXN02364,CUST0036,5265.16,Net Banking,Food,7,9,6,Timeout,3,22.1,0,12,1,4959.67,0.5569596507299289,MEDIUM,Retry payment after short delay,Automatic retry,1
TXN00118,CUST0379,3185.73,Wallet,Food,24,13,1,Insufficient Balance,1,65.5,0,7,1,2919.4,0.55693223882951,MEDIUM,Ask customer to add funds or use another method,Customer notification,1
TXN04490,CUST0618,1147.42,Net Banking,Entertainment,9,3,1,Bank Declined,1,41.9,0,2,1,1140.57,0.5567734259827046,MEDIUM,Suggest alternative payment method,Customer notification,1
TXN00138,CUST0643,9410.15,UPI,Entertainment,10,5,5,Network Error,2,18.6,1,3,1,9291.1,0.5567656552199822,MEDIUM,Retry payment,Automatic retry,1
TXN02596,CUST0465,6997.87,Card,Travel,44,10,3,Timeout,2,30.8,0,0,0,0.0,0.5567605111498546,MEDIUM,Retry payment after short delay,Automatic retry,0
TXN04962,CUST0459,8091.39,Card,Entertainment,38,19,4,Bank Declined,2,53.9,0,17,1,8070.74,0.5566855362422747,MEDIUM,Suggest alternative payment method,Customer notification,1
TXN01854,CUST0206,6395.52,Wallet,Entertainment,49,2,2,Timeout,2,65.5,0,11,1,6323.85,0.556652146395028,MEDIUM,Retry payment after short delay,Automatic retry,1
TXN04751,CUST0541,3414.7,Net Banking,Utilities,41,10,6,Authentication Failed,2,22.7,1,4,1,3236.11,0.5566392519859196,MEDIUM,Request customer authentication,Customer notification,1
TXN04454,CUST1083,8272.76,UPI,Food,59,5,4,Authentication Failed,1,46.2,0,13,1,8188.47,0.5565945686337233,MEDIUM,Request customer authentication,Customer notification,1
TXN00485,CUST1244,3884.3,Net Banking,Shopping,44,1,0,Bank Declined,3,35.8,1,6,1,3703.07,0.5562445628605966,MEDIUM,Suggest alternative payment method,Customer notification,1
TXN03902,CUST0868,9609.63,Wallet,Entertainment,29,16,2,Timeout,1,1.6,0,23,0,0.0,0.5560006862932375,MEDIUM,Retry payment after short delay,Automatic retry,0
TXN00130,CUST0407,5517.65,Card,Utilities,28,12,7,Timeout,2,69.4,0,6,1,5010.34,0.5558190786713542,MEDIUM,Retry payment after short delay,Automatic retry,1
TXN03398,CUST0019,3696.89,Card,Travel,28,16,1,Bank Declined,2,24.6,0,11,0,0.0,0.555729921853286,MEDIUM,Suggest alternative payment method,Customer notification,0
TXN04014,CUST0248,8936.85,Wallet,Entertainment,20,12,7,Bank Declined,1,60.4,1,21,1,8226.83,0.5556123067933821,MEDIUM,Suggest alternative payment method,Customer notification,1
TXN03180,CUST0896,5942.69,Net Banking,Travel,48,18,4,Bank Declined,2,20.9,0,21,0,0.0,0.5556080096710602,MEDIUM,Suggest alternative payment method,Customer notification,0
TXN02148,CUST0744,8267.85,UPI,Entertainment,34,15,7,Authentication Failed,2,7.7,1,3,0,0.0,0.5555435221036221,MEDIUM,Request customer authentication,Customer notification,0
TXN02345,CUST0921,8698.67,Wallet,Utilities,22,4,0,Timeout,3,22.7,0,2,1,8465.82,0.5553863829778938,MEDIUM,Retry payment after short delay,Automatic retry,1
TXN03800,CUST0294,6989.23,Card,Utilities,36,15,7,Authentication Failed,2,20.8,0,5,0,0.0,0.5553446205227539,MEDIUM,Request customer authentication,Customer notification,0
TXN01084,CUST1434,1304.78,Wallet,Entertainment,41,12,4,Bank Declined,2,12.6,0,2,1,1200.3,0.5550703532461535,MEDIUM,Suggest alternative payment method,Customer notification,1
TXN01884,CUST1416,9526.22,Wallet,Travel,36,12,1,Timeout,1,65.8,1,23,0,0.0,0.5547989150099768,MEDIUM,Retry payment after short delay,Automatic retry,0
TXN02901,CUST0399,7648.2,Net Banking,Food,39,10,3,Authentication Failed,2,29.2,0,13,0,0.0,0.5546493697855497,MEDIUM,Request customer authentication,Customer notification,0
TXN04152,CUST0947,6122.67,UPI,Travel,58,20,3,Timeout,3,6.0,0,9,0,0.0,0.554645017987032,MEDIUM,Retry payment after short delay,Automatic retry,0
TXN01126,CUST1435,6421.04,UPI,Shopping,19,12,2,Network Error,2,34.1,0,6,0,0.0,0.5546449978719238,MEDIUM,Retry payment,Automatic retry,0
TXN01468,CUST0939,1203.73,UPI,Travel,50,13,0,Authentication Failed,3,11.7,0,12,0,0.0,0.5539373948268086,MEDIUM,Request customer authentication,Customer notification,0
TXN00030,CUST0022,5839.29,Net Banking,Travel,41,14,3,Timeout,2,50.1,0,3,0,0.0,0.5538896614471279,MEDIUM,Retry payment after short delay,Automatic retry,0
TXN03771,CUST0160,7627.09,Wallet,Shopping,39,10,2,Timeout,2,49.2,1,18,0,0.0,0.5538616592308593,MEDIUM,Retry payment after short delay,Automatic retry,0
TXN04444,CUST1158,7492.04,Card,Travel,29,16,3,Authentication Failed,1,55.7,0,12,0,0.0,0.5537277525483628,MEDIUM,Request customer authentication,Customer notification,0
TXN04361,CUST0113,6841.08,Wallet,Entertainment,59,18,2,Bank Declined,2,9.8,0,3,0,0.0,0.5536831407355179,MEDIUM,Suggest alternative payment method,Customer notification,0
TXN00920,CUST0008,241.88,Card,Food,25,13,0,Authentication Failed,2,34.8,0,4,0,0.0,0.5534521929587742,MEDIUM,Request customer authentication,Customer notification,0
TXN02562,CUST0420,3302.08,Wallet,Travel,31,13,7,Network Error,3,26.8,0,23,0,0.0,0.5534219994292892,MEDIUM,Retry payment,Automatic retry,0
TXN00591,CUST0076,6598.22,Wallet,Food,36,1,5,Timeout,1,26.2,0,22,1,6422.15,0.5533919723153492,MEDIUM,Retry payment after short delay,Automatic retry,1
TXN01469,CUST0042,5747.05,Wallet,Utilities,16,12,3,Insufficient Balance,2,69.8,0,10,1,5284.31,0.5533697655519679,MEDIUM,Ask customer to add funds or use another method,Customer notification,1
TXN01760,CUST0916,3172.04,UPI,Entertainment,29,12,7,Network Error,3,65.3,0,10,1,3035.09,0.5533232812220692,MEDIUM,Retry payment,Automatic retry,1
TXN02188,CUST0455,5188.83,Card,Food,52,7,4,Authentication Failed,2,16.0,0,2,1,4702.83,0.553276702586497,MEDIUM,Request customer authentication,Customer notification,1
TXN04575,CUST0742,8446.07,Wallet,Shopping,8,17,6,Timeout,1,36.2,0,14,0,0.0,0.5532323988845592,MEDIUM,Retry payment after short delay,Automatic retry,0
TXN03501,CUST0007,3889.02,Wallet,Travel,25,5,1,Insufficient Balance,1,15.0,1,10,1,3790.29,0.5529257569272388,MEDIUM,Ask customer to add funds or use another method,Customer notification,1
TXN04807,CUST0003,4587.29,Wallet,Utilities,17,13,2,Bank Declined,1,16.6,0,9,0,0.0,0.5526551324453628,MEDIUM,Suggest alternative payment method,Customer notification,0
TXN00687,CUST1141,6094.26,Card,Food,40,11,0,Network Error,3,19.5,0,21,0,0.0,0.5522614084762109,MEDIUM,Retry payment,Automatic retry,0
TXN00647,CUST1366,6557.13,Card,Entertainment,42,16,5,Authentication Failed,3,60.5,0,8,1,5930.53,0.5522064658126298,MEDIUM,Request customer authentication,Customer notification,1
TXN02420,CUST0348,6928.93,UPI,Utilities,40,8,5,Authentication Failed,3,21.2,1,10,1,6451.47,0.5521888433899121,MEDIUM,Request customer authentication,Customer notification,1
TXN02475,CUST1091,9342.45,Wallet,Entertainment,30,2,1,Timeout,3,8.3,0,15,1,8484.6,0.5521698149876246,MEDIUM,Retry payment after short delay,Automatic retry,1
TXN03639,CUST0407,676.93,Card,Travel,24,17,7,Network Error,3,27.2,1,15,0,0.0,0.5521124323290848,MEDIUM,Retry payment,Automatic retry,0
TXN01473,CUST1253,4493.34,UPI,Entertainment,7,14,4,Timeout,1,35.2,0,18,0,0.0,0.5520337528278301,MEDIUM,Retry payment after short delay,Automatic retry,0
TXN04159,CUST0700,8123.32,UPI,Food,7,14,3,Timeout,3,8.0,1,7,0,0.0,0.5520328834117944,MEDIUM,Retry payment after short delay,Automatic retry,0
TXN00041,CUST0958,6426.42,Wallet,Utilities,52,9,2,Network Error,1,32.7,0,23,0,0.0,0.5516889899941232,MEDIUM,Retry payment,Automatic retry,0
TXN04301,CUST0192,7297.08,Net Banking,Food,30,4,5,Authentication Failed,1,29.6,1,6,1,7274.9,0.5515012266129652,MEDIUM,Request customer authentication,Customer notification,1
TXN03450,CUST0667,1152.16,Wallet,Entertainment,41,2,3,Network Error,1,9.6,0,18,1,1145.18,0.5514596728207679,MEDIUM,Retry payment,Automatic retry,1
TXN00486,CUST1093,6231.5,Wallet,Shopping,25,10,5,Timeout,3,57.4,1,3,1,6126.52,0.5513159932355773,MEDIUM,Retry payment after short delay,Automatic retry,1
TXN02618,CUST0105,7988.93,Card,Food,6,2,4,Timeout,2,3.5,0,16,1,7940.59,0.5512726187886451,MEDIUM,Retry payment after short delay,Automatic retry,1
TXN03261,CUST1144,6139.43,Wallet,Travel,55,14,5,Bank Declined,3,48.5,0,15,1,6066.4,0.5509977527062475,MEDIUM,Suggest alternative payment method,Customer notification,1
TXN04547,CUST0589,3166.32,Net Banking,Entertainment,10,8,6,Insufficient Balance,1,11.2,1,4,1,2889.0,0.5508548309368637,MEDIUM,Ask customer to add funds or use another method,Customer notification,1
TXN00140,CUST1242,5275.33,UPI,Shopping,39,6,2,Insufficient Balance,1,19.6,0,3,1,5137.12,0.5507132119463221,MEDIUM,Ask customer to add funds or use another method,Customer notification,1
TXN00615,CUST0935,2861.49,Wallet,Travel,2,13,4,Bank Declined,2,54.7,1,22,1,2718.69,0.5504128715416844,MEDIUM,Suggest alternative payment method,Customer notification,1
TXN01293,CUST0800,7553.2,Net Banking,Entertainment,56,7,2,Insufficient Balance,1,45.6,0,6,1,7410.71,0.5501371127881722,MEDIUM,Ask customer to add funds or use another method,Customer notification,1
TXN02575,CUST0510,6260.8,UPI,Utilities,33,7,3,Network Error,2,35.6,0,16,1,5852.01,0.5498001410510605,MEDIUM,Retry payment,Automatic retry,1
TXN02822,CUST1015,9908.41,Net Banking,Shopping,18,15,2,Network Error,1,31.9,0,16,0,0.0,0.5497303786850992,MEDIUM,Retry payment,Automatic retry,0
TXN01157,CUST0011,1557.55,Card,Utilities,7,0,5,Bank Declined,2,6.8,1,2,1,1503.43,0.5495115611093373,MEDIUM,Suggest alternative payment method,Customer notification,1
TXN04143,CUST1425,7369.29,Net Banking,Food,35,13,3,Authentication Failed,3,5.7,0,17,0,0.0,0.5490241270557916,MEDIUM,Request customer authentication,Customer notification,0
TXN02581,CUST0661,6725.73,Card,Shopping,33,8,4,Insufficient Balance,2,38.3,1,8,1,6241.19,0.548177483731986,MEDIUM,Ask customer to add funds or use another method,Customer notification,1
TXN02477,CUST0948,1339.78,Card,Food,24,14,7,Network Error,3,45.6,0,18,1,1259.37,0.5480851690929759,MEDIUM,Retry payment,Automatic retry,1
TXN03195,CUST1071,5538.33,Card,Entertainment,1,18,7,Network Error,1,41.8,0,9,0,0.0,0.5480054591369239,MEDIUM,Retry payment,Automatic retry,0
TXN02304,CUST0584,5154.15,Wallet,Food,24,9,1,Authentication Failed,3,50.7,1,4,1,4711.66,0.5478768037102698,MEDIUM,Request customer authentication,Customer notification,1
TXN01416,CUST0455,4833.77,Net Banking,Travel,57,15,5,Authentication Failed,2,11.3,0,8,0,0.0,0.5478659036696234,MEDIUM,Request customer authentication,Customer notification,0
TXN02026,CUST0526,7194.4,Wallet,Utilities,37,12,1,Authentication Failed,1,69.7,0,6,0,0.0,0.5477278301774954,MEDIUM,Request customer authentication,Customer notification,0
TXN04763,CUST0425,6867.57,Wallet,Entertainment,33,20,2,Network Error,3,46.6,0,0,0,0.0,0.5475211694592541,MEDIUM,Retry payment,Automatic retry,0
TXN02072,CUST1308,4517.09,Net Banking,Shopping,39,18,4,Bank Declined,2,13.4,0,11,0,0.0,0.5475189197284722,MEDIUM,Suggest alternative payment method,Customer notification,0
TXN00779,CUST0385,9332.19,Wallet,Travel,48,6,4,Authentication Failed,2,44.7,1,3,1,8403.8,0.5473245307666285,MEDIUM,Request customer authentication,Customer notification,1
TXN00495,CUST0218,750.35,Card,Utilities,42,7,4,Timeout,2,37.3,0,7,1,699.32,0.547250591925782,MEDIUM,Retry payment after short delay,Automatic retry,1
TXN00222,CUST0730,6733.32,Wallet,Utilities,11,16,6,Network Error,1,36.7,0,6,0,0.0,0.5472229516741948,MEDIUM,Retry payment,Automatic retry,0
TXN03391,CUST0397,1331.9,Net Banking,Shopping,36,11,4,Authentication Failed,2,26.5,0,2,1,1203.45,0.5470223688303063,MEDIUM,Request customer authentication,Customer notification,1
TXN03216,CUST0393,4146.56,Net Banking,Entertainment,29,11,4,Timeout,2,24.5,1,13,0,0.0,0.5467837205329201,MEDIUM,Retry payment after short delay,Automatic retry,0
TXN04726,CUST0245,7247.57,Card,Utilities,35,17,3,Bank Declined,1,27.9,0,23,0,0.0,0.5466735603910073,MEDIUM,Suggest alternative payment method,Customer notification,0
TXN02620,CUST0017,8074.12,Net Banking,Entertainment,29,10,7,Insufficient Balance,3,37.8,1,6,1,8006.81,0.5466001408334275,MEDIUM,Ask customer to add funds or use another method,Customer notification,1
TXN04820,CUST0898,1888.56,Card,Shopping,60,7,6,Authentication Failed,3,28.8,0,5,1,1701.92,0.5464431618525389,MEDIUM,Request customer authentication,Customer notification,1
TXN00255,CUST0929,966.73,Net Banking,Shopping,11,15,1,Insufficient Balance,3,63.2,1,17,1,878.67,0.5461744026547679,MEDIUM,Ask customer to add funds or use another method,Customer notification,1
TXN00808,CUST1096,3763.24,Card,Shopping,41,9,4,Authentication Failed,2,16.1,0,14,1,3402.25,0.5460905488134628,MEDIUM,Request customer authentication,Customer notification,1
TXN01837,CUST0430,9735.28,UPI,Travel,44,15,3,Timeout,3,42.0,0,20,0,0.0,0.5460747651875081,MEDIUM,Retry payment after short delay,Automatic retry,0
TXN01360,CUST1250,8458.72,Net Banking,Entertainment,25,2,2,Timeout,2,28.5,0,1,1,8278.56,0.5455679955071566,MEDIUM,Retry payment after short delay,Automatic retry,1
TXN02063,CUST1385,7173.15,UPI,Shopping,27,14,3,Timeout,3,16.3,0,23,0,0.0,0.5455520316616664,MEDIUM,Retry payment after short delay,Automatic retry,0
TXN03410,CUST0988,3167.67,Net Banking,Food,29,20,4,Authentication Failed,2,58.5,0,7,0,0.0,0.5455320045918532,MEDIUM,Request customer authentication,Customer notification,0
TXN00633,CUST1254,1437.29,Wallet,Utilities,42,20,2,Timeout,3,71.6,0,13,0,0.0,0.5445408464912762,MEDIUM,Retry payment after short delay,Automatic retry,0
TXN00055,CUST0316,6201.51,UPI,Travel,35,20,6,Bank Declined,3,60.3,0,9,1,6125.8,0.5445064295674378,MEDIUM,Suggest alternative payment method,Customer notification,1
TXN04068,CUST0619,2329.88,Net Banking,Utilities,30,3,6,Timeout,1,40.6,0,14,1,2308.13,0.5443791954517172,MEDIUM,Retry payment after short delay,Automatic retry,1
TXN00696,CUST0886,3325.65,Wallet,Travel,10,11,0,Network Error,1,29.9,0,23,0,0.0,0.5443720911784201,MEDIUM,Retry payment,Automatic retry,0
TXN00171,CUST1013,6078.12,UPI,Food,26,13,2,Insufficient Balance,2,50.9,1,20,1,6061.66,0.5437762476150135,MEDIUM,Ask customer to add funds or use another method,Customer notification,1
TXN01109,CUST0579,6087.91,Wallet,Shopping,45,19,2,Timeout,3,55.4,1,19,0,0.0,0.543473375467075,MEDIUM,Retry payment after short delay,Automatic retry,0
TXN03918,CUST0858,852.34,UPI,Entertainment,13,12,2,Bank Declined,2,54.5,1,6,1,820.77,0.5432633646796645,MEDIUM,Suggest alternative payment method,Customer notification,1
TXN03298,CUST1328,6678.06,Card,Entertainment,10,13,5,Timeout,2,19.8,0,17,0,0.0,0.5431844727016041,MEDIUM,Retry payment after short delay,Automatic retry,0
TXN01714,CUST0133,8465.21,Net Banking,Travel,55,12,4,Authentication Failed,2,31.1,0,18,0,0.0,0.543161883619614,MEDIUM,Request customer authentication,Customer notification,0
TXN02897,CUST0198,4272.96,UPI,Shopping,15,6,3,Insufficient Balance,1,46.5,0,7,1,3929.79,0.5430942696269218,MEDIUM,Ask customer to add funds or use another method,Customer notification,1
TXN03051,CUST0213,8383.62,Card,Travel,31,5,4,Authentication Failed,2,2.5,0,11,1,7709.6,0.5428624471016552,MEDIUM,Request customer authentication,Customer notification,1
TXN02307,CUST1073,3483.31,Card,Entertainment,17,16,3,Bank Declined,1,22.6,0,11,0,0.0,0.5428326445546072,MEDIUM,Suggest alternative payment method,Customer notification,0
TXN04668,CUST1396,9115.37,Card,Food,16,20,4,Authentication Failed,2,45.0,0,18,0,0.0,0.5424590838716901,MEDIUM,Request customer authentication,Customer notification,0
TXN04600,CUST0121,2763.62,Net Banking,Shopping,24,10,4,Bank Declined,2,13.7,0,1,1,2531.07,0.5423595209318743,MEDIUM,Suggest alternative payment method,Customer notification,1
TXN03112,CUST1024,7461.66,UPI,Utilities,27,18,2,Authentication Failed,1,62.3,0,16,0,0.0,0.542352505252393,MEDIUM,Request customer authentication,Customer notification,0
TXN00555,CUST1400,3386.78,Net Banking,Entertainment,41,12,5,Authentication Failed,1,25.2,1,10,0,0.0,0.5421715149861668,MEDIUM,Request customer authentication,Customer notification,0
TXN00959,CUST0812,4597.36,UPI,Shopping,11,15,6,Timeout,1,28.0,1,22,0,0.0,0.5418337974701529,MEDIUM,Retry payment after short delay,Automatic retry,0
TXN00692,CUST0173,2610.99,UPI,Shopping,15,15,4,Authentication Failed,3,56.8,1,7,1,2536.48,0.5417636540226719,MEDIUM,Request customer authentication,Customer notification,1
TXN02349,CUST1398,9134.79,UPI,Travel,17,16,2,Authentication Failed,1,55.6,0,16,0,0.0,0.5416742604370186,MEDIUM,Request customer authentication,Customer notification,0
TXN03264,CUST0676,346.11,Net Banking,Utilities,52,18,1,Bank Declined,2,31.8,0,8,0,0.0,0.5408415979992544,MEDIUM,Suggest alternative payment method,Customer notification,0
TXN03074,CUST1202,2145.77,UPI,Entertainment,30,15,7,Insufficient Balance,1,50.4,0,5,1,1965.97,0.5407645350223418,MEDIUM,Ask customer to add funds or use another method,Customer notification,1
TXN03024,CUST1081,6941.95,Card,Shopping,39,15,4,Authentication Failed,3,16.6,0,5,0,0.0,0.5407625803893714,MEDIUM,Request customer authentication,Customer notification,0
TXN04537,CUST1185,455.34,Net Banking,Entertainment,19,10,0,Timeout,1,34.7,0,20,0,0.0,0.5405276073599032,MEDIUM,Retry payment after short delay,Automatic retry,0
TXN02777,CUST0023,9323.43,Net Banking,Shopping,51,13,5,Timeout,1,70.2,0,3,0,0.0,0.5404799409724526,MEDIUM,Retry payment after short delay,Automatic retry,0
TXN00347,CUST0158,2613.98,Net Banking,Shopping,3,8,1,Network Error,1,24.4,0,0,0,0.0,0.5404418434278616,MEDIUM,Retry payment,Automatic retry,0
TXN00349,CUST1070,1077.5,UPI,Utilities,60,17,1,Timeout,3,5.7,0,15,0,0.0,0.5401042210968359,MEDIUM,Retry payment after short delay,Automatic retry,0
TXN01005,CUST0548,7329.41,Wallet,Food,22,19,7,Authentication Failed,1,7.5,1,23,0,0.0,0.5400975373281416,MEDIUM,Request customer authentication,Customer notification,0
TXN02689,CUST0329,6068.18,UPI,Entertainment,15,0,2,Timeout,2,27.9,1,6,1,5739.14,0.5393417041890071,MEDIUM,Retry payment after short delay,Automatic retry,1
TXN02584,CUST1447,3039.27,Wallet,Shopping,30,1,3,Timeout,2,4.4,0,21,1,2920.1,0.539104164176409,MEDIUM,Retry payment after short delay,Automatic retry,1
TXN04556,CUST0490,6124.97,Card,Entertainment,38,16,0,Insufficient Balance,1,1.4,0,18,0,0.0,0.539035084211567,MEDIUM,Ask customer to add funds or use another method,Customer notification,0
TXN04997,CUST0939,5022.3,Card,Entertainment,18,14,0,Insufficient Balance,3,51.8,1,6,1,4726.57,0.5389642342712683,MEDIUM,Ask customer to add funds or use another method,Customer notification,1
TXN00480,CUST1459,2187.77,Wallet,Shopping,20,10,4,Timeout,1,49.6,1,0,0,0.0,0.5389152829708356,MEDIUM,Retry payment after short delay,Automatic retry,0
TXN02140,CUST0311,2625.42,Card,Entertainment,31,14,7,Network Error,3,24.0,1,9,0,0.0,0.5387028883073524,MEDIUM,Retry payment,Automatic retry,0
TXN04350,CUST0519,8539.06,Net Banking,Entertainment,23,6,4,Timeout,1,70.7,0,2,1,8518.59,0.5384243366462598,MEDIUM,Retry payment after short delay,Automatic retry,1
TXN04732,CUST0856,9868.3,Card,Entertainment,46,10,6,Insufficient Balance,2,51.2,0,6,1,9730.38,0.5380423979359523,MEDIUM,Ask customer to add funds or use another method,Customer notification,1
TXN03972,CUST0631,804.68,Card,Travel,51,7,4,Timeout,1,27.2,0,5,0,0.0,0.5375517057985344,MEDIUM,Retry payment after short delay,Automatic retry,0
TXN02234,CUST0427,9508.04,Card,Food,37,15,6,Authentication Failed,2,6.3,0,12,0,0.0,0.5365552709833455,MEDIUM,Request customer authentication,Customer notification,0
TXN03211,CUST0949,1976.6,Card,Entertainment,10,13,2,Authentication Failed,2,53.9,0,14,1,1868.77,0.5361901254353691,MEDIUM,Request customer authentication,Customer notification,1
TXN01498,CUST1292,1984.34,Net Banking,Food,3,17,0,Authentication Failed,1,51.1,0,13,0,0.0,0.535255020209259,MEDIUM,Request customer authentication,Customer notification,0
TXN01472,CUST0131,2478.17,Net Banking,Travel,10,19,7,Network Error,2,10.3,0,11,0,0.0,0.5351225487707107,MEDIUM,Retry payment,Automatic retry,0
TXN04553,CUST0603,1456.12,UPI,Food,33,20,3,Bank Declined,1,35.8,0,23,0,0.0,0.5350482662808675,MEDIUM,Suggest alternative payment method,Customer notification,0
TXN00359,CUST0607,8648.31,Card,Travel,45,18,3,Bank Declined,2,28.1,0,19,0,0.0,0.5349540600540424,MEDIUM,Suggest alternative payment method,Customer notification,0
TXN02218,CUST1178,6969.25,Net Banking,Shopping,36,2,5,Network Error,2,4.1,0,17,1,6766.64,0.5349421135762769,MEDIUM,Retry payment,Automatic retry,1
TXN01865,CUST0386,1208.15,Wallet,Utilities,3,16,2,Insufficient Balance,2,57.2,0,4,1,1111.14,0.5346150683286985,MEDIUM,Ask customer to add funds or use another method,Customer notification,1
TXN01458,CUST0482,2101.28,UPI,Shopping,9,20,0,Timeout,2,57.4,0,13,0,0.0,0.5343003007604467,MEDIUM,Retry payment after short delay,Automatic retry,0
TXN02750,CUST0203,3664.99,Wallet,Entertainment,44,8,0,Timeout,2,28.4,0,0,0,0.0,0.5342379570169179,MEDIUM,Retry payment after short delay,Automatic retry,0
TXN04653,CUST0261,2473.12,UPI,Entertainment,53,2,1,Authentication Failed,3,0.8,0,4,1,2462.56,0.5339309502075976,MEDIUM,Request customer authentication,Customer notification,1
TXN04734,CUST0017,6543.58,Net Banking,Food,18,7,6,Timeout,3,7.5,0,7,1,6017.28,0.5339102416128384,MEDIUM,Retry payment after short delay,Automatic retry,1
TXN04628,CUST0052,1616.03,Wallet,Travel,7,15,2,Authentication Failed,3,3.4,0,10,0,0.0,0.5338074157000547,MEDIUM,Request customer authentication,Customer notification,0
TXN04647,CUST0109,8940.35,UPI,Utilities,3,7,2,Bank Declined,2,2.9,0,8,1,8787.2,0.5337805709445009,MEDIUM,Suggest alternative payment method,Customer notification,1
TXN00303,CUST0822,1854.21,Net Banking,Shopping,45,9,1,Network Error,1,37.8,1,12,0,0.0,0.5337673038408607,MEDIUM,Retry payment,Automatic retry,0
TXN04342,CUST0452,4429.74,Net Banking,Food,7,19,0,Bank Declined,2,30.7,0,21,0,0.0,0.5336460856254918,MEDIUM,Suggest alternative payment method,Customer notification,0
TXN04785,CUST0194,1714.84,Net Banking,Food,27,2,4,Bank Declined,2,3.6,1,7,1,1688.32,0.5334748809224912,MEDIUM,Suggest alternative payment method,Customer notification,1
TXN01316,CUST1007,8169.21,UPI,Shopping,41,18,7,Network Error,2,48.5,0,6,0,0.0,0.5331523066912771,MEDIUM,Retry payment,Automatic retry,0
TXN01908,CUST0194,9429.48,UPI,Shopping,55,19,6,Network Error,2,25.0,0,3,0,0.0,0.5330765490587619,MEDIUM,Retry payment,Automatic retry,0
TXN04663,CUST0457,2550.89,Card,Shopping,33,17,4,Bank Declined,1,26.8,0,11,0,0.0,0.5329826500924092,MEDIUM,Suggest alternative payment method,Customer notification,0
TXN02215,CUST0454,8941.83,Wallet,Shopping,47,9,2,Bank Declined,2,41.2,0,5,1,8740.75,0.5329463183300165,MEDIUM,Suggest alternative payment method,Customer notification,1
TXN01064,CUST0376,6970.77,Net Banking,Utilities,23,15,4,Insufficient Balance,3,62.0,1,22,1,6347.08,0.5327771498976195,MEDIUM,Ask customer to add funds or use another method,Customer notification,1
TXN01775,CUST0210,6570.51,Card,Food,13,7,2,Timeout,3,7.4,0,13,1,6007.7,0.5327643174286996,MEDIUM,Retry payment after short delay,Automatic retry,1
TXN04318,CUST0701,5693.82,Wallet,Utilities,42,13,7,Network Error,1,27.9,0,20,0,0.0,0.5326281107456078,MEDIUM,Retry payment,Automatic retry,0
TXN03858,CUST0892,5918.08,UPI,Entertainment,56,1,2,Insufficient Balance,3,35.3,1,3,1,5627.13,0.532508116863605,MEDIUM,Ask customer to add funds or use another method,Customer notification,1
TXN04780,CUST1256,6917.59,Net Banking,Utilities,52,15,7,Network Error,2,13.2,1,12,0,0.0,0.5323761381350398,MEDIUM,Retry payment,Automatic retry,0
TXN02599,CUST0700,3268.56,Net Banking,Entertainment,59,14,6,Timeout,2,13.8,0,2,0,0.0,0.5319164930210821,MEDIUM,Retry payment after short delay,Automatic retry,0
TXN01669,CUST1148,8859.6,Net Banking,Entertainment,29,13,3,Authentication Failed,2,27.5,0,22,0,0.0,0.5318986194440423,MEDIUM,Request customer authentication,Customer notification,0
TXN02571,CUST0092,5890.82,Wallet,Entertainment,16,13,0,Network Error,2,57.3,0,19,0,0.0,0.531838865199807,MEDIUM,Retry payment,Automatic retry,0
TXN04540,CUST1328,4167.01,Card,Utilities,55,4,4,Authentication Failed,2,1.7,0,16,1,4115.82,0.531729215279591,MEDIUM,Request customer authentication,Customer notification,1
TXN03107,CUST0486,5238.31,Net Banking,Shopping,55,12,4,Authentication Failed,1,49.3,0,12,0,0.0,0.5314215134800087,MEDIUM,Request customer authentication,Customer notification,0
TXN04805,CUST0635,6637.83,Wallet,Travel,51,10,5,Bank Declined,2,36.3,0,8,1,6242.75,0.5314196402870042,MEDIUM,Suggest alternative payment method,Customer notification,1
TXN00790,CUST0714,838.92,Net Banking,Shopping,34,7,4,Bank Declined,1,24.9,1,11,1,818.59,0.5312904395018866,MEDIUM,Suggest alternative payment method,Customer notification,1
TXN04708,CUST1313,7115.94,UPI,Utilities,16,15,5,Bank Declined,3,30.9,0,3,1,6423.82,0.5305842730973923,MEDIUM,Suggest alternative payment method,Customer notification,1
TXN00465,CUST1142,7704.47,Net Banking,Shopping,53,16,6,Network Error,2,57.8,0,8,0,0.0,0.5304714499416268,MEDIUM,Retry payment,Automatic retry,0
TXN01449,CUST0069,4189.76,Card,Travel,55,12,4,Network Error,2,57.2,0,2,0,0.0,0.5303948453706745,MEDIUM,Retry payment,Automatic retry,0
TXN00232,CUST0294,7561.97,UPI,Entertainment,39,7,5,Network Error,2,44.8,0,13,1,7143.67,0.5302374888991012,MEDIUM,Retry payment,Automatic retry,1
TXN00690,CUST0685,6183.41,Card,Travel,15,14,4,Timeout,2,10.2,1,23,0,0.0,0.5301340732455324,MEDIUM,Retry payment after short delay,Automatic retry,0
TXN02084,CUST0334,5045.53,UPI,Travel,40,10,2,Network Error,2,41.0,0,8,0,0.0,0.5297378305893808,MEDIUM,Retry payment,Automatic retry,0
TXN00428,CUST0264,4496.74,Net Banking,Entertainment,58,10,0,Bank Declined,1,13.9,1,21,0,0.0,0.5297322632532571,MEDIUM,Suggest alternative payment method,Customer notification,0
TXN02370,CUST1094,4054.38,Wallet,Travel,9,14,2,Authentication Failed,2,35.0,0,13,0,0.0,0.5297229442020681,MEDIUM,Request customer authentication,Customer notification,0
TXN00562,CUST1418,5572.35,UPI,Entertainment,29,12,6,Authentication Failed,3,61.0,1,4,1,5053.88,0.5295820012860125,MEDIUM,Request customer authentication,Customer notification,1
TXN02192,CUST0711,5867.08,Net Banking,Food,15,6,1,Insufficient Balance,1,14.3,0,17,1,5512.26,0.5294729602383751,MEDIUM,Ask customer to add funds or use another method,Customer notification,1
TXN02150,CUST0987,4689.86,Net Banking,Entertainment,21,10,2,Timeout,1,2.1,1,19,0,0.0,0.5292980334087676,MEDIUM,Retry payment after short delay,Automatic retry,0
TXN01756,CUST0037,9244.28,UPI,Food,26,12,4,Authentication Failed,1,38.6,0,23,0,0.0,0.5290919557104323,MEDIUM,Request customer authentication,Customer notification,0
TXN04022,CUST1414,3272.82,UPI,Travel,27,3,0,Bank Declined,1,53.3,0,9,1,3199.52,0.5288743923025554,MEDIUM,Suggest alternative payment method,Customer notification,1
TXN04729,CUST0925,293.08,Wallet,Shopping,50,9,0,Timeout,1,36.1,0,2,0,0.0,0.5286389762502958,MEDIUM,Retry payment after short delay,Automatic retry,0
TXN02917,CUST1450,7781.14,UPI,Utilities,48,7,4,Bank Declined,2,37.0,0,23,1,7468.87,0.5283334220121602,MEDIUM,Suggest alternative payment method,Customer notification,1
TXN00260,CUST0473,3008.38,UPI,Food,17,9,2,Insufficient Balance,2,27.4,1,6,1,2856.39,0.528132687103281,MEDIUM,Ask customer to add funds or use another method,Customer notification,1
TXN00047,CUST1155,877.72,UPI,Shopping,4,16,0,Authentication Failed,2,30.7,0,5,0,0.0,0.5279247586826363,MEDIUM,Request customer authentication,Customer notification,0
TXN04594,CUST1231,6147.98,UPI,Shopping,16,15,6,Network Error,2,17.6,0,19,0,0.0,0.527449996851121,MEDIUM,Retry payment,Automatic retry,0
TXN04504,CUST0367,5676.23,Wallet,Shopping,19,10,4,Insufficient Balance,1,70.2,0,8,1,5520.51,0.5273922498252565,MEDIUM,Ask customer to add funds or use another method,Customer notification,1
TXN02206,CUST0974,5459.49,Net Banking,Travel,21,20,3,Bank Declined,1,23.9,0,20,0,0.0,0.5268369050393478,MEDIUM,Suggest alternative payment method,Customer notification,0
TXN00389,CUST1063,8362.45,UPI,Food,53,3,1,Timeout,1,7.4,1,5,0,0.0,0.5268128946410385,MEDIUM,Retry payment after short delay,Automatic retry,0
TXN02697,CUST0217,3203.43,UPI,Shopping,59,15,2,Timeout,3,39.9,0,11,0,0.0,0.5267972729623899,MEDIUM,Retry payment after short delay,Automatic retry,0
TXN04678,CUST1042,3377.06,Net Banking,Shopping,8,15,4,Network Error,2,42.2,0,17,0,0.0,0.5263849551706125,MEDIUM,Retry payment,Automatic retry,0
TXN01400,CUST0934,2283.04,Card,Travel,14,18,5,Timeout,1,48.0,0,17,0,0.0,0.5263113893645722,MEDIUM,Retry payment after short delay,Automatic retry,0
TXN02535,CUST0382,5466.07,Card,Shopping,10,15,4,Bank Declined,2,41.2,0,11,1,5332.74,0.5262036045420587,MEDIUM,Suggest alternative payment method,Customer notification,1
TXN03464,CUST0574,6837.61,Card,Food,48,19,2,Authentication Failed,1,71.6,0,22,0,0.0,0.5260924480986993,MEDIUM,Request customer authentication,Customer notification,0
TXN03504,CUST0833,5970.53,UPI,Travel,30,12,7,Authentication Failed,2,40.3,0,20,1,5567.03,0.525964612486293,MEDIUM,Request customer authentication,Customer notification,1
TXN00881,CUST1219,8036.67,Net Banking,Travel,58,16,1,Bank Declined,1,28.3,0,7,0,0.0,0.525649061509961,MEDIUM,Suggest alternative payment method,Customer notification,0
TXN02257,CUST0751,8343.67,Card,Utilities,11,3,6,Network Error,3,44.8,1,23,1,7822.9,0.5250814099086029,MEDIUM,Retry payment,Automatic retry,1
TXN04847,CUST1289,8122.61,Wallet,Travel,8,17,6,Authentication Failed,1,15.5,0,16,0,0.0,0.5250464622110945,MEDIUM,Request customer authentication,Customer notification,0
TXN02488,CUST0793,2965.42,UPI,Entertainment,59,10,5,Authentication Failed,2,7.3,0,5,0,0.0,0.5248240718532049,MEDIUM,Request customer authentication,Customer notification,0
TXN02207,CUST0842,2912.18,Wallet,Shopping,8,16,5,Network Error,2,36.7,0,9,0,0.0,0.5247952077741728,MEDIUM,Retry payment,Automatic retry,0
TXN03094,CUST0554,2402.78,Net Banking,Entertainment,42,16,3,Bank Declined,3,60.6,0,13,1,2238.35,0.5245649378077567,MEDIUM,Suggest alternative payment method,Customer notification,1
TXN04677,CUST0620,4879.01,Net Banking,Food,16,13,1,Bank Declined,2,69.4,0,7,1,4854.5,0.5244290998853401,MEDIUM,Suggest alternative payment method,Customer notification,1
TXN01110,CUST0391,3935.77,UPI,Shopping,41,13,6,Authentication Failed,1,5.8,1,12,0,0.0,0.5240599225858416,MEDIUM,Request customer authentication,Customer notification,0
TXN02922,CUST1373,3180.83,Wallet,Shopping,42,19,4,Insufficient Balance,3,32.5,0,3,1,2876.29,0.523982578257054,MEDIUM,Ask customer to add funds or use another method,Customer notification,1
TXN02283,CUST0036,5788.36,Net Banking,Food,8,16,2,Timeout,3,59.4,0,10,0,0.0,0.5237512979103347,MEDIUM,Retry payment after short delay,Automatic retry,0
TXN02986,CUST0165,3429.82,Wallet,Shopping,36,16,2,Network Error,3,45.2,0,0,0,0.0,0.5237015126321477,MEDIUM,Retry payment,Automatic retry,0
TXN04170,CUST0084,7738.54,Card,Travel,44,7,6,Bank Declined,1,57.0,1,9,1,7023.48,0.5233686142596342,MEDIUM,Suggest alternative payment method,Customer notification,1
TXN04934,CUST0455,4812.98,Card,Shopping,44,19,7,Timeout,1,4.1,0,16,0,0.0,0.5232337397936794,MEDIUM,Retry payment after short delay,Automatic retry,0
TXN04117,CUST0605,5353.88,Card,Entertainment,24,15,3,Timeout,3,38.1,0,9,0,0.0,0.5232042598756275,MEDIUM,Retry payment after short delay,Automatic retry,0
TXN04256,CUST0726,8836.45,UPI,Utilities,3,14,3,Authentication Failed,3,22.3,0,15,0,0.0,0.5231742815482727,MEDIUM,Request customer authentication,Customer notification,0
TXN02876,CUST0868,7311.38,UPI,Shopping,51,7,4,Network Error,1,32.9,0,10,0,0.0,0.5231508432014812,MEDIUM,Retry payment,Automatic retry,0
TXN00290,CUST1444,1732.36,UPI,Utilities,29,8,6,Bank Declined,2,15.0,1,5,1,1663.49,0.5229366182221481,MEDIUM,Suggest alternative payment method,Customer notification,1
TXN01696,CUST0216,9071.71,Wallet,Travel,26,18,3,Authentication Failed,3,40.1,0,23,0,0.0,0.5227059772099133,MEDIUM,Request customer authentication,Customer notification,0
TXN02975,CUST0672,2131.68,Net Banking,Travel,22,3,3,Insufficient Balance,2,32.3,1,13,1,2010.5,0.522594700017024,MEDIUM,Ask customer to add funds or use another method,Customer notification,1
TXN00201,CUST1257,9452.19,UPI,Entertainment,54,11,3,Timeout,2,64.8,1,5,0,0.0,0.5223659125206591,MEDIUM,Retry payment after short delay,Automatic retry,0
TXN00664,CUST1150,7796.81,UPI,Utilities,46,19,6,Network Error,2,44.6,0,2,0,0.0,0.5221777686830389,MEDIUM,Retry payment,Automatic retry,0
TXN00990,CUST0277,1778.09,Card,Travel,7,5,0,Insufficient Balance,2,15.7,0,18,1,1607.01,0.5219684755280575,MEDIUM,Ask customer to add funds or use another method,Customer notification,1
TXN01299,CUST0055,3146.26,Card,Travel,17,11,0,Insufficient Balance,2,48.0,0,23,1,3122.65,0.5219063155524989,MEDIUM,Ask customer to add funds or use another method,Customer notification,1
TXN02160,CUST0361,8187.21,Wallet,Utilities,9,15,6,Network Error,1,14.0,0,22,0,0.0,0.5217252437993037,MEDIUM,Retry payment,Automatic retry,0
TXN03258,CUST0943,4874.68,Card,Utilities,45,14,6,Bank Declined,2,49.1,1,8,1,4510.09,0.521698352952004,MEDIUM,Suggest alternative payment method,Customer notification,1
TXN02714,CUST0523,6759.18,Card,Entertainment,28,5,2,Network Error,1,8.3,0,22,0,0.0,0.521128365788227,MEDIUM,Retry payment,Automatic retry,0
TXN03378,CUST0704,5135.97,Wallet,Utilities,39,11,1,Network Error,3,35.4,0,8,0,0.0,0.5207569805443294,MEDIUM,Retry payment,Automatic retry,0
TXN01163,CUST0023,5281.73,Net Banking,Utilities,28,20,6,Timeout,1,47.9,1,19,0,0.0,0.5206373785350028,MEDIUM,Retry payment after short delay,Automatic retry,0
TXN00947,CUST0739,9946.36,Net Banking,Shopping,23,3,0,Bank Declined,2,40.3,0,6,1,9034.79,0.5205907786353738,MEDIUM,Suggest alternative payment method,Customer notification,1
TXN00152,CUST0743,9042.65,Card,Shopping,20,5,3,Authentication Failed,1,69.0,0,14,1,8830.82,0.5205859890737345,MEDIUM,Request customer authentication,Customer notification,1
TXN03580,CUST0341,9035.17,Net Banking,Food,18,15,0,Network Error,1,48.5,0,1,0,0.0,0.5204560823294958,MEDIUM,Retry payment,Automatic retry,0
TXN03763,CUST0183,7369.67,UPI,Shopping,50,8,1,Authentication Failed,1,33.6,0,8,0,0.0,0.5204436125656112,MEDIUM,Request customer authentication,Customer notification,0
TXN00886,CUST0061,8961.15,UPI,Shopping,54,1,6,Authentication Failed,1,14.8,0,7,1,8307.2,0.5204219318382632,MEDIUM,Request customer authentication,Customer notification,1
TXN04476,CUST0284,4378.91,Net Banking,Food,42,3,0,Timeout,2,67.0,0,17,1,4100.37,0.5198134886522141,MEDIUM,Retry payment after short delay,Automatic retry,1
TXN04891,CUST1393,5630.36,Card,Entertainment,18,11,6,Insufficient Balance,1,25.7,1,13,1,5098.1,0.5196881422136164,MEDIUM,Ask customer to add funds or use another method,Customer notification,1
TXN03824,CUST0691,3325.22,Card,Travel,30,9,2,Authentication Failed,3,23.9,0,23,1,3231.18,0.5194909842405826,MEDIUM,Request customer authentication,Customer notification,1
TXN04792,CUST1359,4291.53,UPI,Food,6,13,6,Network Error,2,37.3,1,19,0,0.0,0.5188573964002131,MEDIUM,Retry payment,Automatic retry,0
TXN02851,CUST0526,5401.1,Card,Shopping,15,5,1,Authentication Failed,3,21.7,1,20,1,5400.18,0.5184667635353334,MEDIUM,Request customer authentication,Customer notification,1
TXN00268,CUST1017,6036.31,Card,Entertainment,5,14,2,Insufficient Balance,1,15.2,1,15,0,0.0,0.5184041373256071,MEDIUM,Ask customer to add funds or use another method,Customer notification,0
TXN01303,CUST1373,7138.91,Net Banking,Utilities,24,17,7,Authentication Failed,1,34.6,0,5,0,0.0,0.5180119414657036,MEDIUM,Request customer authentication,Customer notification,0
TXN00240,CUST1225,6986.68,Net Banking,Entertainment,46,15,4,Authentication Failed,1,57.8,0,1,0,0.0,0.5179310040791273,MEDIUM,Request customer authentication,Customer notification,0
TXN00971,CUST0111,9287.71,UPI,Utilities,41,11,4,Insufficient Balance,3,52.2,1,20,1,9076.96,0.517804445344746,MEDIUM,Ask customer to add funds or use another method,Customer notification,1
TXN03355,CUST0441,1337.07,Card,Travel,26,9,4,Authentication Failed,2,5.0,1,10,0,0.0,0.5176861412302005,MEDIUM,Request customer authentication,Customer notification,0
TXN03705,CUST1151,4769.47,Net Banking,Travel,31,15,5,Insufficient Balance,2,13.2,0,11,1,4455.75,0.517444300910443,MEDIUM,Ask customer to add funds or use another method,Customer notification,1
TXN03542,CUST0125,1411.44,Wallet,Entertainment,43,12,6,Network Error,2,24.3,0,15,0,0.0,0.5173914431103691,MEDIUM,Retry payment,Automatic retry,0
TXN02249,CUST0141,9763.25,UPI,Entertainment,32,15,2,Authentication Failed,2,43.5,1,14,0,0.0,0.5173440741785489,MEDIUM,Request customer authentication,Customer notification,0
TXN01621,CUST1354,8070.66,UPI,Travel,42,6,0,Insufficient Balance,3,40.8,0,21,1,7560.58,0.5171015873140964,MEDIUM,Ask customer to add funds or use another method,Customer notification,1
TXN00823,CUST0624,8739.29,Wallet,Entertainment,46,12,3,Authentication Failed,3,7.2,0,21,0,0.0,0.5169205243590974,MEDIUM,Request customer authentication,Customer notification,0
TXN01130,CUST0196,109.2,UPI,Food,48,14,0,Network Error,3,37.5,0,13,0,0.0,0.5169148089559156,MEDIUM,Retry payment,Automatic retry,0
TXN02472,CUST1240,602.95,Card,Entertainment,19,20,2,Network Error,3,46.6,0,16,0,0.0,0.5167465810993099,MEDIUM,Retry payment,Automatic retry,0
TXN03455,CUST0258,4822.78,Wallet,Entertainment,37,16,5,Insufficient Balance,2,71.8,0,14,1,4451.44,0.5164938749019156,MEDIUM,Ask customer to add funds or use another method,Customer notification,1
TXN02979,CUST0944,8870.63,Card,Food,21,11,0,Timeout,1,70.8,1,18,0,0.0,0.5160529366990835,MEDIUM,Retry payment after short delay,Automatic retry,0
TXN00394,CUST0525,1482.03,Card,Utilities,31,20,7,Timeout,2,66.7,0,0,0,0.0,0.5159876370309623,MEDIUM,Retry payment after short delay,Automatic retry,0
TXN03533,CUST0443,1212.62,Wallet,Utilities,16,17,1,Timeout,2,58.9,0,16,0,0.0,0.5152926033162673,MEDIUM,Retry payment after short delay,Automatic retry,0
TXN04025,CUST0446,6148.5,Card,Utilities,38,3,3,Network Error,3,16.0,0,12,1,5788.61,0.5152561007549344,MEDIUM,Retry payment,Automatic retry,1
TXN01642,CUST0003,4806.32,UPI,Shopping,12,18,0,Timeout,3,56.9,0,2,0,0.0,0.5150152820259651,MEDIUM,Retry payment after short delay,Automatic retry,0
TXN02651,CUST0101,858.56,Net Banking,Shopping,15,13,1,Authentication Failed,1,38.6,0,1,0,0.0,0.5148954691908615,MEDIUM,Request customer authentication,Customer notification,0
TXN00603,CUST0396,5120.12,UPI,Utilities,57,3,6,Network Error,2,32.0,0,9,1,4927.58,0.514858766821311,MEDIUM,Retry payment,Automatic retry,1
TXN04679,CUST0662,7429.0,UPI,Food,23,3,5,Authentication Failed,2,10.4,1,3,1,7154.79,0.5146716840079825,MEDIUM,Request customer authentication,Customer notification,1
TXN03559,CUST0059,4104.46,UPI,Shopping,42,10,4,Network Error,2,33.2,0,2,0,0.0,0.5146690497679007,MEDIUM,Retry payment,Automatic retry,0
TXN02927,CUST0261,6331.29,UPI,Entertainment,51,6,5,Insufficient Balance,1,35.2,1,16,1,5900.07,0.5141045279045386,MEDIUM,Ask customer to add funds or use another method,Customer notification,1
TXN03583,CUST1004,2358.84,UPI,Food,49,9,4,Authentication Failed,1,28.6,1,17,0,0.0,0.5140968214977236,MEDIUM,Request customer authentication,Customer notification,0
TXN04105,CUST0349,7740.65,Card,Shopping,15,18,1,Insufficient Balance,2,22.4,0,10,0,0.0,0.5138317870459165,MEDIUM,Ask customer to add funds or use another method,Customer notification,0
TXN01364,CUST1388,3330.19,Wallet,Travel,41,13,2,Bank Declined,2,19.2,0,2,0,0.0,0.5134687685403019,MEDIUM,Suggest alternative payment method,Customer notification,0
TXN02860,CUST0594,6753.32,Wallet,Food,55,13,5,Timeout,2,2.4,1,2,0,0.0,0.5133976910005085,MEDIUM,Retry payment after short delay,Automatic retry,0
TXN03697,CUST0025,7663.24,Wallet,Entertainment,2,17,2,Network Error,3,35.5,0,0,0,0.0,0.5133544341997642,MEDIUM,Retry payment,Automatic retry,0
TXN04704,CUST0412,4213.38,Card,Entertainment,15,11,1,Authentication Failed,2,26.5,0,16,0,0.0,0.5130884016781103,MEDIUM,Request customer authentication,Customer notification,0
TXN03459,CUST0235,1205.2,Net Banking,Travel,2,8,7,Authentication Failed,1,65.2,0,3,1,1181.72,0.5128912250901482,MEDIUM,Request customer authentication,Customer notification,1
TXN01455,CUST1268,7280.34,Net Banking,Food,30,16,2,Bank Declined,2,6.1,0,17,0,0.0,0.5128735156760426,MEDIUM,Suggest alternative payment method,Customer notification,0
TXN04203,CUST0877,8950.33,Net Banking,Shopping,23,12,0,Authentication Failed,1,39.5,0,2,0,0.0,0.5127400720194879,MEDIUM,Request customer authentication,Customer notification,0
TXN00521,CUST0160,9276.47,Wallet,Shopping,11,15,6,Network Error,1,34.9,1,16,0,0.0,0.5123784049734542,MEDIUM,Retry payment,Automatic retry,0
TXN03811,CUST0633,5400.17,UPI,Travel,33,11,2,Authentication Failed,1,59.7,0,4,0,0.0,0.5121226377470578,MEDIUM,Request customer authentication,Customer notification,0
TXN02996,CUST0445,4959.02,Net Banking,Shopping,36,10,6,Authentication Failed,2,16.7,1,7,0,0.0,0.5119977787534007,MEDIUM,Request customer authentication,Customer notification,0
TXN01255,CUST0476,5322.88,Wallet,Utilities,10,18,5,Timeout,1,62.3,0,16,0,0.0,0.5113420450167695,MEDIUM,Retry payment after short delay,Automatic retry,0
TXN02227,CUST0043,3291.02,UPI,Entertainment,58,14,2,Timeout,3,49.2,0,8,0,0.0,0.5112580745813778,MEDIUM,Retry payment after short delay,Automatic retry,0
TXN00735,CUST0041,9770.26,Wallet,Shopping,32,5,1,Authentication Failed,3,29.9,0,14,1,9101.98,0.511177148858918,MEDIUM,Request customer authentication,Customer notification,1
TXN04394,CUST0760,1342.69,Wallet,Utilities,46,3,2,Insufficient Balance,1,40.5,0,12,1,1342.3,0.5109561455755169,MEDIUM,Ask customer to add funds or use another method,Customer notification,1
TXN00129,CUST0503,3535.92,Net Banking,Entertainment,4,12,4,Authentication Failed,1,31.9,1,18,0,0.0,0.5109510216286938,MEDIUM,Request customer authentication,Customer notification,0
TXN04467,CUST0947,4838.58,UPI,Food,50,11,1,Insufficient Balance,3,19.5,0,9,1,4553.42,0.5108271680830045,MEDIUM,Ask customer to add funds or use another method,Customer notification,1
TXN01900,CUST0242,2661.24,Net Banking,Food,10,10,4,Network Error,1,23.8,0,19,0,0.0,0.5108205874888427,MEDIUM,Retry payment,Automatic retry,0
TXN01872,CUST0274,9097.77,UPI,Entertainment,60,15,4,Timeout,1,58.4,0,21,0,0.0,0.5107961140170547,MEDIUM,Retry payment after short delay,Automatic retry,0
TXN02797,CUST1034,3899.35,UPI,Food,59,6,4,Timeout,2,66.3,0,2,1,3670.24,0.5106339440832991,MEDIUM,Retry payment after short delay,Automatic retry,1
TXN03177,CUST0953,6760.98,Wallet,Shopping,17,7,6,Bank Declined,1,45.8,1,21,1,6246.59,0.5106296394894135,MEDIUM,Suggest alternative payment method,Customer notification,1
TXN03411,CUST1274,5124.34,UPI,Utilities,37,6,3,Bank Declined,3,19.0,0,23,1,4831.24,0.5102769691387918,MEDIUM,Suggest alternative payment method,Customer notification,1
TXN03520,CUST0325,4195.08,UPI,Food,48,11,6,Timeout,1,46.2,0,2,0,0.0,0.5102723680996105,MEDIUM,Retry payment after short delay,Automatic retry,0
TXN01776,CUST0306,2812.49,UPI,Utilities,35,10,3,Bank Declined,2,41.4,0,6,1,2611.14,0.5100592653284904,MEDIUM,Suggest alternative payment method,Customer notification,1
TXN03637,CUST1441,2292.36,Net Banking,Travel,55,13,0,Bank Declined,1,12.6,0,23,0,0.0,0.5097426390357382,MEDIUM,Suggest alternative payment method,Customer notification,0
TXN03292,CUST1059,8591.87,Net Banking,Travel,38,12,0,Authentication Failed,2,62.0,0,6,0,0.0,0.509458374817266,MEDIUM,Request customer authentication,Customer notification,0
TXN03017,CUST0966,5041.78,Wallet,Travel,3,15,5,Timeout,2,19.1,1,1,0,0.0,0.5093542392455309,MEDIUM,Retry payment after short delay,Automatic retry,0
TXN02557,CUST1383,8199.64,Card,Travel,60,11,4,Bank Declined,2,22.3,0,6,0,0.0,0.5092586360102,MEDIUM,Suggest alternative payment method,Customer notification,0
TXN00344,CUST0017,5649.74,Wallet,Food,18,16,4,Timeout,1,46.5,0,22,0,0.0,0.50917901618893,MEDIUM,Retry payment after short delay,Automatic retry,0
TXN00238,CUST0144,1972.48,Net Banking,Utilities,33,15,6,Bank Declined,2,62.4,0,3,1,1792.99,0.5090097793375559,MEDIUM,Suggest alternative payment method,Customer notification,1
TXN02103,CUST0490,2744.73,UPI,Entertainment,45,3,3,Timeout,1,18.2,0,0,0,0.0,0.5088013521198681,MEDIUM,Retry payment after short delay,Automatic retry,0
TXN00586,CUST1043,7926.15,UPI,Utilities,11,16,6,Insufficient Balance,2,59.1,0,12,1,7311.31,0.5086527257924325,MEDIUM,Ask customer to add funds or use another method,Customer notification,1
TXN00366,CUST0981,4293.12,UPI,Travel,50,16,5,Authentication Failed,2,27.9,0,1,0,0.0,0.508644760940371,MEDIUM,Request customer authentication,Customer notification,0
TXN02099,CUST1009,5891.85,Card,Shopping,36,15,2,Authentication Failed,3,55.3,0,21,1,5874.78,0.5085735844943851,MEDIUM,Request customer authentication,Customer notification,1
TXN02891,CUST1327,6857.73,Card,Travel,30,13,6,Authentication Failed,2,12.9,0,22,0,0.0,0.5084079581475912,MEDIUM,Request customer authentication,Customer notification,0
TXN01814,CUST0849,4807.09,Card,Entertainment,2,20,0,Network Error,3,56.4,0,17,0,0.0,0.5083976107486908,MEDIUM,Retry payment,Automatic retry,0
TXN01876,CUST0607,666.64,Card,Utilities,23,15,2,Timeout,2,52.4,0,13,0,0.0,0.5083811905388328,MEDIUM,Retry payment after short delay,Automatic retry,0
TXN00086,CUST0816,9429.6,Card,Food,20,10,4,Timeout,2,15.9,1,20,0,0.0,0.5081328381028848,MEDIUM,Retry payment after short delay,Automatic retry,0
TXN03227,CUST0888,7980.05,UPI,Utilities,19,0,2,Timeout,2,42.7,0,9,1,7301.75,0.5080460358657752,MEDIUM,Retry payment after short delay,Automatic retry,1
TXN04578,CUST1276,4075.26,Wallet,Food,32,10,7,Bank Declined,1,45.6,0,18,1,3894.25,0.5078697823104661,MEDIUM,Suggest alternative payment method,Customer notification,1
TXN04362,CUST1036,1947.13,Wallet,Entertainment,43,9,3,Bank Declined,1,9.5,0,8,0,0.0,0.5077391924435216,MEDIUM,Suggest alternative payment method,Customer notification,0
TXN00462,CUST0513,9437.43,Net Banking,Food,13,20,0,Timeout,2,54.4,0,18,0,0.0,0.5075067458277145,MEDIUM,Retry payment after short delay,Automatic retry,0
TXN01997,CUST0152,4971.71,Card,Travel,28,10,5,Network Error,3,8.4,0,7,0,0.0,0.5072227963225757,MEDIUM,Retry payment,Automatic retry,0
TXN04329,CUST1477,5325.56,UPI,Travel,28,19,0,Bank Declined,2,1.4,0,9,0,0.0,0.5069160868603315,MEDIUM,Suggest alternative payment method,Customer notification,0
TXN04099,CUST0456,462.63,Wallet,Shopping,51,14,5,Network Error,2,41.5,1,10,0,0.0,0.5066954638611381,MEDIUM,Retry payment,Automatic retry,0
TXN00467,CUST0488,4394.33,Card,Travel,34,6,0,Bank Declined,2,45.2,0,12,1,4363.93,0.5066866129164964,MEDIUM,Suggest alternative payment method,Customer notification,1
TXN02824,CUST1235,4782.61,Card,Entertainment,11,18,5,Network Error,2,54.2,1,12,0,0.0,0.5064309157214986,MEDIUM,Retry payment,Automatic retry,0
TXN03214,CUST1425,2060.23,Wallet,Shopping,40,14,1,Authentication Failed,2,53.3,0,20,0,0.0,0.5061772855988655,MEDIUM,Request customer authentication,Customer notification,0
TXN01650,CUST1381,3842.14,Net Banking,Travel,52,9,0,Timeout,3,15.3,0,6,0,0.0,0.5059302860900275,MEDIUM,Retry payment after short delay,Automatic retry,0
TXN00244,CUST0464,5727.8,UPI,Food,51,17,4,Authentication Failed,1,69.5,0,19,0,0.0,0.5059120446617028,MEDIUM,Request customer authentication,Customer notification,0
TXN01922,CUST0774,671.64,Wallet,Utilities,32,10,2,Timeout,3,4.5,1,4,0,0.0,0.5057216575588497,MEDIUM,Retry payment after short delay,Automatic retry,0
TXN00094,CUST0338,1640.16,UPI,Shopping,21,14,0,Network Error,1,48.8,0,6,0,0.0,0.5056999687119828,MEDIUM,Retry payment,Automatic retry,0
TXN04571,CUST0445,1014.22,Wallet,Travel,43,3,1,Bank Declined,2,14.9,0,6,1,973.68,0.5055397229812527,MEDIUM,Suggest alternative payment method,Customer notification,1
TXN03920,CUST0119,1843.22,Wallet,Utilities,20,8,2,Bank Declined,1,42.5,0,19,1,1816.97,0.5054397057906398,MEDIUM,Suggest alternative payment method,Customer notification,1
TXN03782,CUST0260,212.19,Net Banking,Entertainment,11,20,3,Authentication Failed,2,55.5,0,7,0,0.0,0.5050876454555772,MEDIUM,Request customer authentication,Customer notification,0
TXN04267,CUST0563,6978.79,Card,Food,3,6,4,Authentication Failed,2,22.6,0,19,1,6526.27,0.5049668255208113,MEDIUM,Request customer authentication,Customer notification,1
TXN04608,CUST0860,7466.85,Wallet,Shopping,8,9,7,Insufficient Balance,1,40.5,0,16,1,6886.99,0.5043611757406371,MEDIUM,Ask customer to add funds or use another method,Customer notification,1
TXN02022,CUST0752,8728.7,UPI,Entertainment,48,15,4,Network Error,3,58.4,0,3,0,0.0,0.5042482834568223,MEDIUM,Retry payment,Automatic retry,0
TXN00981,CUST1306,5838.23,UPI,Food,53,1,3,Network Error,1,62.7,0,10,1,5565.81,0.5042298685943069,MEDIUM,Retry payment,Automatic retry,1
TXN03480,CUST1054,6756.04,Card,Utilities,35,20,1,Network Error,3,67.4,0,7,0,0.0,0.5036726737603342,MEDIUM,Retry payment,Automatic retry,0
TXN01230,CUST0876,4082.01,Card,Utilities,9,12,3,Network Error,1,42.3,0,19,0,0.0,0.5036030652065896,MEDIUM,Retry payment,Automatic retry,0
TXN00277,CUST1015,4412.88,Card,Shopping,15,2,7,Network Error,1,12.4,0,10,1,4234.03,0.5033800633516262,MEDIUM,Retry payment,Automatic retry,1
TXN03524,CUST1228,3258.53,Net Banking,Entertainment,43,17,5,Authentication Failed,2,63.0,1,12,0,0.0,0.5028751654804092,MEDIUM,Request customer authentication,Customer notification,0
TXN03778,CUST0847,7838.19,Card,Entertainment,34,7,2,Network Error,1,42.0,0,18,0,0.0,0.502680132527358,MEDIUM,Retry payment,Automatic retry,0
TXN00538,CUST0499,7539.38,Net Banking,Travel,10,0,4,Authentication Failed,1,23.7,0,20,1,7451.37,0.502595550026121,MEDIUM,Request customer authentication,Customer notification,1
TXN00443,CUST0656,3245.18,Card,Food,33,7,4,Insufficient Balance,1,21.5,0,15,1,3133.74,0.5025286964646195,MEDIUM,Ask customer to add funds or use another method,Customer notification,1
TXN01980,CUST0093,7498.25,Wallet,Entertainment,58,13,5,Network Error,2,40.0,1,11,0,0.0,0.5024339843624993,MEDIUM,Retry payment,Automatic retry,0
TXN00513,CUST1349,2426.44,Wallet,Travel,10,10,5,Bank Declined,3,32.7,1,13,1,2279.98,0.5024104432952075,MEDIUM,Suggest alternative payment method,Customer notification,1
TXN00655,CUST1276,1916.18,Net Banking,Food,30,12,2,Authentication Failed,1,65.2,1,2,0,0.0,0.5023012115560789,MEDIUM,Request customer authentication,Customer notification,0
TXN01939,CUST1108,5187.28,UPI,Food,24,17,0,Insufficient Balance,3,2.3,1,20,0,0.0,0.502033286157332,MEDIUM,Ask customer to add funds or use another method,Customer notification,0
TXN02353,CUST0999,860.28,Net Banking,Food,28,4,0,Authentication Failed,1,36.1,0,15,0,0.0,0.5014366482702816,MEDIUM,Request customer authentication,Customer notification,0
TXN00081,CUST0730,7915.15,Card,Travel,25,4,2,Timeout,2,12.5,1,2,0,0.0,0.5012683849617953,MEDIUM,Retry payment after short delay,Automatic retry,0
TXN02028,CUST0002,2751.15,Wallet,Travel,59,6,6,Timeout,3,23.3,0,2,1,2737.41,0.5010492817038417,MEDIUM,Retry payment after short delay,Automatic retry,1
TXN00902,CUST0546,7546.07,Net Banking,Shopping,57,6,3,Network Error,3,44.3,1,19,0,0.0,0.5009536642147746,MEDIUM,Retry payment,Automatic retry,0
TXN04220,CUST0342,1190.7,Net Banking,Shopping,30,14,6,Insufficient Balance,2,64.2,0,21,1,1079.41,0.5009457155224789,MEDIUM,Ask customer to add funds or use another method,Customer notification,1
TXN00398,CUST0685,2830.0,Net Banking,Travel,26,6,6,Authentication Failed,2,10.3,1,14,1,2645.24,0.5009146451385225,MEDIUM,Request customer authentication,Customer notification,1
TXN03299,CUST1300,7117.11,UPI,Food,23,10,6,Timeout,2,63.2,0,15,1,7060.58,0.5008945519832871,MEDIUM,Retry payment after short delay,Automatic retry,1
TXN02666,CUST1252,1970.96,Card,Entertainment,32,19,4,Insufficient Balance,3,36.7,0,18,0,0.0,0.5006400120503894,MEDIUM,Ask customer to add funds or use another method,Customer notification,0
TXN04949,CUST1115,6741.18,Wallet,Utilities,53,16,1,Network Error,3,42.6,0,14,0,0.0,0.5005448297518817,MEDIUM,Retry payment,Automatic retry,0
TXN02085,CUST0969,7671.28,Card,Shopping,46,9,3,Timeout,1,49.3,0,8,0,0.0,0.5004659919248177,MEDIUM,Retry payment after short delay,Automatic retry,0
TXN01864,CUST0117,5663.16,Wallet,Food,16,10,0,Insufficient Balance,2,50.7,0,17,1,5500.85,0.4999492943890913,MEDIUM,Ask customer to add funds or use another method,Customer notification,1
TXN00885,CUST0672,203.89,Card,Utilities,10,18,6,Authentication Failed,1,15.2,1,2,0,0.0,0.4993425849348745,MEDIUM,Request customer authentication,Customer notification,0
TXN01649,CUST0580,8296.97,Net Banking,Utilities,16,14,5,Authentication Failed,1,48.7,1,16,0,0.0,0.4992299376794368,MEDIUM,Request customer authentication,Customer notification,0
TXN02047,CUST1253,9106.46,Card,Utilities,29,13,0,Authentication Failed,1,64.7,0,13,0,0.0,0.4991774677292317,MEDIUM,Request customer authentication,Customer notification,0
TXN00408,CUST1378,6576.19,UPI,Utilities,60,18,6,Authentication Failed,2,29.5,1,17,0,0.0,0.49855118244055435,MEDIUM,Request customer authentication,Customer notification,0
TXN04026,CUST0210,497.23,Card,Food,40,18,6,Network Error,2,66.7,0,2,0,0.0,0.49853282605842897,MEDIUM,Retry payment,Automatic retry,0
TXN02670,CUST1415,2420.26,UPI,Shopping,6,16,1,Network Error,2,55.5,1,20,0,0.0,0.498359567020414,MEDIUM,Retry payment,Automatic retry,0
TXN03702,CUST0188,7388.91,Card,Shopping,22,7,3,Network Error,3,65.5,0,4,1,6679.94,0.4982748792421293,MEDIUM,Retry payment,Automatic retry,1
TXN04440,CUST1438,4413.77,Card,Travel,3,14,3,Timeout,3,9.9,0,18,0,0.0,0.49810194244672673,MEDIUM,Retry payment after short delay,Automatic retry,0
TXN03405,CUST0445,7220.08,Net Banking,Shopping,6,14,4,Timeout,3,37.1,0,12,0,0.0,0.49807066032121616,MEDIUM,Retry payment after short delay,Automatic retry,0
TXN03234,CUST0702,6499.01,Wallet,Food,16,8,7,Insufficient Balance,1,55.5,0,15,1,6437.89,0.49790229012523285,MEDIUM,Ask customer to add funds or use another method,Customer notification,1
TXN01838,CUST0985,2093.92,Wallet,Food,23,4,2,Timeout,1,41.0,1,16,0,0.0,0.4978913057139045,MEDIUM,Retry payment after short delay,Automatic retry,0
TXN02009,CUST0755,4887.14,Net Banking,Food,35,3,3,Authentication Failed,1,43.0,0,18,1,4801.76,0.49779126596445245,MEDIUM,Request customer authentication,Customer notification,1
TXN03609,CUST0657,6913.37,Net Banking,Shopping,35,16,5,Bank Declined,2,18.7,0,7,0,0.0,0.49725944989781967,MEDIUM,Suggest alternative payment method,Customer notification,0
TXN01361,CUST1077,9166.5,Net Banking,Travel,57,19,1,Authentication Failed,3,66.8,1,3,0,0.0,0.4969064601078335,MEDIUM,Request customer authentication,Customer notification,0
TXN02690,CUST0962,7302.61,Card,Utilities,50,15,3,Insufficient Balance,3,3.8,1,19,0,0.0,0.49654594675916547,MEDIUM,Ask customer to add funds or use another method,Customer notification,0
TXN01500,CUST0047,5580.23,UPI,Entertainment,59,17,4,Network Error,3,3.1,0,12,0,0.0,0.4964416931476983,MEDIUM,Retry payment,Automatic retry,0
TXN02154,CUST1025,4039.81,UPI,Travel,15,13,2,Network Error,3,34.3,0,1,0,0.0,0.49630469253827014,MEDIUM,Retry payment,Automatic retry,0
TXN02195,CUST0828,7301.78,UPI,Utilities,11,3,5,Authentication Failed,1,38.0,0,22,1,6932.84,0.4962809336935626,MEDIUM,Request customer authentication,Customer notification,1
TXN00704,CUST0047,1350.08,Wallet,Travel,41,13,2,Bank Declined,2,18.9,1,18,0,0.0,0.49585076203114176,MEDIUM,Suggest alternative payment method,Customer notification,0
TXN01736,CUST1247,3247.26,Wallet,Food,36,20,3,Bank Declined,2,38.6,0,9,0,0.0,0.4958229175694591,MEDIUM,Suggest alternative payment method,Customer notification,0
TXN00867,CUST1474,5074.66,Net Banking,Entertainment,13,12,6,Network Error,1,7.0,0,23,0,0.0,0.49576591931205966,MEDIUM,Retry payment,Automatic retry,0
TXN03682,CUST1310,7040.01,UPI,Travel,35,2,1,Network Error,2,5.9,1,4,0,0.0,0.4956624127419545,MEDIUM,Retry payment,Automatic retry,0
TXN04169,CUST0874,8491.64,Net Banking,Travel,3,18,5,Authentication Failed,3,35.2,1,13,0,0.0,0.4955040361421691,MEDIUM,Request customer authentication,Customer notification,0
TXN04639,CUST0848,5596.08,UPI,Entertainment,46,15,7,Authentication Failed,2,34.2,0,20,0,0.0,0.49546892314921775,MEDIUM,Request customer authentication,Customer notification,0
TXN00753,CUST0010,2641.76,Wallet,Shopping,7,11,1,Timeout,3,38.1,1,18,0,0.0,0.49545962058822857,MEDIUM,Retry payment after short delay,Automatic retry,0
TXN02956,CUST1244,6374.17,Card,Shopping,48,12,6,Authentication Failed,3,26.7,1,6,0,0.0,0.49512265991714427,MEDIUM,Request customer authentication,Customer notification,0
TXN04984,CUST1232,4784.41,Net Banking,Utilities,25,0,6,Bank Declined,3,70.8,1,3,1,4689.71,0.49508823587109574,MEDIUM,Suggest alternative payment method,Customer notification,1
TXN03798,CUST1178,3741.72,Card,Entertainment,56,16,7,Authentication Failed,2,53.9,1,5,0,0.0,0.4949603951960991,MEDIUM,Request customer authentication,Customer notification,0
TXN03843,CUST0533,6624.44,Card,Food,7,12,2,Authentication Failed,3,15.7,1,5,0,0.0,0.49449746147140067,MEDIUM,Request customer authentication,Customer notification,0
TXN04017,CUST0015,5022.68,Net Banking,Utilities,41,7,7,Timeout,1,11.1,0,5,0,0.0,0.4941060159252945,MEDIUM,Retry payment after short delay,Automatic retry,0
TXN02025,CUST0940,3102.5,UPI,Food,44,3,5,Authentication Failed,1,19.0,0,11,1,2824.99,0.49409778426476775,MEDIUM,Request customer authentication,Customer notification,1
TXN02763,CUST0436,6148.17,Card,Entertainment,7,7,4,Authentication Failed,1,58.8,1,8,1,5670.39,0.49375908761548615,MEDIUM,Request customer authentication,Customer notification,1
TXN01593,CUST0705,7939.72,Net Banking,Food,10,17,4,Authentication Failed,2,56.4,1,4,0,0.0,0.49361121282674214,MEDIUM,Request customer authentication,Customer notification,0
TXN03186,CUST0289,7816.88,UPI,Shopping,8,15,1,Network Error,3,64.5,0,15,0,0.0,0.4935165178618616,MEDIUM,Retry payment,Automatic retry,0
TXN04197,CUST0433,8394.95,UPI,Utilities,51,14,2,Authentication Failed,2,69.6,0,17,0,0.0,0.4934006705539374,MEDIUM,Request customer authentication,Customer notification,0
TXN04919,CUST0392,3545.47,Card,Travel,42,13,0,Timeout,3,39.9,0,2,0,0.0,0.493242455162094,MEDIUM,Retry payment after short delay,Automatic retry,0
TXN03381,CUST1387,9363.92,Wallet,Food,55,19,0,Authentication Failed,3,57.2,0,1,0,0.0,0.4930402371855579,MEDIUM,Request customer authentication,Customer notification,0
TXN03007,CUST0289,2062.24,Wallet,Food,19,16,2,Bank Declined,3,53.8,0,16,1,1978.21,0.4929121458692204,MEDIUM,Suggest alternative payment method,Customer notification,1
TXN03907,CUST0111,4305.8,Net Banking,Food,29,11,2,Network Error,3,45.8,0,10,0,0.0,0.492783915119696,MEDIUM,Retry payment,Automatic retry,0
TXN03727,CUST1090,4441.23,Net Banking,Travel,20,15,3,Bank Declined,2,5.2,1,6,0,0.0,0.49274100940246696,MEDIUM,Suggest alternative payment method,Customer notification,0
TXN01692,CUST1064,2281.16,UPI,Shopping,9,5,5,Insufficient Balance,1,5.8,0,14,1,2258.56,0.4926806609018161,MEDIUM,Ask customer to add funds or use another method,Customer notification,1
TXN03930,CUST1415,8570.87,Wallet,Travel,3,6,6,Insufficient Balance,3,1.3,0,20,1,7854.62,0.4921947842702894,MEDIUM,Ask customer to add funds or use another method,Customer notification,1
TXN01822,CUST0084,7296.08,UPI,Food,23,7,2,Authentication Failed,1,42.7,0,0,0,0.0,0.4921061806999071,MEDIUM,Request customer authentication,Customer notification,0
TXN00177,CUST1372,9395.06,Wallet,Shopping,12,18,3,Network Error,1,64.1,0,17,0,0.0,0.4918527789114181,MEDIUM,Retry payment,Automatic retry,0
TXN00183,CUST1401,9886.36,UPI,Food,39,10,5,Authentication Failed,2,14.5,0,9,0,0.0,0.491684684459504,MEDIUM,Request customer authentication,Customer notification,0
TXN03941,CUST0973,2584.77,Net Banking,Entertainment,40,4,0,Authentication Failed,1,3.1,1,23,0,0.0,0.4913629220182944,MEDIUM,Request customer authentication,Customer notification,0
TXN01856,CUST1297,884.21,Net Banking,Utilities,13,6,6,Authentication Failed,3,12.4,0,21,1,798.67,0.49121739417125404,MEDIUM,Request customer authentication,Customer notification,1
TXN02316,CUST1226,2313.76,Card,Shopping,28,7,2,Insufficient Balance,2,26.3,0,19,1,2295.1,0.49115375114816195,MEDIUM,Ask customer to add funds or use another method,Customer notification,1
TXN00203,CUST0442,9252.77,Card,Travel,17,13,6,Network Error,2,7.3,0,18,0,0.0,0.4911430164335243,MEDIUM,Retry payment,Automatic retry,0
TXN04623,CUST0312,8614.73,UPI,Utilities,20,7,1,Network Error,1,26.7,0,13,0,0.0,0.49107733818901006,MEDIUM,Retry payment,Automatic retry,0
TXN00463,CUST0802,2447.73,Card,Food,33,15,3,Bank Declined,2,7.8,1,0,0,0.0,0.49087281636361424,MEDIUM,Suggest alternative payment method,Customer notification,0
TXN03765,CUST0544,8762.38,UPI,Food,55,15,5,Bank Declined,1,12.6,0,15,0,0.0,0.4907771680084747,MEDIUM,Suggest alternative payment method,Customer notification,0
TXN00973,CUST0034,2930.42,UPI,Utilities,8,19,3,Authentication Failed,2,61.6,0,6,0,0.0,0.49068763870483034,MEDIUM,Request customer authentication,Customer notification,0
TXN02692,CUST0946,5922.45,UPI,Utilities,45,0,7,Authentication Failed,1,52.6,1,10,1,5480.8,0.4906538660754306,MEDIUM,Request customer authentication,Customer notification,1
TXN03901,CUST1126,2031.04,UPI,Utilities,35,12,3,Insufficient Balance,3,63.7,0,20,1,1828.94,0.49058434627680003,MEDIUM,Ask customer to add funds or use another method,Customer notification,1
TXN00337,CUST0453,250.25,Card,Entertainment,44,10,4,Authentication Failed,2,16.8,0,0,0,0.0,0.4903402632621349,MEDIUM,Request customer authentication,Customer notification,0
TXN02268,CUST1369,2663.72,Net Banking,Entertainment,57,4,4,Authentication Failed,3,16.1,0,3,1,2612.1,0.49014663327388497,MEDIUM,Request customer authentication,Customer notification,1
TXN04120,CUST0404,5471.5,UPI,Shopping,59,17,4,Network Error,2,30.6,1,4,0,0.0,0.4899582566330911,MEDIUM,Retry payment,Automatic retry,0
TXN01460,CUST0154,2149.87,Net Banking,Shopping,58,16,6,Network Error,1,25.3,1,2,0,0.0,0.4898219166016136,MEDIUM,Retry payment,Automatic retry,0
TXN00762,CUST0374,4971.34,Wallet,Utilities,1,6,1,Authentication Failed,2,45.9,0,20,1,4923.25,0.4890999364447516,MEDIUM,Request customer authentication,Customer notification,1
TXN01427,CUST0819,5662.45,Card,Travel,11,18,4,Timeout,3,66.8,0,5,0,0.0,0.48898350196459384,MEDIUM,Retry payment after short delay,Automatic retry,0
TXN04050,CUST1017,8150.18,UPI,Entertainment,27,14,1,Authentication Failed,1,66.0,0,2,0,0.0,0.4887731147823683,MEDIUM,Request customer authentication,Customer notification,0
TXN00350,CUST1397,849.04,UPI,Shopping,30,14,7,Network Error,1,59.8,0,14,0,0.0,0.48871776508402254,MEDIUM,Retry payment,Automatic retry,0
TXN01871,CUST0072,5145.6,Wallet,Utilities,30,6,6,Bank Declined,1,15.8,0,1,1,4831.28,0.4877849760349385,MEDIUM,Suggest alternative payment method,Customer notification,1
TXN01889,CUST0588,3983.44,UPI,Utilities,31,18,5,Insufficient Balance,3,43.0,0,11,1,3934.14,0.48773173828744654,MEDIUM,Ask customer to add funds or use another method,Customer notification,1
TXN03185,CUST0931,6553.49,Wallet,Travel,35,13,2,Insufficient Balance,2,7.1,0,5,1,6488.59,0.4875555965152496,MEDIUM,Ask customer to add funds or use another method,Customer notification,1
TXN04745,CUST0193,117.94,Wallet,Travel,27,13,3,Authentication Failed,3,1.3,1,10,0,0.0,0.4872566648775811,MEDIUM,Request customer authentication,Customer notification,0
TXN01497,CUST1113,8310.91,Wallet,Entertainment,29,7,1,Insufficient Balance,2,38.4,0,14,1,8083.56,0.48724705883090796,MEDIUM,Ask customer to add funds or use another method,Customer notification,1
TXN04126,CUST0685,3560.89,UPI,Travel,16,14,2,Insufficient Balance,1,19.0,1,22,0,0.0,0.4871531763983566,MEDIUM,Ask customer to add funds or use another method,Customer notification,0
TXN03368,CUST1326,7905.16,UPI,Shopping,60,18,1,Authentication Failed,3,50.1,0,22,0,0.0,0.4871298422215681,MEDIUM,Request customer authentication,Customer notification,0
TXN01930,CUST1288,1419.94,Wallet,Entertainment,18,6,2,Network Error,1,14.3,0,4,0,0.0,0.4870954223331338,MEDIUM,Retry payment,Automatic retry,0
TXN00561,CUST0676,6968.68,Wallet,Entertainment,36,11,4,Network Error,2,64.2,0,9,0,0.0,0.4867951523391051,MEDIUM,Retry payment,Automatic retry,0
TXN02493,CUST0095,1094.53,Wallet,Entertainment,2,17,2,Timeout,3,51.2,0,21,0,0.0,0.4867721701127362,MEDIUM,Retry payment after short delay,Automatic retry,0
TXN03362,CUST1456,1565.79,Wallet,Entertainment,31,11,3,Bank Declined,2,53.5,0,13,1,1483.69,0.4867047521242195,MEDIUM,Suggest alternative payment method,Customer notification,1
TXN00311,CUST1416,7199.49,Wallet,Entertainment,38,1,6,Bank Declined,2,8.9,0,22,1,6526.55,0.4865656250134445,MEDIUM,Suggest alternative payment method,Customer notification,1
TXN03093,CUST1234,8597.86,UPI,Food,22,19,7,Authentication Failed,3,40.3,1,7,0,0.0,0.4864929448919837,MEDIUM,Request customer authentication,Customer notification,0
TXN04213,CUST1381,7812.15,UPI,Travel,57,17,2,Network Error,3,58.2,0,2,0,0.0,0.48645646290031236,MEDIUM,Retry payment,Automatic retry,0
TXN02606,CUST0546,4567.72,Wallet,Shopping,11,16,0,Bank Declined,1,33.6,0,23,0,0.0,0.4863948381966132,MEDIUM,Suggest alternative payment method,Customer notification,0
TXN02490,CUST0822,9731.16,UPI,Travel,4,20,0,Authentication Failed,1,62.3,0,10,0,0.0,0.4863577519230266,MEDIUM,Request customer authentication,Customer notification,0
TXN04691,CUST1020,8404.99,UPI,Travel,45,11,0,Network Error,2,65.7,0,13,0,0.0,0.48630484770077975,MEDIUM,Retry payment,Automatic retry,0
TXN01550,CUST0493,9393.27,UPI,Shopping,23,12,7,Authentication Failed,1,23.3,0,5,0,0.0,0.48630161994940757,MEDIUM,Request customer authentication,Customer notification,0
TXN02953,CUST1244,4325.22,Card,Entertainment,14,10,4,Insufficient Balance,3,3.1,0,17,1,4092.84,0.4862192289361465,MEDIUM,Ask customer to add funds or use another method,Customer notification,1
TXN00131,CUST0805,9918.55,Wallet,Utilities,23,18,0,Authentication Failed,2,45.3,1,17,0,0.0,0.4862023001478885,MEDIUM,Request customer authentication,Customer notification,0
TXN03013,CUST0043,6078.81,UPI,Shopping,55,16,6,Network Error,3,5.4,0,18,0,0.0,0.48612663391898614,MEDIUM,Retry payment,Automatic retry,0
TXN00430,CUST1004,5363.44,Wallet,Food,42,11,3,Timeout,3,34.6,0,8,0,0.0,0.48538303991001847,MEDIUM,Retry payment after short delay,Automatic retry,0
TXN01874,CUST0338,4925.32,Wallet,Travel,42,7,7,Network Error,1,1.2,1,2,0,0.0,0.48509739363483184,MEDIUM,Retry payment,Automatic retry,0
TXN03629,CUST0620,3444.39,Wallet,Travel,38,7,3,Timeout,2,26.5,1,23,0,0.0,0.48503543239463603,MEDIUM,Retry payment after short delay,Automatic retry,0
TXN00045,CUST1268,8354.54,UPI,Shopping,42,6,1,Timeout,1,50.4,1,1,0,0.0,0.48469015266638776,MEDIUM,Retry payment after short delay,Automatic retry,0
TXN03732,CUST1382,2831.69,Card,Food,57,11,1,Authentication Failed,3,14.5,0,23,0,0.0,0.4845790334529546,MEDIUM,Request customer authentication,Customer notification,0
TXN00090,CUST1276,9854.51,UPI,Shopping,55,20,7,Timeout,3,28.7,0,20,0,0.0,0.4844888157878441,MEDIUM,Retry payment after short delay,Automatic retry,0
TXN01478,CUST0866,3084.48,Card,Shopping,28,8,0,Authentication Failed,2,33.6,0,4,0,0.0,0.48433586637736226,MEDIUM,Request customer authentication,Customer notification,0
TXN01100,CUST0665,767.03,Wallet,Utilities,10,15,3,Timeout,2,58.0,0,14,0,0.0,0.4842114047796636,MEDIUM,Retry payment after short delay,Automatic retry,0
TXN01946,CUST0895,1521.09,UPI,Utilities,24,13,6,Authentication Failed,1,33.6,1,23,0,0.0,0.4841132112246958,MEDIUM,Request customer authentication,Customer notification,0
TXN02082,CUST1275,4442.63,UPI,Food,53,17,0,Authentication Failed,3,62.3,0,18,0,0.0,0.48399620540883703,MEDIUM,Request customer authentication,Customer notification,0
TXN03446,CUST1401,5403.03,Wallet,Entertainment,32,20,1,Bank Declined,1,0.7,0,17,0,0.0,0.48383673749243994,MEDIUM,Suggest alternative payment method,Customer notification,0
TXN02718,CUST0936,6831.72,UPI,Utilities,60,13,2,Authentication Failed,2,56.9,1,11,0,0.0,0.4837476941162852,MEDIUM,Request customer authentication,Customer notification,0
TXN02523,CUST0043,1246.02,UPI,Shopping,43,11,3,Authentication Failed,2,41.7,1,1,0,0.0,0.48357730518653114,MEDIUM,Request customer authentication,Customer notification,0
TXN03090,CUST0559,7381.09,Wallet,Entertainment,55,4,6,Network Error,3,53.6,0,2,1,6658.89,0.4833726600477572,MEDIUM,Retry payment,Automatic retry,1
TXN00243,CUST1350,649.7,Net Banking,Food,8,17,6,Network Error,2,51.8,0,12,0,0.0,0.48329910508749324,MEDIUM,Retry payment,Automatic retry,0
TXN03042,CUST0277,7521.18,UPI,Utilities,16,4,0,Network Error,3,63.1,0,4,1,7097.04,0.4832307257766265,MEDIUM,Retry payment,Automatic retry,1
TXN01722,CUST0672,2169.47,Wallet,Travel,28,14,4,Timeout,3,12.8,0,4,0,0.0,0.4831387515508663,MEDIUM,Retry payment after short delay,Automatic retry,0
TXN01040,CUST0654,5931.3,UPI,Travel,55,20,5,Bank Declined,3,5.1,0,21,0,0.0,0.48291853862974193,MEDIUM,Suggest alternative payment method,Customer notification,0
TXN02717,CUST0273,5103.0,Wallet,Travel,60,17,4,Authentication Failed,3,36.7,1,22,0,0.0,0.4828654139718242,MEDIUM,Request customer authentication,Customer notification,0
TXN04189,CUST1307,3791.48,Wallet,Shopping,43,12,6,Network Error,1,3.5,0,0,0,0.0,0.4826370002691485,MEDIUM,Retry payment,Automatic retry,0
TXN00112,CUST1087,7096.09,UPI,Utilities,7,7,2,Authentication Failed,3,16.8,0,22,1,6492.68,0.4824565044415813,MEDIUM,Request customer authentication,Customer notification,1
TXN03485,CUST1180,1804.47,Card,Food,48,11,0,Bank Declined,1,9.6,0,23,0,0.0,0.4823327501018683,MEDIUM,Suggest alternative payment method,Customer notification,0
TXN01710,CUST0191,2000.36,Card,Utilities,28,9,0,Network Error,2,35.1,0,0,0,0.0,0.4820243081267525,MEDIUM,Retry payment,Automatic retry,0
TXN01989,CUST0404,6446.15,Net Banking,Utilities,51,20,3,Insufficient Balance,2,35.4,0,12,0,0.0,0.4818961901240462,MEDIUM,Ask customer to add funds or use another method,Customer notification,0
TXN00483,CUST0697,4461.68,Net Banking,Travel,16,7,2,Timeout,3,47.1,0,9,1,4438.26,0.48133375985543375,MEDIUM,Retry payment after short delay,Automatic retry,1
TXN03674,CUST0683,2199.24,Net Banking,Travel,50,13,4,Authentication Failed,2,34.5,0,1,0,0.0,0.481285803273714,MEDIUM,Request customer authentication,Customer notification,0
TXN00003,CUST0861,3777.71,Wallet,Entertainment,32,17,0,Insufficient Balance,1,52.3,0,7,0,0.0,0.48118057333184294,MEDIUM,Ask customer to add funds or use another method,Customer notification,0
TXN04755,CUST1168,6982.44,Net Banking,Shopping,17,12,2,Network Error,1,39.9,0,1,0,0.0,0.4808981620733634,MEDIUM,Retry payment,Automatic retry,0
TXN02529,CUST0287,6756.25,Wallet,Shopping,17,14,6,Network Error,1,30.3,0,21,0,0.0,0.48076594103449116,MEDIUM,Retry payment,Automatic retry,0
TXN00125,CUST0780,7180.35,Net Banking,Entertainment,49,8,3,Authentication Failed,3,13.6,0,13,1,6996.44,0.48071780239827694,MEDIUM,Request customer authentication,Customer notification,1
TXN00836,CUST0738,1887.13,Card,Shopping,20,8,2,Timeout,1,28.5,0,4,0,0.0,0.48065741395202444,MEDIUM,Retry payment after short delay,Automatic retry,0
TXN03574,CUST0947,253.43,Card,Utilities,13,17,4,Authentication Failed,3,9.5,0,21,0,0.0,0.4806242802684801,MEDIUM,Request customer authentication,Customer notification,0
TXN00705,CUST1257,8153.0,Card,Travel,33,12,6,Timeout,2,31.6,1,1,0,0.0,0.48058832619607456,MEDIUM,Retry payment after short delay,Automatic retry,0
TXN04289,CUST1165,642.39,Wallet,Entertainment,30,11,1,Timeout,3,24.6,0,2,0,0.0,0.4803738873213134,MEDIUM,Retry payment after short delay,Automatic retry,0
TXN03461,CUST0986,8035.24,Card,Entertainment,58,13,0,Insufficient Balance,2,32.8,1,14,0,0.0,0.48005095717884183,MEDIUM,Ask customer to add funds or use another method,Customer notification,0
TXN04174,CUST1133,3028.64,Wallet,Entertainment,17,14,6,Network Error,1,8.2,0,19,0,0.0,0.47995989445139203,MEDIUM,Retry payment,Automatic retry,0
TXN02587,CUST1037,9183.69,Net Banking,Food,11,10,4,Timeout,2,28.1,0,17,0,0.0,0.47978512437334003,MEDIUM,Retry payment after short delay,Automatic retry,0
TXN02873,CUST0998,8501.2,Card,Travel,16,4,1,Authentication Failed,3,29.8,0,20,1,7756.87,0.47963625189756054,MEDIUM,Request customer authentication,Customer notification,1
TXN04441,CUST1333,2320.31,Wallet,Entertainment,60,1,4,Authentication Failed,2,35.5,0,17,1,2288.59,0.4794129694902105,MEDIUM,Request customer authentication,Customer notification,1
TXN01248,CUST0967,9778.14,UPI,Shopping,52,4,1,Authentication Failed,3,50.4,0,3,1,9061.27,0.4793854835411075,MEDIUM,Request customer authentication,Customer notification,1
TXN00033,CUST0857,699.99,UPI,Shopping,56,19,2,Timeout,3,56.6,1,1,0,0.0,0.47930710039362273,MEDIUM,Retry payment after short delay,Automatic retry,0
TXN01271,CUST0429,8961.06,Net Banking,Utilities,8,11,1,Timeout,3,21.1,0,17,0,0.0,0.47905605140802804,MEDIUM,Retry payment after short delay,Automatic retry,0
TXN03457,CUST0268,7583.28,UPI,Travel,60,18,1,Insufficient Balance,2,25.8,0,19,0,0.0,0.47874134549573577,MEDIUM,Ask customer to add funds or use another method,Customer notification,0
TXN01791,CUST0879,6772.97,Net Banking,Shopping,39,15,4,Authentication Failed,2,53.1,0,21,0,0.0,0.4787377513734038,MEDIUM,Request customer authentication,Customer notification,0
TXN04079,CUST1376,3443.42,Card,Food,7,4,3,Authentication Failed,2,5.6,0,7,1,3358.27,0.4786086031486776,MEDIUM,Request customer authentication,Customer notification,1
TXN04927,CUST0828,6299.12,Net Banking,Travel,37,2,2,Bank Declined,3,21.0,1,15,1,5897.83,0.4786027635475798,MEDIUM,Suggest alternative payment method,Customer notification,1
TXN01702,CUST0571,4001.49,Card,Entertainment,58,5,2,Network Error,2,12.2,0,12,0,0.0,0.47857977800663565,MEDIUM,Retry payment,Automatic retry,0
TXN04191,CUST0189,4120.49,Card,Entertainment,40,11,7,Authentication Failed,3,19.0,0,19,1,3777.1,0.477969191871613,MEDIUM,Request customer authentication,Customer notification,1
TXN02906,CUST0602,6390.74,UPI,Food,60,9,3,Authentication Failed,2,24.9,0,21,0,0.0,0.4778563386487116,MEDIUM,Request customer authentication,Customer notification,0
TXN00668,CUST0754,6370.78,Net Banking,Entertainment,56,3,6,Authentication Failed,2,32.9,1,18,1,6156.36,0.47724663135866635,MEDIUM,Request customer authentication,Customer notification,1
TXN03415,CUST0859,3922.38,Wallet,Travel,49,5,2,Network Error,2,7.3,1,15,0,0.0,0.47721171115549943,MEDIUM,Retry payment,Automatic retry,0
TXN03045,CUST0383,3661.92,Net Banking,Shopping,41,16,6,Authentication Failed,3,16.9,0,10,0,0.0,0.4769828743067494,MEDIUM,Request customer authentication,Customer notification,0
TXN00659,CUST1206,375.65,UPI,Utilities,44,13,0,Network Error,1,68.6,0,13,0,0.0,0.47693168565786415,MEDIUM,Retry payment,Automatic retry,0
TXN02244,CUST0793,6250.14,UPI,Utilities,9,15,6,Bank Declined,1,14.3,0,5,0,0.0,0.4768675327614544,MEDIUM,Suggest alternative payment method,Customer notification,0
TXN04076,CUST0362,9619.86,Net Banking,Shopping,51,14,5,Network Error,2,50.1,0,8,0,0.0,0.47672247512680466,MEDIUM,Retry payment,Automatic retry,0
TXN01799,CUST0516,9346.38,Wallet,Entertainment,57,13,7,Timeout,2,21.2,0,8,0,0.0,0.47620957544012293,MEDIUM,Retry payment after short delay,Automatic retry,0
TXN02833,CUST0227,9414.71,Card,Food,31,15,3,Network Error,3,54.4,1,13,0,0.0,0.47618277404128534,MEDIUM,Retry payment,Automatic retry,0
TXN03711,CUST1289,5106.0,Net Banking,Entertainment,32,0,3,Timeout,3,21.3,0,8,1,4838.16,0.476164684488833,MEDIUM,Retry payment after short delay,Automatic retry,1
TXN00977,CUST0595,3378.35,Card,Entertainment,46,10,4,Timeout,3,43.8,1,17,0,0.0,0.4761057625163046,MEDIUM,Retry payment after short delay,Automatic retry,0
TXN03505,CUST1217,5423.07,UPI,Travel,34,12,4,Authentication Failed,3,10.2,0,4,0,0.0,0.476068627994539,MEDIUM,Request customer authentication,Customer notification,0
TXN03943,CUST0623,6870.38,Wallet,Entertainment,9,14,2,Bank Declined,3,51.4,0,12,1,6557.99,0.4758526858351984,MEDIUM,Suggest alternative payment method,Customer notification,1
TXN01888,CUST0401,8223.86,Net Banking,Utilities,4,18,2,Bank Declined,1,9.9,0,15,0,0.0,0.47581688603097083,MEDIUM,Suggest alternative payment method,Customer notification,0
TXN02570,CUST0155,7649.09,Card,Utilities,34,14,7,Timeout,2,24.2,0,15,0,0.0,0.4758056896154784,MEDIUM,Retry payment after short delay,Automatic retry,0
TXN04849,CUST0220,1362.92,Wallet,Travel,35,14,4,Bank Declined,3,4.7,1,19,0,0.0,0.47570619136993175,MEDIUM,Suggest alternative payment method,Customer notification,0
TXN04815,CUST1146,7189.87,Card,Travel,4,9,2,Network Error,2,11.9,0,17,0,0.0,0.4754839882063534,MEDIUM,Retry payment,Automatic retry,0
TXN04008,CUST0686,7743.69,Card,Travel,39,14,5,Authentication Failed,1,68.2,0,21,0,0.0,0.47517894799583776,MEDIUM,Request customer authentication,Customer notification,0
TXN00099,CUST0764,8283.52,Wallet,Entertainment,8,19,1,Bank Declined,1,34.0,0,22,0,0.0,0.47509704803880587,MEDIUM,Suggest alternative payment method,Customer notification,0
TXN00609,CUST1168,6225.84,Card,Food,17,9,6,Insufficient Balance,3,47.4,0,0,1,6044.92,0.47488783358130304,MEDIUM,Ask customer to add funds or use another method,Customer notification,1
TXN03599,CUST1123,9177.92,UPI,Travel,32,15,1,Network Error,3,53.0,1,2,0,0.0,0.47444117460848,MEDIUM,Retry payment,Automatic retry,0
TXN02371,CUST0425,4247.4,UPI,Travel,19,10,6,Authentication Failed,2,11.8,1,4,0,0.0,0.47403698759775637,MEDIUM,Request customer authentication,Customer notification,0
TXN03313,CUST1455,7276.82,Net Banking,Travel,40,0,2,Bank Declined,2,26.8,0,1,1,6798.19,0.4734994316469359,MEDIUM,Suggest alternative payment method,Customer notification,1
TXN04495,CUST0657,3308.94,Wallet,Shopping,4,12,4,Authentication Failed,3,36.3,0,19,1,3047.75,0.4734347036014562,MEDIUM,Request customer authentication,Customer notification,1
TXN01337,CUST0151,280.92,Wallet,Shopping,5,10,0,Authentication Failed,1,4.8,0,16,0,0.0,0.4733809252972489,MEDIUM,Request customer authentication,Customer notification,0
TXN03175,CUST1338,6093.9,Net Banking,Utilities,15,19,0,Authentication Failed,3,64.1,1,6,0,0.0,0.47323018917060056,MEDIUM,Request customer authentication,Customer notification,0
TXN03558,CUST0077,8973.19,Card,Utilities,32,19,3,Bank Declined,1,12.1,0,3,0,0.0,0.47314684110319855,MEDIUM,Suggest alternative payment method,Customer notification,0
TXN02319,CUST0915,4538.63,UPI,Entertainment,7,13,2,Network Error,2,47.3,1,20,0,0.0,0.47306992654096447,MEDIUM,Retry payment,Automatic retry,0
TXN00686,CUST0934,9944.71,Card,Shopping,18,17,4,Bank Declined,1,21.6,0,16,0,0.0,0.4726455201346736,MEDIUM,Suggest alternative payment method,Customer notification,0
TXN01059,CUST1443,1392.0,UPI,Utilities,23,17,3,Insufficient Balance,1,40.6,0,4,0,0.0,0.4723217152227789,MEDIUM,Ask customer to add funds or use another method,Customer notification,0
TXN01963,CUST1380,7209.86,Card,Travel,29,17,7,Authentication Failed,2,52.3,1,11,0,0.0,0.4721783201741448,MEDIUM,Request customer authentication,Customer notification,0
TXN02143,CUST0427,5924.82,Net Banking,Utilities,24,19,3,Bank Declined,1,10.4,1,0,0,0.0,0.47178372304278116,MEDIUM,Suggest alternative payment method,Customer notification,0
TXN00184,CUST1307,349.85,Wallet,Entertainment,45,15,7,Network Error,1,68.6,0,13,0,0.0,0.4717206073324986,MEDIUM,Retry payment,Automatic retry,0
TXN02297,CUST1244,2371.0,Wallet,Food,5,14,0,Network Error,3,50.4,0,10,0,0.0,0.47166668748197993,MEDIUM,Retry payment,Automatic retry,0
TXN04091,CUST0421,8475.06,Net Banking,Travel,2,16,6,Authentication Failed,1,61.0,0,0,0,0.0,0.47165298082002777,MEDIUM,Request customer authentication,Customer notification,0
TXN03896,CUST0054,656.84,Net Banking,Shopping,59,4,0,Timeout,1,27.4,0,10,0,0.0,0.47155708971712795,MEDIUM,Retry payment after short delay,Automatic retry,0
TXN02252,CUST1358,7561.83,UPI,Entertainment,51,14,1,Timeout,3,64.0,0,7,0,0.0,0.47151125570446717,MEDIUM,Retry payment after short delay,Automatic retry,0
TXN04725,CUST1457,4964.93,Card,Travel,13,10,1,Timeout,2,30.4,0,2,0,0.0,0.4713360126570197,MEDIUM,Retry payment after short delay,Automatic retry,0
TXN00520,CUST0896,455.71,Wallet,Shopping,43,20,7,Timeout,3,57.9,0,21,0,0.0,0.47113552456771346,MEDIUM,Retry payment after short delay,Automatic retry,0
TXN00426,CUST0613,9002.68,Net Banking,Travel,20,19,7,Network Error,1,48.8,1,23,0,0.0,0.4710146386340884,MEDIUM,Retry payment,Automatic retry,0
TXN02020,CUST0794,1479.26,Card,Travel,12,6,1,Network Error,1,9.6,0,20,0,0.0,0.4709902316251362,MEDIUM,Retry payment,Automatic retry,0
TXN01655,CUST0988,4307.04,UPI,Shopping,29,10,1,Bank Declined,1,30.5,0,20,0,0.0,0.4709789348325569,MEDIUM,Suggest alternative payment method,Customer notification,0
TXN04423,CUST0586,4152.95,Net Banking,Shopping,6,20,7,Authentication Failed,2,18.6,1,17,0,0.0,0.47086387485885584,MEDIUM,Request customer authentication,Customer notification,0
TXN04806,CUST0323,7331.1,Card,Food,20,3,0,Authentication Failed,1,37.4,0,8,0,0.0,0.47069897931079097,MEDIUM,Request customer authentication,Customer notification,0
TXN02886,CUST0831,859.56,UPI,Utilities,54,15,1,Bank Declined,3,17.6,1,18,0,0.0,0.4706275502090421,MEDIUM,Suggest alternative payment method,Customer notification,0
TXN01374,CUST1139,4456.7,UPI,Utilities,26,13,2,Timeout,3,46.2,1,2,0,0.0,0.4704639954051931,MEDIUM,Retry payment after short delay,Automatic retry,0
TXN00546,CUST0970,3243.79,Card,Entertainment,29,20,3,Bank Declined,1,40.9,0,5,0,0.0,0.4700868843932453,MEDIUM,Suggest alternative payment method,Customer notification,0
TXN02565,CUST1255,8613.41,Wallet,Utilities,43,10,4,Bank Declined,2,12.0,0,20,0,0.0,0.4698684956784445,MEDIUM,Suggest alternative payment method,Customer notification,0
TXN01193,CUST1320,2511.35,UPI,Entertainment,60,12,5,Authentication Failed,3,15.4,0,14,0,0.0,0.46948698231709374,MEDIUM,Request customer authentication,Customer notification,0
TXN00893,CUST0682,2344.24,Net Banking,Entertainment,28,13,1,Bank Declined,3,4.2,1,13,0,0.0,0.4691933099253408,MEDIUM,Suggest alternative payment method,Customer notification,0
TXN04212,CUST1350,6885.86,Wallet,Utilities,30,11,6,Network Error,1,3.2,0,14,0,0.0,0.46911985093260483,MEDIUM,Retry payment,Automatic retry,0
TXN01619,CUST1267,8574.41,UPI,Travel,10,13,6,Insufficient Balance,3,65.4,0,9,1,8546.48,0.4689506492546277,MEDIUM,Ask customer to add funds or use another method,Customer notification,1
TXN03845,CUST1317,1135.17,Net Banking,Shopping,59,2,1,Timeout,2,17.8,1,22,0,0.0,0.4688731605388164,MEDIUM,Retry payment after short delay,Automatic retry,0
TXN03934,CUST0519,5239.71,Card,Utilities,28,15,5,Timeout,2,68.7,0,17,0,0.0,0.46881366985136574,MEDIUM,Retry payment after short delay,Automatic retry,0
TXN04814,CUST0843,8049.76,Card,Travel,51,1,0,Network Error,1,49.5,1,23,0,0.0,0.46844043438818406,MEDIUM,Retry payment,Automatic retry,0
TXN03352,CUST1404,5686.41,Net Banking,Utilities,23,6,0,Network Error,2,30.1,0,20,0,0.0,0.46808832377799175,MEDIUM,Retry payment,Automatic retry,0
TXN04036,CUST1259,298.46,Card,Utilities,49,9,4,Authentication Failed,1,31.0,1,18,0,0.0,0.4679256977747702,MEDIUM,Request customer authentication,Customer notification,0
TXN04162,CUST0327,7375.02,Wallet,Food,55,17,3,Insufficient Balance,1,47.7,0,5,0,0.0,0.4678258179020658,MEDIUM,Ask customer to add funds or use another method,Customer notification,0
TXN00314,CUST0401,7598.9,Net Banking,Utilities,31,14,4,Network Error,3,56.2,0,21,0,0.0,0.4677402923394061,MEDIUM,Retry payment,Automatic retry,0
TXN01046,CUST0690,3218.6,Wallet,Utilities,6,19,7,Network Error,3,7.3,0,21,0,0.0,0.4677321104895039,MEDIUM,Retry payment,Automatic retry,0
TXN00497,CUST0432,4256.5,Net Banking,Entertainment,35,3,0,Authentication Failed,2,20.5,0,23,0,0.0,0.4675835312515337,MEDIUM,Request customer authentication,Customer notification,0
TXN01354,CUST0396,8415.98,UPI,Travel,34,20,5,Bank Declined,3,29.0,1,5,0,0.0,0.4675291577931309,MEDIUM,Suggest alternative payment method,Customer notification,0
TXN01544,CUST0982,3643.82,Wallet,Entertainment,25,13,3,Insufficient Balance,2,53.6,0,4,1,3409.38,0.467316221733793,MEDIUM,Ask customer to add funds or use another method,Customer notification,1
TXN02055,CUST0287,4368.98,UPI,Food,42,12,6,Timeout,2,27.5,1,12,0,0.0,0.46724607700232546,MEDIUM,Retry payment after short delay,Automatic retry,0
TXN02289,CUST1386,7363.06,Net Banking,Shopping,23,17,3,Insufficient Balance,1,4.5,0,10,0,0.0,0.4672304537443634,MEDIUM,Ask customer to add funds or use another method,Customer notification,0
TXN00060,CUST0565,9764.25,Net Banking,Utilities,33,20,7,Timeout,2,3.0,1,23,0,0.0,0.46679230149415174,MEDIUM,Retry payment after short delay,Automatic retry,0
TXN00908,CUST1145,2718.27,Card,Entertainment,42,12,0,Bank Declined,3,10.6,0,20,0,0.0,0.46660795821868883,MEDIUM,Suggest alternative payment method,Customer notification,0
TXN01850,CUST0916,7085.59,Card,Food,38,19,3,Insufficient Balance,1,68.6,0,22,0,0.0,0.46659856478778844,MEDIUM,Ask customer to add funds or use another method,Customer notification,0
TXN01185,CUST1130,2809.61,Net Banking,Travel,54,15,1,Bank Declined,2,51.7,0,12,0,0.0,0.4665942779556877,MEDIUM,Suggest alternative payment method,Customer notification,0
TXN04635,CUST1201,7182.82,UPI,Shopping,15,8,6,Network Error,3,55.0,0,2,1,7061.58,0.466428611323275,MEDIUM,Retry payment,Automatic retry,1
TXN03749,CUST0733,4766.53,UPI,Utilities,52,8,0,Timeout,3,10.6,1,18,0,0.0,0.4663933710584836,MEDIUM,Retry payment after short delay,Automatic retry,0
TXN04306,CUST0864,8077.99,Card,Shopping,50,15,0,Authentication Failed,3,65.1,1,17,0,0.0,0.46635607199917284,MEDIUM,Request customer authentication,Customer notification,0
TXN02910,CUST0138,4199.9,Card,Utilities,42,9,4,Authentication Failed,1,51.3,0,21,1,3825.18,0.46555553424499574,MEDIUM,Request customer authentication,Customer notification,1
TXN00950,CUST0485,1224.05,Card,Travel,54,4,0,Network Error,1,16.5,0,1,0,0.0,0.46528655504945443,MEDIUM,Retry payment,Automatic retry,0
TXN04106,CUST1475,4237.28,Card,Travel,6,10,0,Network Error,1,11.6,0,23,0,0.0,0.46522135364851613,MEDIUM,Retry payment,Automatic retry,0
TXN00890,CUST1029,3484.29,UPI,Food,52,10,3,Insufficient Balance,3,52.9,0,7,1,3279.31,0.46503252402249423,MEDIUM,Ask customer to add funds or use another method,Customer notification,1
TXN01052,CUST1192,528.82,Card,Utilities,54,17,7,Timeout,3,53.6,0,15,0,0.0,0.46478491220121965,MEDIUM,Retry payment after short delay,Automatic retry,0
TXN02926,CUST0704,5461.81,Wallet,Food,15,14,3,Timeout,3,1.7,0,5,0,0.0,0.4646514341028368,MEDIUM,Retry payment after short delay,Automatic retry,0
TXN04321,CUST1339,6066.43,Wallet,Utilities,49,5,0,Network Error,2,32.4,0,17,0,0.0,0.4643431020016839,MEDIUM,Retry payment,Automatic retry,0
TXN04110,CUST1289,2460.43,Wallet,Utilities,8,14,1,Bank Declined,2,21.7,0,13,0,0.0,0.46428481450243203,MEDIUM,Suggest alternative payment method,Customer notification,0
TXN04428,CUST1319,3809.03,Net Banking,Entertainment,11,6,6,Bank Declined,2,4.8,1,6,1,3748.48,0.46421008641555295,MEDIUM,Suggest alternative payment method,Customer notification,1
TXN01002,CUST0543,3316.74,Wallet,Food,7,17,5,Authentication Failed,2,55.3,0,18,0,0.0,0.4639404590455156,MEDIUM,Request customer authentication,Customer notification,0
TXN04010,CUST0794,7630.01,Wallet,Utilities,48,5,6,Authentication Failed,3,8.9,0,0,1,7225.61,0.4638275722997415,MEDIUM,Request customer authentication,Customer notification,1
TXN02687,CUST0360,8387.9,UPI,Food,9,15,5,Insufficient Balance,1,7.1,0,9,0,0.0,0.4637413160242884,MEDIUM,Ask customer to add funds or use another method,Customer notification,0
TXN02572,CUST0982,2735.69,UPI,Shopping,54,20,5,Bank Declined,3,5.5,0,14,0,0.0,0.4637028886585168,MEDIUM,Suggest alternative payment method,Customer notification,0
TXN02942,CUST1388,631.6,Wallet,Food,59,8,4,Timeout,2,23.4,0,3,0,0.0,0.4634321964593323,MEDIUM,Retry payment after short delay,Automatic retry,0
TXN01887,CUST1112,5917.51,Net Banking,Travel,55,13,5,Timeout,3,25.5,0,5,0,0.0,0.46334002105731253,MEDIUM,Retry payment after short delay,Automatic retry,0
TXN02513,CUST1197,4138.58,Card,Entertainment,22,6,5,Insufficient Balance,2,21.9,0,21,1,3784.31,0.4632372825691617,MEDIUM,Ask customer to add funds or use another method,Customer notification,1
TXN03643,CUST0761,189.09,Net Banking,Shopping,58,7,0,Bank Declined,2,23.0,0,12,0,0.0,0.46319018410460927,MEDIUM,Suggest alternative payment method,Customer notification,0
TXN04783,CUST0384,9294.42,Card,Utilities,49,16,0,Bank Declined,3,22.4,0,9,0,0.0,0.463096017742805,MEDIUM,Suggest alternative payment method,Customer notification,0
TXN03249,CUST0980,4068.73,Net Banking,Entertainment,34,6,4,Authentication Failed,2,28.3,0,2,1,3888.3,0.46302727866875726,MEDIUM,Request customer authentication,Customer notification,1
TXN02881,CUST0183,3214.19,Net Banking,Travel,36,17,7,Authentication Failed,1,53.7,0,17,0,0.0,0.46300852056770886,MEDIUM,Request customer authentication,Customer notification,0
TXN01620,CUST1390,7524.54,Card,Food,51,17,0,Authentication Failed,3,58.7,1,2,0,0.0,0.46296632555961226,MEDIUM,Request customer authentication,Customer notification,0
TXN02076,CUST1228,1719.18,Wallet,Utilities,30,2,3,Timeout,2,67.4,0,5,1,1700.45,0.4629470512501454,MEDIUM,Retry payment after short delay,Automatic retry,1
TXN04389,CUST0391,9302.87,Net Banking,Food,37,4,4,Timeout,1,7.7,0,6,0,0.0,0.4628488622957106,MEDIUM,Retry payment after short delay,Automatic retry,0
TXN00731,CUST1202,4852.47,Net Banking,Entertainment,52,12,5,Authentication Failed,1,61.0,0,10,0,0.0,0.46279389758170597,MEDIUM,Request customer authentication,Customer notification,0
TXN02151,CUST0345,7864.29,Card,Food,32,14,1,Network Error,3,55.6,0,12,0,0.0,0.46278433830441057,MEDIUM,Retry payment,Automatic retry,0
TXN00663,CUST0039,4878.86,UPI,Entertainment,57,6,3,Network Error,1,4.0,0,2,0,0.0,0.4627745625810238,MEDIUM,Retry payment,Automatic retry,0
TXN03940,CUST0484,3691.39,Card,Shopping,23,5,6,Insufficient Balance,2,44.3,1,7,1,3342.35,0.4627573056079827,MEDIUM,Ask customer to add funds or use another method,Customer notification,1
TXN03608,CUST0517,875.44,UPI,Travel,54,9,1,Bank Declined,1,21.4,0,9,0,0.0,0.46274790857929426,MEDIUM,Suggest alternative payment method,Customer notification,0
TXN01224,CUST0475,3147.95,Card,Travel,39,15,3,Bank Declined,3,27.4,0,19,0,0.0,0.46253204414734406,MEDIUM,Suggest alternative payment method,Customer notification,0
TXN00269,CUST0881,5112.67,Card,Utilities,12,18,3,Bank Declined,1,32.9,0,1,0,0.0,0.4622112882128807,MEDIUM,Suggest alternative payment method,Customer notification,0
TXN01069,CUST1320,2501.52,Net Banking,Utilities,35,5,6,Insufficient Balance,1,38.6,0,5,1,2315.99,0.46218724630417035,MEDIUM,Ask customer to add funds or use another method,Customer notification,1
TXN03463,CUST1237,4867.73,Wallet,Entertainment,44,20,6,Bank Declined,2,21.6,1,10,0,0.0,0.4621765963984084,MEDIUM,Suggest alternative payment method,Customer notification,0
TXN03556,CUST0369,6969.38,Net Banking,Shopping,47,10,1,Insufficient Balance,1,14.6,1,6,0,0.0,0.46214610525247407,MEDIUM,Ask customer to add funds or use another method,Customer notification,0
TXN00766,CUST1263,5555.4,UPI,Travel,30,11,2,Network Error,2,57.7,0,2,0,0.0,0.4616782109061526,MEDIUM,Retry payment,Automatic retry,0
TXN01725,CUST0082,9955.56,UPI,Travel,45,7,4,Network Error,2,13.2,0,3,0,0.0,0.46167278068697387,MEDIUM,Retry payment,Automatic retry,0
TXN02673,CUST0563,5874.43,Wallet,Entertainment,52,1,3,Network Error,1,22.2,1,9,0,0.0,0.4614973341608622,MEDIUM,Retry payment,Automatic retry,0
TXN04528,CUST0299,1372.31,Card,Travel,5,17,3,Network Error,1,71.6,0,15,0,0.0,0.4614743862230637,MEDIUM,Retry payment,Automatic retry,0
TXN03422,CUST1348,6328.55,UPI,Utilities,35,4,4,Bank Declined,3,16.0,0,21,1,6126.92,0.46109250217476455,MEDIUM,Suggest alternative payment method,Customer notification,1
TXN03460,CUST1335,1242.49,UPI,Shopping,3,20,6,Insufficient Balance,1,7.1,0,4,0,0.0,0.46106062804430253,MEDIUM,Ask customer to add funds or use another method,Customer notification,0
TXN03655,CUST1353,7584.44,Wallet,Shopping,23,5,6,Timeout,2,51.3,0,21,1,7194.52,0.4610581172970911,MEDIUM,Retry payment after short delay,Automatic retry,1
TXN02884,CUST0481,7106.76,Card,Food,56,4,6,Insufficient Balance,2,35.7,0,12,1,6438.48,0.4609830577088217,MEDIUM,Ask customer to add funds or use another method,Customer notification,1
TXN00845,CUST1332,6237.69,Card,Entertainment,54,9,6,Authentication Failed,1,29.6,0,16,0,0.0,0.46090187276047756,MEDIUM,Request customer authentication,Customer notification,0
TXN05000,CUST0211,3404.77,Wallet,Travel,35,13,4,Timeout,3,41.8,1,16,0,0.0,0.46083418550261857,MEDIUM,Retry payment after short delay,Automatic retry,0
TXN00579,CUST1297,3513.69,UPI,Food,49,17,3,Bank Declined,1,50.4,0,4,0,0.0,0.46080308324788655,MEDIUM,Suggest alternative payment method,Customer notification,0
TXN03014,CUST0423,590.98,Wallet,Shopping,6,13,2,Authentication Failed,1,57.9,0,10,0,0.0,0.46080272257535143,MEDIUM,Request customer authentication,Customer notification,0
TXN02104,CUST0276,9115.58,Wallet,Food,53,5,0,Authentication Failed,1,60.4,0,15,0,0.0,0.46080183873570263,MEDIUM,Request customer authentication,Customer notification,0
TXN00234,CUST0884,3426.47,Card,Entertainment,33,12,1,Timeout,3,57.2,0,4,0,0.0,0.4602642035233861,MEDIUM,Retry payment after short delay,Automatic retry,0
TXN01663,CUST0040,6205.46,Card,Food,59,7,1,Timeout,3,32.9,0,13,0,0.0,0.4602339808695444,MEDIUM,Retry payment after short delay,Automatic retry,0
TXN04348,CUST0313,3006.96,Net Banking,Utilities,60,13,3,Authentication Failed,2,63.4,1,9,0,0.0,0.4602165534027411,MEDIUM,Request customer authentication,Customer notification,0
TXN04370,CUST0517,2551.41,Wallet,Utilities,1,13,6,Authentication Failed,1,39.2,0,3,0,0.0,0.46000267567140446,MEDIUM,Request customer authentication,Customer notification,0
TXN01976,CUST0924,2380.16,UPI,Shopping,55,16,0,Bank Declined,2,70.9,0,7,0,0.0,0.4598037169135561,MEDIUM,Suggest alternative payment method,Customer notification,0
TXN04430,CUST0669,4357.55,Net Banking,Entertainment,5,8,2,Authentication Failed,1,9.6,0,15,0,0.0,0.45966474563793747,MEDIUM,Request customer authentication,Customer notification,0
TXN03354,CUST1473,3396.27,Card,Utilities,7,17,4,Timeout,3,59.7,0,0,0,0.0,0.4596481470609334,MEDIUM,Retry payment after short delay,Automatic retry,0
TXN02339,CUST0969,3065.61,Wallet,Entertainment,57,13,2,Bank Declined,1,60.1,1,15,0,0.0,0.45954766825755156,MEDIUM,Suggest alternative payment method,Customer notification,0
TXN04324,CUST0889,901.4,Wallet,Shopping,17,16,2,Bank Declined,1,53.8,1,14,0,0.0,0.45954487553601076,MEDIUM,Suggest alternative payment method,Customer notification,0
TXN03714,CUST1408,6590.73,Card,Travel,45,12,6,Bank Declined,1,35.6,1,4,0,0.0,0.45944772631641795,MEDIUM,Suggest alternative payment method,Customer notification,0
TXN03718,CUST1099,5884.77,Wallet,Entertainment,9,2,4,Timeout,2,18.2,0,7,1,5423.41,0.45942599147689855,MEDIUM,Retry payment after short delay,Automatic retry,1
TXN00666,CUST0173,7270.12,UPI,Utilities,60,3,1,Timeout,2,22.5,0,3,0,0.0,0.4593910972107677,MEDIUM,Retry payment after short delay,Automatic retry,0
TXN00757,CUST1275,1015.75,Wallet,Utilities,38,6,2,Authentication Failed,2,11.5,1,21,0,0.0,0.4588709676939739,MEDIUM,Request customer authentication,Customer notification,0
TXN02152,CUST0814,9474.11,Net Banking,Utilities,3,18,7,Network Error,1,46.3,0,0,0,0.0,0.45872611078647074,MEDIUM,Retry payment,Automatic retry,0
TXN04671,CUST1425,2054.99,Net Banking,Travel,9,12,2,Bank Declined,2,18.5,0,16,0,0.0,0.45819286005938586,MEDIUM,Suggest alternative payment method,Customer notification,0
TXN02136,CUST0517,6841.44,Card,Food,27,8,0,Network Error,3,35.1,1,20,0,0.0,0.45802499399727464,MEDIUM,Retry payment,Automatic retry,0
TXN04688,CUST0499,3447.59,Wallet,Shopping,43,14,7,Authentication Failed,3,23.8,1,16,0,0.0,0.45786118856927616,MEDIUM,Request customer authentication,Customer notification,0
TXN00548,CUST0418,967.15,Wallet,Food,47,5,5,Network Error,1,10.4,1,8,0,0.0,0.45746484298068063,MEDIUM,Retry payment,Automatic retry,0
TXN01373,CUST0721,1476.12,Wallet,Shopping,36,0,1,Timeout,1,5.3,0,6,0,0.0,0.45701204520054245,MEDIUM,Retry payment after short delay,Automatic retry,0
TXN03440,CUST1290,1888.3,Wallet,Shopping,52,12,6,Network Error,2,3.1,0,10,0,0.0,0.45676668921343727,MEDIUM,Retry payment,Automatic retry,0
TXN02950,CUST0618,9919.13,Card,Entertainment,40,16,1,Insufficient Balance,2,32.9,0,8,0,0.0,0.4566368057323882,MEDIUM,Ask customer to add funds or use another method,Customer notification,0
TXN03224,CUST0407,3654.11,Wallet,Food,35,14,7,Timeout,2,61.5,1,3,0,0.0,0.4565146673906309,MEDIUM,Retry payment after short delay,Automatic retry,0
TXN04260,CUST1135,8463.44,Net Banking,Travel,22,12,5,Network Error,3,60.4,0,16,0,0.0,0.4565108813234228,MEDIUM,Retry payment,Automatic retry,0
TXN02293,CUST0887,2444.81,UPI,Entertainment,38,16,7,Authentication Failed,3,14.2,0,9,0,0.0,0.4561925161534168,MEDIUM,Request customer authentication,Customer notification,0
TXN00084,CUST0996,4802.01,Net Banking,Food,1,5,1,Authentication Failed,1,3.1,1,15,0,0.0,0.45617005129809796,MEDIUM,Request customer authentication,Customer notification,0
TXN00354,CUST0280,2340.12,Card,Shopping,57,9,4,Bank Declined,2,7.8,0,14,0,0.0,0.4560035785221606,MEDIUM,Suggest alternative payment method,Customer notification,0
TXN03100,CUST0775,5046.86,Card,Shopping,44,13,3,Authentication Failed,3,45.6,0,10,0,0.0,0.45591885111325436,MEDIUM,Request customer authentication,Customer notification,0
TXN04378,CUST1342,3688.85,Wallet,Utilities,44,13,4,Authentication Failed,3,27.8,0,8,0,0.0,0.4558849730695027,MEDIUM,Request customer authentication,Customer notification,0
TXN02598,CUST0497,2814.22,Net Banking,Food,5,3,6,Insufficient Balance,2,21.2,0,22,1,2625.73,0.45569784994183204,MEDIUM,Ask customer to add funds or use another method,Customer notification,1
TXN02704,CUST0652,4766.09,UPI,Entertainment,37,16,2,Network Error,3,71.5,1,7,0,0.0,0.4556463830184566,MEDIUM,Retry payment,Automatic retry,0
TXN04506,CUST0644,2174.39,Card,Entertainment,24,9,2,Bank Declined,2,63.4,1,2,1,2140.07,0.4556266580912068,MEDIUM,Suggest alternative payment method,Customer notification,1
TXN00018,CUST1333,9257.97,Card,Travel,60,15,1,Bank Declined,1,48.2,0,12,0,0.0,0.45544309891769247,MEDIUM,Suggest alternative payment method,Customer notification,0
TXN01540,CUST0364,5158.61,Card,Food,42,9,4,Authentication Failed,2,28.6,1,21,0,0.0,0.4552003788705418,MEDIUM,Request customer authentication,Customer notification,0
TXN01279,CUST1395,7488.99,Wallet,Food,16,5,6,Bank Declined,1,15.9,0,11,1,7446.51,0.4550927385951944,MEDIUM,Suggest alternative payment method,Customer notification,1
TXN02929,CUST1284,8027.95,Card,Food,8,15,3,Authentication Failed,3,46.8,1,10,0,0.0,0.454995755864307,MEDIUM,Request customer authentication,Customer notification,0
TXN01688,CUST0349,5518.51,Card,Food,31,16,7,Bank Declined,1,25.8,1,16,0,0.0,0.454608940546672,MEDIUM,Suggest alternative payment method,Customer notification,0
TXN02202,CUST0102,5301.91,Net Banking,Food,58,13,4,Timeout,3,14.7,0,23,0,0.0,0.45455091292371214,MEDIUM,Retry payment after short delay,Automatic retry,0
TXN03365,CUST0701,6315.85,Wallet,Entertainment,54,2,3,Timeout,1,1.5,0,14,0,0.0,0.4544036086074502,MEDIUM,Retry payment after short delay,Automatic retry,0
TXN03894,CUST0049,5581.41,UPI,Travel,45,12,4,Authentication Failed,2,47.6,1,4,0,0.0,0.4542025251529691,MEDIUM,Request customer authentication,Customer notification,0
TXN01746,CUST0414,9771.96,Wallet,Shopping,35,18,2,Timeout,3,67.2,0,21,0,0.0,0.45417931491041247,MEDIUM,Retry payment after short delay,Automatic retry,0
TXN02861,CUST0159,7051.35,Net Banking,Utilities,24,10,2,Timeout,3,26.6,0,2,0,0.0,0.4540221451858846,MEDIUM,Retry payment after short delay,Automatic retry,0
TXN00145,CUST0795,6615.02,UPI,Food,16,8,2,Network Error,1,9.8,0,14,0,0.0,0.45392358220023143,MEDIUM,Retry payment,Automatic retry,0
TXN04400,CUST0361,9067.92,Net Banking,Entertainment,49,4,0,Network Error,2,21.7,0,13,0,0.0,0.45392266965936506,MEDIUM,Retry payment,Automatic retry,0
TXN01895,CUST1110,1242.09,Net Banking,Shopping,2,17,2,Insufficient Balance,1,21.6,1,23,0,0.0,0.4537603700185253,MEDIUM,Ask customer to add funds or use another method,Customer notification,0
TXN03836,CUST1037,1559.78,Net Banking,Food,6,2,2,Authentication Failed,2,41.7,1,10,1,1437.09,0.4533218538642172,MEDIUM,Request customer authentication,Customer notification,1
TXN00624,CUST0658,6555.72,Net Banking,Travel,44,7,3,Timeout,2,39.7,0,23,0,0.0,0.45317859889930645,MEDIUM,Retry payment after short delay,Automatic retry,0
TXN02866,CUST0211,6348.76,Wallet,Entertainment,7,6,1,Timeout,2,52.5,0,5,1,5793.1,0.45296489928280514,MEDIUM,Retry payment after short delay,Automatic retry,1
TXN01282,CUST0194,2670.07,Net Banking,Travel,31,18,7,Timeout,3,23.8,1,14,0,0.0,0.4529222699239199,MEDIUM,Retry payment after short delay,Automatic retry,0
TXN04737,CUST1349,6627.57,Net Banking,Food,7,9,2,Authentication Failed,2,15.6,0,12,0,0.0,0.4528471558336621,MEDIUM,Request customer authentication,Customer notification,0
TXN00948,CUST1039,2098.23,Wallet,Shopping,11,12,3,Bank Declined,1,32.8,0,22,0,0.0,0.45251365691313067,MEDIUM,Suggest alternative payment method,Customer notification,0
TXN01694,CUST1313,1113.43,Card,Entertainment,28,18,6,Authentication Failed,3,52.7,0,16,0,0.0,0.45245737664670166,MEDIUM,Request customer authentication,Customer notification,0
TXN04861,CUST0938,7012.9,Wallet,Food,7,15,1,Insufficient Balance,1,28.0,1,2,0,0.0,0.4524450146143037,MEDIUM,Ask customer to add funds or use another method,Customer notification,0
TXN01338,CUST1109,9050.94,UPI,Shopping,52,16,5,Bank Declined,3,23.6,0,22,0,0.0,0.4523123217512708,MEDIUM,Suggest alternative payment method,Customer notification,0
TXN00544,CUST0776,1717.03,Wallet,Entertainment,46,16,3,Insufficient Balance,1,68.2,0,14,0,0.0,0.45230451735976357,MEDIUM,Ask customer to add funds or use another method,Customer notification,0
TXN04973,CUST0462,5280.6,Wallet,Travel,19,18,2,Insufficient Balance,1,9.7,1,16,0,0.0,0.45223899512188054,MEDIUM,Ask customer to add funds or use another method,Customer notification,0
TXN02892,CUST0971,8727.74,UPI,Food,44,18,1,Insufficient Balance,3,28.6,0,13,0,0.0,0.4520501591556906,MEDIUM,Ask customer to add funds or use another method,Customer notification,0
TXN01093,CUST0616,1729.74,Net Banking,Food,36,9,4,Authentication Failed,1,29.0,0,11,0,0.0,0.4519882802527735,MEDIUM,Request customer authentication,Customer notification,0
TXN00424,CUST1003,3264.56,Wallet,Shopping,51,18,5,Insufficient Balance,1,13.3,0,9,0,0.0,0.4516625382883035,MEDIUM,Ask customer to add funds or use another method,Customer notification,0
TXN01563,CUST1298,3325.66,Card,Entertainment,45,17,0,Insufficient Balance,2,33.5,0,16,0,0.0,0.45133543994698583,MEDIUM,Ask customer to add funds or use another method,Customer notification,0
TXN02250,CUST0470,2300.6,Net Banking,Utilities,4,6,7,Bank Declined,1,68.6,0,13,1,2121.29,0.4512812375899821,MEDIUM,Suggest alternative payment method,Customer notification,1
TXN04531,CUST0296,6080.89,UPI,Shopping,35,13,3,Insufficient Balance,1,18.7,1,11,0,0.0,0.45082351542117427,MEDIUM,Ask customer to add funds or use another method,Customer notification,0
TXN01641,CUST0216,4630.0,Net Banking,Shopping,14,11,5,Timeout,1,38.0,0,13,0,0.0,0.4507546366193648,MEDIUM,Retry payment after short delay,Automatic retry,0
TXN02040,CUST0130,1842.65,UPI,Shopping,46,4,3,Insufficient Balance,2,46.6,0,1,1,1688.62,0.45061654849497146,MEDIUM,Ask customer to add funds or use another method,Customer notification,1
TXN02810,CUST0234,1956.52,Wallet,Shopping,17,18,1,Bank Declined,2,30.6,0,3,0,0.0,0.45055347739487017,MEDIUM,Suggest alternative payment method,Customer notification,0
TXN04420,CUST0098,4138.04,Net Banking,Utilities,35,15,2,Authentication Failed,3,51.4,0,9,0,0.0,0.4504186354628667,MEDIUM,Request customer authentication,Customer notification,0
TXN02954,CUST0903,6522.48,UPI,Entertainment,2,17,4,Authentication Failed,1,63.4,1,10,0,0.0,0.45035018165652063,MEDIUM,Request customer authentication,Customer notification,0
TXN00494,CUST0912,2061.15,Card,Travel,38,4,1,Bank Declined,1,13.3,0,8,0,0.0,0.4502274558370797,MEDIUM,Suggest alternative payment method,Customer notification,0
TXN04018,CUST0736,1030.51,Net Banking,Travel,58,7,4,Network Error,2,3.8,1,1,0,0.0,0.45017079106488805,MEDIUM,Retry payment,Automatic retry,0
TXN03401,CUST0456,6737.42,Card,Travel,3,10,3,Timeout,2,38.3,0,3,0,0.0,0.4501062139111166,MEDIUM,Retry payment after short delay,Automatic retry,0
TXN03372,CUST0555,5691.93,Wallet,Entertainment,48,19,6,Bank Declined,3,12.3,1,22,0,0.0,0.4500174408053941,MEDIUM,Suggest alternative payment method,Customer notification,0
TXN03792,CUST1099,3497.42,Card,Travel,10,17,4,Network Error,3,62.9,1,20,0,0.0,0.4496641610942006,MEDIUM,Retry payment,Automatic retry,0
TXN02373,CUST0708,7118.75,UPI,Shopping,9,6,4,Network Error,2,41.7,0,9,1,6934.65,0.4495685350305195,MEDIUM,Retry payment,Automatic retry,1
TXN00638,CUST0946,153.51,Wallet,Food,39,15,4,Authentication Failed,2,59.2,0,19,0,0.0,0.4495656137973356,MEDIUM,Request customer authentication,Customer notification,0
TXN04605,CUST0925,9427.36,UPI,Entertainment,40,16,7,Timeout,3,62.0,1,0,0,0.0,0.4495529292917442,MEDIUM,Retry payment after short delay,Automatic retry,0
TXN01277,CUST0769,9315.16,Card,Shopping,24,14,6,Network Error,3,55.6,0,15,0,0.0,0.4495386342922337,MEDIUM,Retry payment,Automatic retry,0
TXN00652,CUST1325,7043.69,UPI,Travel,44,11,1,Bank Declined,2,1.1,0,2,0,0.0,0.44949029517688893,MEDIUM,Suggest alternative payment method,Customer notification,0
TXN03433,CUST1402,2713.36,Wallet,Travel,44,1,2,Timeout,3,24.9,0,13,1,2509.43,0.4494596446587334,MEDIUM,Retry payment after short delay,Automatic retry,1
TXN00044,CUST0563,5886.55,Wallet,Shopping,47,19,1,Authentication Failed,3,69.1,0,13,0,0.0,0.449262781953769,MEDIUM,Request customer authentication,Customer notification,0
TXN02848,CUST0583,4499.97,UPI,Travel,35,18,7,Authentication Failed,2,65.6,0,23,0,0.0,0.4491486440997548,MEDIUM,Request customer authentication,Customer notification,0
TXN04149,CUST1280,3891.08,UPI,Entertainment,1,3,4,Authentication Failed,3,8.5,1,15,1,3842.0,0.4490257082157216,MEDIUM,Request customer authentication,Customer notification,1
TXN03238,CUST0856,5756.2,UPI,Food,50,3,5,Network Error,1,20.1,1,18,0,0.0,0.44899335102730836,MEDIUM,Retry payment,Automatic retry,0
TXN01870,CUST0721,2583.65,Net Banking,Utilities,30,6,0,Authentication Failed,1,48.5,0,17,0,0.0,0.4486587107959677,MEDIUM,Request customer authentication,Customer notification,0
TXN01809,CUST1154,5407.94,Net Banking,Travel,28,11,0,Bank Declined,1,26.0,0,10,0,0.0,0.44861450194991326,MEDIUM,Suggest alternative payment method,Customer notification,0
TXN01901,CUST0002,3537.2,UPI,Travel,52,2,2,Timeout,1,10.8,0,21,0,0.0,0.4486048008718939,MEDIUM,Retry payment after short delay,Automatic retry,0
TXN04020,CUST0277,9838.95,Wallet,Shopping,37,18,6,Authentication Failed,2,64.4,0,11,0,0.0,0.44828963475546424,MEDIUM,Request customer authentication,Customer notification,0
TXN01095,CUST0422,7927.84,Wallet,Utilities,21,17,3,Timeout,3,66.0,0,5,0,0.0,0.4482618153926583,MEDIUM,Retry payment after short delay,Automatic retry,0
TXN01122,CUST1465,287.56,UPI,Food,58,10,7,Authentication Failed,1,21.1,1,9,0,0.0,0.44802628896810154,MEDIUM,Request customer authentication,Customer notification,0
TXN00691,CUST0672,5853.83,UPI,Food,53,14,6,Bank Declined,1,5.3,1,12,0,0.0,0.44799249601606767,MEDIUM,Suggest alternative payment method,Customer notification,0
TXN03311,CUST1325,7501.21,Wallet,Entertainment,32,14,4,Timeout,3,46.7,1,2,0,0.0,0.44740951373803123,MEDIUM,Retry payment after short delay,Automatic retry,0
TXN01755,CUST1246,6311.93,Wallet,Food,42,8,0,Authentication Failed,2,40.4,0,20,0,0.0,0.4471023664517879,MEDIUM,Request customer authentication,Customer notification,0
TXN04093,CUST1180,2795.18,UPI,Utilities,51,6,7,Authentication Failed,2,47.1,1,18,1,2724.97,0.44706803012336394,MEDIUM,Request customer authentication,Customer notification,1
TXN04461,CUST1178,4051.18,Card,Travel,34,5,2,Network Error,2,15.8,0,8,0,0.0,0.4469029619885021,MEDIUM,Retry payment,Automatic retry,0
TXN00738,CUST0959,751.54,Card,Shopping,3,18,7,Timeout,1,53.4,0,10,0,0.0,0.4468751940083916,MEDIUM,Retry payment after short delay,Automatic retry,0
TXN00029,CUST1338,519.19,UPI,Food,33,17,4,Bank Declined,3,15.7,0,17,0,0.0,0.44662159714505634,MEDIUM,Suggest alternative payment method,Customer notification,0
TXN00759,CUST1029,6769.65,Net Banking,Entertainment,54,1,2,Authentication Failed,2,25.1,1,5,0,0.0,0.4464569579051847,MEDIUM,Request customer authentication,Customer notification,0
TXN04969,CUST0803,8522.71,Card,Entertainment,34,3,0,Network Error,1,10.7,0,3,0,0.0,0.44637953333038105,MEDIUM,Retry payment,Automatic retry,0
TXN01614,CUST1177,8150.16,UPI,Food,13,17,4,Insufficient Balance,3,31.3,1,21,0,0.0,0.446256925702076,MEDIUM,Ask customer to add funds or use another method,Customer notification,0
TXN02828,CUST1405,9039.98,Card,Food,46,2,4,Timeout,1,16.8,0,19,0,0.0,0.44615992783923647,MEDIUM,Retry payment after short delay,Automatic retry,0
TXN00377,CUST0626,5786.92,Wallet,Entertainment,21,16,4,Bank Declined,2,31.1,0,8,0,0.0,0.4461565322709841,MEDIUM,Suggest alternative payment method,Customer notification,0
TXN00929,CUST0474,3800.7,Card,Utilities,53,19,7,Bank Declined,1,8.5,0,14,0,0.0,0.4461325521461611,MEDIUM,Suggest alternative payment method,Customer notification,0
TXN03434,CUST0655,4332.32,Wallet,Travel,21,13,4,Timeout,2,1.1,0,3,0,0.0,0.44612558456131424,MEDIUM,Retry payment after short delay,Automatic retry,0
TXN02946,CUST0725,6491.4,Wallet,Travel,46,14,4,Authentication Failed,2,63.2,0,2,0,0.0,0.44604132520238565,MEDIUM,Request customer authentication,Customer notification,0
TXN03528,CUST1458,4276.12,Net Banking,Utilities,20,7,4,Authentication Failed,3,8.1,0,18,1,4147.81,0.4457404963157641,MEDIUM,Request customer authentication,Customer notification,1
TXN03349,CUST0730,7805.56,Card,Utilities,57,16,3,Network Error,3,58.0,1,16,0,0.0,0.44569888402620245,MEDIUM,Retry payment,Automatic retry,0
TXN00653,CUST1156,1223.06,Wallet,Utilities,24,5,3,Network Error,1,16.5,0,20,0,0.0,0.4456465492596239,MEDIUM,Retry payment,Automatic retry,0
TXN01013,CUST0646,2799.24,Net Banking,Utilities,23,17,6,Bank Declined,1,6.2,1,10,0,0.0,0.4454774884678303,MEDIUM,Suggest alternative payment method,Customer notification,0
TXN02013,CUST0637,986.7,Card,Travel,23,16,6,Authentication Failed,2,40.2,0,4,0,0.0,0.44442644105338003,MEDIUM,Request customer authentication,Customer notification,0
TXN00256,CUST0551,2899.73,Net Banking,Shopping,2,16,7,Network Error,1,65.8,0,15,0,0.0,0.4441054311905473,MEDIUM,Retry payment,Automatic retry,0
TXN02920,CUST0922,9554.73,UPI,Utilities,27,4,0,Timeout,2,12.9,0,10,0,0.0,0.4439623384543219,MEDIUM,Retry payment after short delay,Automatic retry,0
TXN03921,CUST1180,7195.51,Wallet,Utilities,29,9,3,Authentication Failed,2,36.6,0,18,0,0.0,0.4435119507235179,MEDIUM,Request customer authentication,Customer notification,0
TXN00683,CUST1433,9915.39,Card,Shopping,40,13,1,Authentication Failed,2,45.3,1,22,0,0.0,0.44274045670082424,MEDIUM,Request customer authentication,Customer notification,0
TXN03685,CUST1187,4969.49,Wallet,Utilities,14,18,7,Network Error,2,58.2,0,21,0,0.0,0.4425187510472293,MEDIUM,Retry payment,Automatic retry,0
TXN04772,CUST0659,8761.9,Card,Utilities,48,15,3,Bank Declined,3,11.4,0,11,0,0.0,0.4424403271116538,MEDIUM,Suggest alternative payment method,Customer notification,0
TXN03757,CUST1077,8116.73,Wallet,Travel,16,17,3,Timeout,3,71.7,0,5,0,0.0,0.4423054003505941,MEDIUM,Retry payment after short delay,Automatic retry,0
TXN03897,CUST0565,899.01,Wallet,Utilities,20,17,5,Authentication Failed,3,11.6,0,3,0,0.0,0.44221622021843227,MEDIUM,Request customer authentication,Customer notification,0
TXN04683,CUST0721,7959.54,Wallet,Food,15,14,4,Timeout,3,0.6,0,6,0,0.0,0.4421669031691398,MEDIUM,Retry payment after short delay,Automatic retry,0
TXN03927,CUST0745,2026.02,Card,Travel,37,9,6,Network Error,2,40.6,1,18,0,0.0,0.4420692425010339,MEDIUM,Retry payment,Automatic retry,0
TXN00498,CUST0341,5019.27,Wallet,Entertainment,22,14,3,Network Error,3,49.5,0,13,0,0.0,0.44206279564769735,MEDIUM,Retry payment,Automatic retry,0
TXN00371,CUST0128,1528.66,Net Banking,Travel,59,3,1,Timeout,2,21.8,0,16,0,0.0,0.44189004679262367,MEDIUM,Retry payment after short delay,Automatic retry,0
TXN04371,CUST0569,5113.92,Wallet,Shopping,56,5,4,Network Error,1,14.2,0,22,0,0.0,0.44167876705768044,MEDIUM,Retry payment,Automatic retry,0
TXN03241,CUST0614,8757.3,Card,Utilities,60,10,4,Network Error,2,9.8,1,15,0,0.0,0.4412385953463263,MEDIUM,Retry payment,Automatic retry,0
TXN03584,CUST0300,7426.18,Wallet,Travel,22,6,7,Timeout,3,51.0,0,19,1,7002.23,0.4410173919680711,MEDIUM,Retry payment after short delay,Automatic retry,1
TXN00200,CUST1496,9490.18,Wallet,Utilities,38,9,3,Bank Declined,2,13.3,0,8,0,0.0,0.44059382909977474,MEDIUM,Suggest alternative payment method,Customer notification,0
TXN04037,CUST0620,5867.43,Card,Food,21,3,0,Timeout,2,0.7,0,2,0,0.0,0.4400507073251078,MEDIUM,Retry payment after short delay,Automatic retry,0
TXN04510,CUST1272,9919.74,Card,Travel,25,16,0,Timeout,3,54.9,0,3,0,0.0,0.43973587542068704,MEDIUM,Retry payment after short delay,Automatic retry,0
TXN01999,CUST0608,2854.85,Wallet,Shopping,32,17,3,Bank Declined,3,29.6,0,10,0,0.0,0.43942965929038563,MEDIUM,Suggest alternative payment method,Customer notification,0
TXN01514,CUST0688,4514.96,Card,Shopping,34,2,3,Timeout,2,10.1,0,21,0,0.0,0.43926410114630016,MEDIUM,Retry payment after short delay,Automatic retry,0
TXN03339,CUST1186,1653.48,Net Banking,Entertainment,34,12,7,Authentication Failed,1,26.0,0,14,0,0.0,0.43907052872632624,MEDIUM,Request customer authentication,Customer notification,0
TXN02457,CUST0406,908.63,Card,Entertainment,41,5,0,Authentication Failed,2,39.1,0,17,0,0.0,0.43892860862491645,MEDIUM,Request customer authentication,Customer notification,0
TXN02347,CUST1344,557.35,UPI,Shopping,52,19,6,Bank Declined,2,46.2,0,10,0,0.0,0.438808702228557,MEDIUM,Suggest alternative payment method,Customer notification,0
TXN01882,CUST0102,4775.26,Card,Entertainment,7,11,0,Authentication Failed,1,51.3,0,22,0,0.0,0.4387439826280277,MEDIUM,Request customer authentication,Customer notification,0
TXN01904,CUST0589,9382.63,Net Banking,Shopping,19,9,3,Timeout,1,42.2,0,15,0,0.0,0.43859795365510346,MEDIUM,Retry payment after short delay,Automatic retry,0
TXN01215,CUST0313,9598.77,UPI,Shopping,19,19,3,Authentication Failed,2,69.9,1,3,0,0.0,0.4380658708958475,MEDIUM,Request customer authentication,Customer notification,0
TXN02141,CUST1143,7701.98,UPI,Utilities,39,6,0,Bank Declined,2,1.1,0,3,0,0.0,0.4380194962674785,MEDIUM,Suggest alternative payment method,Customer notification,0
TXN02504,CUST1049,2147.3,Card,Entertainment,34,7,6,Timeout,3,64.7,1,18,1,2020.9,0.43778717169273684,MEDIUM,Retry payment after short delay,Automatic retry,1
TXN03346,CUST0573,6028.94,UPI,Entertainment,52,12,4,Bank Declined,3,14.3,0,9,0,0.0,0.43766150342443716,MEDIUM,Suggest alternative payment method,Customer notification,0
TXN00763,CUST1089,7985.43,Wallet,Entertainment,10,17,3,Network Error,3,47.1,0,15,0,0.0,0.43752284585969403,MEDIUM,Retry payment,Automatic retry,0
TXN03788,CUST1036,2626.3,Card,Food,7,10,3,Network Error,3,22.7,1,22,0,0.0,0.4371314837886093,MEDIUM,Retry payment,Automatic retry,0
TXN01232,CUST1203,7085.79,Card,Shopping,55,14,5,Authentication Failed,3,27.5,1,0,0,0.0,0.4367500491911611,MEDIUM,Request customer authentication,Customer notification,0
TXN01983,CUST0903,7140.48,Wallet,Utilities,16,19,4,Network Error,3,57.0,1,20,0,0.0,0.4365988067109307,MEDIUM,Retry payment,Automatic retry,0
TXN02531,CUST1491,3480.55,Wallet,Food,50,14,5,Timeout,2,42.4,0,20,0,0.0,0.4363215438147946,MEDIUM,Retry payment after short delay,Automatic retry,0
TXN02984,CUST0142,8885.67,Net Banking,Shopping,59,8,5,Network Error,1,33.8,1,14,0,0.0,0.43589160588675374,MEDIUM,Retry payment,Automatic retry,0
TXN03002,CUST0490,8754.27,Net Banking,Food,35,15,2,Bank Declined,1,33.4,0,18,0,0.0,0.43557152765794704,MEDIUM,Suggest alternative payment method,Customer notification,0
TXN02271,CUST1287,9478.27,UPI,Shopping,40,20,6,Bank Declined,2,15.0,1,17,0,0.0,0.43541932287779467,MEDIUM,Suggest alternative payment method,Customer notification,0
TXN02589,CUST0242,882.85,Net Banking,Food,41,11,2,Bank Declined,2,26.8,0,11,0,0.0,0.4353024135385315,MEDIUM,Suggest alternative payment method,Customer notification,0
TXN04599,CUST0934,7794.32,Wallet,Shopping,33,16,4,Bank Declined,3,12.3,0,12,0,0.0,0.43523973563333157,MEDIUM,Suggest alternative payment method,Customer notification,0
TXN03818,CUST0819,4009.96,Wallet,Travel,47,19,4,Insufficient Balance,1,32.2,0,0,0,0.0,0.43515334736292305,MEDIUM,Ask customer to add funds or use another method,Customer notification,0
TXN00166,CUST1267,1736.49,Net Banking,Food,56,14,6,Authentication Failed,2,2.0,0,1,0,0.0,0.43510624179807644,MEDIUM,Request customer authentication,Customer notification,0
TXN02107,CUST1240,7448.76,Wallet,Shopping,25,19,2,Bank Declined,2,8.4,0,2,0,0.0,0.4348992367075384,MEDIUM,Suggest alternative payment method,Customer notification,0
TXN00703,CUST1426,1360.96,Net Banking,Food,11,10,3,Network Error,1,46.8,1,10,0,0.0,0.43486770661292984,MEDIUM,Retry payment,Automatic retry,0
TXN01972,CUST1376,1690.27,UPI,Entertainment,19,12,4,Bank Declined,2,39.5,1,9,0,0.0,0.4347534537984698,MEDIUM,Suggest alternative payment method,Customer notification,0
TXN02351,CUST1191,169.72,Net Banking,Utilities,45,17,2,Insufficient Balance,1,56.2,0,7,0,0.0,0.4346623582134391,MEDIUM,Ask customer to add funds or use another method,Customer notification,0
TXN04829,CUST0719,6006.91,Card,Food,4,20,4,Insufficient Balance,1,64.6,0,16,0,0.0,0.4346365680875388,MEDIUM,Ask customer to add funds or use another method,Customer notification,0
TXN03063,CUST0066,9633.28,Card,Food,25,3,2,Timeout,2,11.5,0,11,0,0.0,0.43412484843325605,MEDIUM,Retry payment after short delay,Automatic retry,0
TXN01602,CUST0061,1328.66,Wallet,Food,2,14,1,Authentication Failed,3,59.0,0,18,0,0.0,0.4341154388213587,MEDIUM,Request customer authentication,Customer notification,0
TXN04845,CUST0583,348.88,Card,Food,30,13,1,Insufficient Balance,1,61.1,0,21,0,0.0,0.43406323446624967,MEDIUM,Ask customer to add funds or use another method,Customer notification,0
TXN01235,CUST0025,3111.99,Net Banking,Shopping,29,7,0,Timeout,3,24.3,0,1,0,0.0,0.4338823065293875,MEDIUM,Retry payment after short delay,Automatic retry,0
TXN03984,CUST1465,4494.17,UPI,Food,35,17,1,Bank Declined,1,61.8,1,0,0,0.0,0.4337033606730707,MEDIUM,Suggest alternative payment method,Customer notification,0
TXN03445,CUST0713,843.72,Net Banking,Utilities,36,14,7,Network Error,2,42.4,0,12,0,0.0,0.4336780337543452,MEDIUM,Retry payment,Automatic retry,0
TXN04548,CUST0504,4879.82,Net Banking,Utilities,32,3,2,Timeout,2,44.1,1,4,0,0.0,0.43362672000023067,MEDIUM,Retry payment after short delay,Automatic retry,0
TXN00565,CUST0192,3034.28,Wallet,Food,58,15,7,Network Error,2,32.4,1,0,0,0.0,0.43359062617274946,MEDIUM,Retry payment,Automatic retry,0
TXN01751,CUST0994,1082.37,UPI,Utilities,32,11,6,Timeout,3,11.4,0,11,0,0.0,0.43332335616284845,MEDIUM,Retry payment after short delay,Automatic retry,0
TXN04333,CUST1000,3453.62,Card,Travel,43,11,5,Insufficient Balance,2,24.9,0,17,1,3244.28,0.43324916408853364,MEDIUM,Ask customer to add funds or use another method,Customer notification,1
TXN04610,CUST0242,2786.74,Card,Shopping,1,20,6,Timeout,1,47.7,0,22,0,0.0,0.433220527509815,MEDIUM,Retry payment after short delay,Automatic retry,0
TXN00680,CUST0505,8643.79,UPI,Entertainment,46,8,4,Network Error,1,68.5,0,11,0,0.0,0.43318462488436393,MEDIUM,Retry payment,Automatic retry,0
TXN00012,CUST1483,5089.64,UPI,Travel,33,12,4,Authentication Failed,3,38.7,0,22,0,0.0,0.43293750932000824,MEDIUM,Request customer authentication,Customer notification,0
TXN04976,CUST1457,7746.87,UPI,Utilities,27,10,7,Authentication Failed,2,28.3,1,21,0,0.0,0.43292476455654466,MEDIUM,Request customer authentication,Customer notification,0
TXN02042,CUST1169,4497.42,UPI,Food,33,16,1,Insufficient Balance,1,51.7,0,10,0,0.0,0.4325561644197136,MEDIUM,Ask customer to add funds or use another method,Customer notification,0
TXN02166,CUST1113,6702.67,Card,Entertainment,41,16,5,Authentication Failed,2,45.6,0,0,0,0.0,0.4323754922480718,MEDIUM,Request customer authentication,Customer notification,0
TXN03538,CUST0363,2995.9,Net Banking,Shopping,39,20,7,Authentication Failed,2,43.5,0,2,0,0.0,0.4323730351763128,MEDIUM,Request customer authentication,Customer notification,0
TXN02391,CUST1196,1365.34,Card,Food,58,0,1,Bank Declined,2,7.8,1,7,0,0.0,0.43221850491665015,MEDIUM,Suggest alternative payment method,Customer notification,0
TXN01899,CUST0936,3989.8,Wallet,Food,22,12,5,Timeout,2,56.5,1,0,0,0.0,0.43198098400857504,MEDIUM,Retry payment after short delay,Automatic retry,0
TXN01029,CUST1434,9941.41,Net Banking,Travel,15,5,0,Authentication Failed,1,36.9,0,8,0,0.0,0.43177120826177173,MEDIUM,Request customer authentication,Customer notification,0
TXN00213,CUST0002,9358.2,Wallet,Travel,5,8,0,Network Error,1,6.7,0,18,0,0.0,0.4315466083583706,MEDIUM,Retry payment,Automatic retry,0
TXN00979,CUST0613,4195.42,Card,Travel,17,15,3,Authentication Failed,3,61.0,0,5,0,0.0,0.43138415811371134,MEDIUM,Request customer authentication,Customer notification,0
TXN01931,CUST1342,8533.27,Net Banking,Shopping,50,3,1,Bank Declined,2,36.2,0,15,1,8046.14,0.4310487693332226,MEDIUM,Suggest alternative payment method,Customer notification,1
TXN03746,CUST0974,3216.57,Wallet,Utilities,7,11,7,Authentication Failed,1,58.4,1,7,0,0.0,0.43094298140169074,MEDIUM,Request customer authentication,Customer notification,0
TXN04787,CUST0518,3484.47,Net Banking,Utilities,37,12,6,Bank Declined,3,67.4,0,19,1,3275.39,0.43088089106351646,MEDIUM,Suggest alternative payment method,Customer notification,1
TXN04939,CUST1288,3008.24,Net Banking,Utilities,58,1,4,Authentication Failed,1,25.7,1,16,0,0.0,0.4306448142157273,MEDIUM,Request customer authentication,Customer notification,0
TXN04932,CUST0056,4543.43,Wallet,Entertainment,48,9,4,Network Error,3,30.4,0,5,0,0.0,0.42986022214034003,MEDIUM,Retry payment,Automatic retry,0
TXN01479,CUST0524,6033.79,Net Banking,Food,9,10,0,Bank Declined,1,18.8,0,6,0,0.0,0.4296829266287904,MEDIUM,Suggest alternative payment method,Customer notification,0
TXN01532,CUST1122,6170.2,Wallet,Shopping,49,18,7,Bank Declined,3,8.4,0,4,0,0.0,0.4296575001414486,MEDIUM,Suggest alternative payment method,Customer notification,0
TXN02240,CUST0336,2178.19,Card,Entertainment,47,4,2,Timeout,3,13.5,0,14,0,0.0,0.42956961183581255,MEDIUM,Retry payment after short delay,Automatic retry,0
TXN03508,CUST1226,2974.65,Wallet,Food,49,13,6,Timeout,2,40.4,0,16,0,0.0,0.42953929092906484,MEDIUM,Retry payment after short delay,Automatic retry,0
TXN02080,CUST1391,9007.46,Net Banking,Food,1,15,4,Authentication Failed,1,54.0,0,23,0,0.0,0.42931729510020683,MEDIUM,Request customer authentication,Customer notification,0
TXN04616,CUST0964,9125.22,Net Banking,Travel,46,17,4,Bank Declined,2,2.8,0,6,0,0.0,0.42908791740360114,MEDIUM,Suggest alternative payment method,Customer notification,0
TXN00719,CUST0358,1011.78,Wallet,Entertainment,48,2,2,Network Error,1,25.5,0,23,0,0.0,0.428945272992148,MEDIUM,Retry payment,Automatic retry,0
TXN04258,CUST0785,1355.75,UPI,Food,39,11,1,Insufficient Balance,1,19.5,0,14,0,0.0,0.42889522001969604,MEDIUM,Ask customer to add funds or use another method,Customer notification,0
TXN02729,CUST1459,4555.64,Wallet,Shopping,15,12,3,Authentication Failed,3,36.0,0,17,0,0.0,0.42882002697125665,MEDIUM,Request customer authentication,Customer notification,0
TXN03016,CUST0529,425.28,Net Banking,Shopping,22,9,7,Network Error,2,30.3,0,2,0,0.0,0.42868532494840095,MEDIUM,Retry payment,Automatic retry,0
TXN04237,CUST1403,9864.65,Net Banking,Food,43,12,0,Timeout,3,55.6,1,7,0,0.0,0.4285815275830282,MEDIUM,Retry payment after short delay,Automatic retry,0
TXN00969,CUST0111,7314.98,Net Banking,Utilities,43,15,6,Bank Declined,1,35.9,0,1,0,0.0,0.4285403980789917,MEDIUM,Suggest alternative payment method,Customer notification,0
TXN02895,CUST0161,3925.04,Net Banking,Travel,18,17,7,Timeout,2,71.9,0,7,0,0.0,0.4283177700022345,MEDIUM,Retry payment after short delay,Automatic retry,0
TXN03740,CUST0508,6560.76,Wallet,Travel,7,8,0,Bank Declined,1,43.8,1,22,0,0.0,0.42826735599735144,MEDIUM,Suggest alternative payment method,Customer notification,0
TXN01629,CUST0259,8638.65,Net Banking,Food,38,14,4,Authentication Failed,3,40.3,0,11,0,0.0,0.4282421084748009,MEDIUM,Request customer authentication,Customer notification,0
TXN03614,CUST1141,8311.35,Card,Entertainment,55,9,1,Authentication Failed,1,69.5,0,11,0,0.0,0.4281400559595809,MEDIUM,Request customer authentication,Customer notification,0
TXN00466,CUST0560,5054.73,Wallet,Travel,46,4,4,Timeout,2,13.6,0,5,0,0.0,0.42779229340271074,MEDIUM,Retry payment after short delay,Automatic retry,0
TXN00777,CUST1123,576.11,Wallet,Shopping,42,10,7,Bank Declined,1,16.1,1,5,0,0.0,0.4272668816964301,MEDIUM,Suggest alternative payment method,Customer notification,0
TXN01323,CUST1144,8099.87,Card,Entertainment,58,10,1,Bank Declined,1,42.3,1,12,0,0.0,0.4271641978007377,MEDIUM,Suggest alternative payment method,Customer notification,0
TXN01643,CUST0160,7851.7,Wallet,Shopping,27,17,0,Bank Declined,2,31.4,0,7,0,0.0,0.42710696065375037,MEDIUM,Suggest alternative payment method,Customer notification,0
TXN04196,CUST0290,8875.05,Wallet,Entertainment,33,3,0,Bank Declined,3,29.5,0,14,1,8383.58,0.4268873358907668,MEDIUM,Suggest alternative payment method,Customer notification,1
TXN02078,CUST0305,6248.95,Wallet,Utilities,55,8,6,Network Error,2,35.1,1,7,0,0.0,0.42683658934470187,MEDIUM,Retry payment,Automatic retry,0
TXN00778,CUST0511,3027.08,Net Banking,Food,50,4,4,Network Error,3,7.9,1,9,0,0.0,0.4268297157072105,MEDIUM,Retry payment,Automatic retry,0
TXN03646,CUST0974,4654.63,Wallet,Food,21,0,1,Authentication Failed,1,31.6,1,7,0,0.0,0.4268287727750185,MEDIUM,Request customer authentication,Customer notification,0
TXN02399,CUST0662,8921.11,Card,Utilities,38,12,7,Timeout,3,22.3,0,17,0,0.0,0.42671879017801706,MEDIUM,Retry payment after short delay,Automatic retry,0
TXN03306,CUST0482,6429.03,Wallet,Travel,16,15,6,Network Error,3,60.2,0,8,0,0.0,0.42642311087725643,MEDIUM,Retry payment,Automatic retry,0
TXN03859,CUST1479,8968.35,Wallet,Entertainment,44,18,1,Insufficient Balance,2,54.7,1,22,0,0.0,0.4261691404975074,MEDIUM,Ask customer to add funds or use another method,Customer notification,0
TXN00844,CUST0447,477.05,UPI,Food,58,9,5,Network Error,1,43.2,0,12,0,0.0,0.4260302197189672,MEDIUM,Retry payment,Automatic retry,0
TXN02199,CUST0305,9483.18,Card,Entertainment,45,12,1,Insufficient Balance,1,18.1,1,14,0,0.0,0.42601021589496674,MEDIUM,Ask customer to add funds or use another method,Customer notification,0
TXN04576,CUST0680,4048.33,Card,Entertainment,32,11,5,Network Error,1,66.9,1,0,0,0.0,0.42580631218461684,MEDIUM,Retry payment,Automatic retry,0
TXN02911,CUST0050,7008.86,Net Banking,Shopping,25,6,1,Timeout,3,18.1,1,20,0,0.0,0.4255880155196223,MEDIUM,Retry payment after short delay,Automatic retry,0
TXN03893,CUST1337,5803.98,Net Banking,Food,52,8,1,Authentication Failed,1,58.2,0,10,0,0.0,0.42547381836917486,MEDIUM,Request customer authentication,Customer notification,0
TXN00566,CUST0739,9116.95,UPI,Travel,48,0,3,Timeout,1,13.4,0,12,0,0.0,0.4254105561213974,MEDIUM,Retry payment after short delay,Automatic retry,0
TXN04214,CUST0680,298.52,UPI,Travel,46,11,3,Network Error,2,70.3,1,23,0,0.0,0.4250988818095495,MEDIUM,Retry payment,Automatic retry,0
TXN00326,CUST1389,1257.54,Card,Entertainment,5,6,5,Timeout,3,69.5,0,16,1,1140.23,0.4249102408131714,MEDIUM,Retry payment after short delay,Automatic retry,1
TXN04632,CUST0567,2172.29,UPI,Entertainment,47,7,5,Network Error,2,38.1,0,10,0,0.0,0.4249046625120629,MEDIUM,Retry payment,Automatic retry,0
TXN02277,CUST0959,1983.26,Card,Entertainment,41,11,6,Authentication Failed,3,3.4,0,5,0,0.0,0.4249026056864072,MEDIUM,Request customer authentication,Customer notification,0
TXN04892,CUST0384,9045.82,Wallet,Utilities,50,10,2,Network Error,3,46.6,1,15,0,0.0,0.4244945266555198,MEDIUM,Retry payment,Automatic retry,0
TXN01587,CUST1166,6992.31,Net Banking,Shopping,24,20,7,Authentication Failed,3,37.3,0,3,0,0.0,0.4242840331135118,MEDIUM,Request customer authentication,Customer notification,0
TXN04280,CUST1402,6983.06,Card,Entertainment,45,16,3,Bank Declined,2,60.4,1,13,0,0.0,0.424166040022825,MEDIUM,Suggest alternative payment method,Customer notification,0
TXN03500,CUST0933,5736.41,Wallet,Shopping,39,15,0,Authentication Failed,3,54.1,0,17,0,0.0,0.42374750322041893,MEDIUM,Request customer authentication,Customer notification,0
TXN03442,CUST0210,7071.34,UPI,Entertainment,4,9,1,Authentication Failed,1,38.4,0,23,0,0.0,0.42367474727797655,MEDIUM,Request customer authentication,Customer notification,0
TXN02356,CUST0302,2444.3,UPI,Utilities,21,13,3,Insufficient Balance,1,37.5,0,9,0,0.0,0.4235666215111176,MEDIUM,Ask customer to add funds or use another method,Customer notification,0
TXN00964,CUST1418,7591.91,Net Banking,Utilities,10,1,7,Authentication Failed,3,65.0,1,8,1,6889.37,0.4234253510383352,MEDIUM,Request customer authentication,Customer notification,1
TXN04828,CUST0317,3266.81,UPI,Utilities,24,13,5,Network Error,3,44.2,1,14,0,0.0,0.42330050298580657,MEDIUM,Retry payment,Automatic retry,0
TXN03830,CUST0632,580.77,Net Banking,Food,49,19,2,Bank Declined,3,62.3,0,15,0,0.0,0.42288445009185854,MEDIUM,Suggest alternative payment method,Customer notification,0
TXN01328,CUST0182,8876.38,Wallet,Shopping,24,9,0,Bank Declined,2,31.6,0,7,0,0.0,0.42273788036635646,MEDIUM,Suggest alternative payment method,Customer notification,0
TXN00675,CUST1385,3691.26,Card,Shopping,17,3,0,Bank Declined,2,4.3,1,17,0,0.0,0.42252409009398223,MEDIUM,Suggest alternative payment method,Customer notification,0
TXN03591,CUST0909,6207.16,Net Banking,Shopping,12,20,4,Bank Declined,1,51.8,1,16,0,0.0,0.4224901684518044,MEDIUM,Suggest alternative payment method,Customer notification,0
TXN00758,CUST0877,7825.44,UPI,Food,27,12,6,Timeout,1,71.3,0,21,0,0.0,0.4224125259542595,MEDIUM,Retry payment after short delay,Automatic retry,0
TXN04933,CUST0366,722.29,Wallet,Entertainment,25,0,0,Network Error,2,1.4,0,10,0,0.0,0.42220266016534125,MEDIUM,Retry payment,Automatic retry,0
TXN00552,CUST0826,6301.92,UPI,Entertainment,16,2,2,Timeout,2,14.0,1,11,0,0.0,0.4222024633503932,MEDIUM,Retry payment after short delay,Automatic retry,0
TXN04477,CUST1473,6829.29,Wallet,Entertainment,2,19,1,Bank Declined,2,19.9,0,1,0,0.0,0.4220915385459179,MEDIUM,Suggest alternative payment method,Customer notification,0
TXN00150,CUST1485,4219.84,Wallet,Food,8,20,3,Insufficient Balance,2,18.6,1,12,0,0.0,0.42202078869494836,MEDIUM,Ask customer to add funds or use another method,Customer notification,0
TXN02933,CUST1010,9167.76,Card,Food,60,14,5,Authentication Failed,3,54.5,1,15,0,0.0,0.4219261014645375,MEDIUM,Request customer authentication,Customer notification,0
TXN00761,CUST1016,3144.54,Net Banking,Entertainment,7,17,3,Bank Declined,3,4.2,1,17,0,0.0,0.4217396959896876,MEDIUM,Suggest alternative payment method,Customer notification,0
TXN03827,CUST0471,3335.05,UPI,Shopping,43,11,5,Network Error,2,63.8,0,7,0,0.0,0.42139121111365996,MEDIUM,Retry payment,Automatic retry,0
TXN00968,CUST1170,6938.19,Net Banking,Entertainment,50,2,4,Timeout,2,33.0,0,19,0,0.0,0.42134587468617357,MEDIUM,Retry payment after short delay,Automatic retry,0
TXN02455,CUST0262,7221.08,UPI,Entertainment,39,11,6,Authentication Failed,3,20.5,0,6,0,0.0,0.42097610798689344,MEDIUM,Request customer authentication,Customer notification,0
TXN03066,CUST1121,8426.96,Net Banking,Travel,38,2,0,Network Error,1,26.7,0,10,0,0.0,0.42072411848671487,MEDIUM,Retry payment,Automatic retry,0
TXN02223,CUST1317,5177.07,Wallet,Travel,12,12,3,Network Error,3,62.7,0,21,0,0.0,0.42063819204919595,MEDIUM,Retry payment,Automatic retry,0
TXN02121,CUST1318,9330.25,Net Banking,Entertainment,54,14,5,Bank Declined,3,20.8,1,2,0,0.0,0.42059342680642636,MEDIUM,Suggest alternative payment method,Customer notification,0
TXN03848,CUST1125,8265.89,Wallet,Food,54,14,6,Timeout,2,43.3,0,2,0,0.0,0.42058111580954366,MEDIUM,Retry payment after short delay,Automatic retry,0
TXN04048,CUST1114,2571.28,Card,Travel,40,12,5,Network Error,3,57.7,0,23,0,0.0,0.420291095808427,MEDIUM,Retry payment,Automatic retry,0
TXN01313,CUST1253,4576.8,Wallet,Travel,54,12,7,Insufficient Balance,3,16.9,0,15,1,4374.09,0.4202201930077236,MEDIUM,Ask customer to add funds or use another method,Customer notification,1
TXN02237,CUST0407,4376.69,UPI,Utilities,34,16,4,Insufficient Balance,2,21.6,0,19,0,0.0,0.4201561260929069,MEDIUM,Ask customer to add funds or use another method,Customer notification,0
TXN02896,CUST0401,2745.86,Wallet,Travel,19,14,6,Authentication Failed,2,5.8,0,22,0,0.0,0.4199121877891387,MEDIUM,Request customer authentication,Customer notification,0
TXN01659,CUST1356,9443.4,Wallet,Utilities,17,18,2,Insufficient Balance,2,23.1,1,20,0,0.0,0.41979473858504224,MEDIUM,Ask customer to add funds or use another method,Customer notification,0
TXN00514,CUST0516,8318.49,Card,Travel,21,3,0,Authentication Failed,1,23.8,0,6,0,0.0,0.41972424424244714,MEDIUM,Request customer authentication,Customer notification,0
TXN03087,CUST1096,6793.96,Wallet,Food,47,3,0,Timeout,3,10.4,1,10,0,0.0,0.41950479049717965,MEDIUM,Retry payment after short delay,Automatic retry,0
TXN04801,CUST0557,1107.37,Card,Shopping,2,16,4,Authentication Failed,1,57.6,0,11,0,0.0,0.4192730214110958,MEDIUM,Request customer authentication,Customer notification,0
TXN02096,CUST1083,9990.59,Net Banking,Entertainment,36,11,7,Network Error,2,57.4,1,9,0,0.0,0.419272434243756,MEDIUM,Retry payment,Automatic retry,0
TXN04994,CUST1474,7156.26,Wallet,Shopping,38,18,7,Authentication Failed,3,42.6,0,15,0,0.0,0.4192445447833274,MEDIUM,Request customer authentication,Customer notification,0
TXN02225,CUST1324,3352.85,Net Banking,Travel,51,8,3,Timeout,2,52.1,1,9,0,0.0,0.41918276805830623,MEDIUM,Retry payment after short delay,Automatic retry,0
TXN00321,CUST1399,6077.59,UPI,Utilities,55,12,6,Network Error,3,10.7,0,12,0,0.0,0.4191386606991037,MEDIUM,Retry payment,Automatic retry,0
TXN01053,CUST0321,7023.46,UPI,Food,28,8,6,Network Error,3,16.1,0,10,0,0.0,0.4189398058846115,MEDIUM,Retry payment,Automatic retry,0
TXN04694,CUST0674,5714.57,UPI,Travel,58,7,3,Bank Declined,1,7.8,0,0,0,0.0,0.4188078763291576,MEDIUM,Suggest alternative payment method,Customer notification,0
TXN02543,CUST1123,2808.07,Wallet,Shopping,17,9,1,Timeout,1,56.5,0,13,0,0.0,0.4186842230085665,MEDIUM,Retry payment after short delay,Automatic retry,0
TXN02186,CUST1368,347.34,Net Banking,Entertainment,46,13,3,Network Error,3,67.3,1,9,0,0.0,0.4186182994130552,MEDIUM,Retry payment,Automatic retry,0
TXN03695,CUST1089,5585.85,UPI,Shopping,10,7,2,Network Error,1,10.3,0,11,0,0.0,0.418579409878311,MEDIUM,Retry payment,Automatic retry,0
TXN00677,CUST0387,8414.22,Wallet,Utilities,47,5,2,Timeout,3,4.3,0,2,0,0.0,0.4185251762081242,MEDIUM,Retry payment after short delay,Automatic retry,0
TXN02098,CUST1185,1121.84,UPI,Food,56,11,4,Network Error,3,39.0,1,16,0,0.0,0.4184889475510134,MEDIUM,Retry payment,Automatic retry,0
TXN01742,CUST0675,4090.01,UPI,Shopping,45,11,2,Bank Declined,3,10.4,1,12,0,0.0,0.41842237904299395,MEDIUM,Suggest alternative payment method,Customer notification,0
TXN04614,CUST0303,1216.69,UPI,Food,53,13,5,Authentication Failed,3,26.4,0,9,0,0.0,0.41841421937677714,MEDIUM,Request customer authentication,Customer notification,0
TXN01431,CUST0794,8265.59,Wallet,Entertainment,54,5,4,Authentication Failed,3,33.7,0,14,1,7844.42,0.4184118151299004,MEDIUM,Request customer authentication,Customer notification,1
TXN03496,CUST1404,1673.36,Wallet,Entertainment,59,10,5,Network Error,2,58.1,1,23,0,0.0,0.41818567673845064,MEDIUM,Retry payment,Automatic retry,0
TXN00529,CUST1292,3205.69,Card,Food,9,19,2,Insufficient Balance,2,50.7,1,9,0,0.0,0.4181000265800434,MEDIUM,Ask customer to add funds or use another method,Customer notification,0
TXN03661,CUST0840,6576.88,Card,Food,55,1,1,Timeout,3,42.7,1,9,0,0.0,0.4178608686476808,MEDIUM,Retry payment after short delay,Automatic retry,0
TXN01397,CUST0042,1270.4,Net Banking,Shopping,47,6,4,Authentication Failed,2,18.0,0,12,0,0.0,0.417803268398323,MEDIUM,Request customer authentication,Customer notification,0
TXN01280,CUST1199,3184.56,Net Banking,Utilities,19,14,1,Insufficient Balance,1,33.4,0,4,0,0.0,0.4176966420625906,MEDIUM,Ask customer to add funds or use another method,Customer notification,0
TXN03903,CUST0398,1512.28,Wallet,Food,52,7,0,Network Error,3,5.3,0,3,0,0.0,0.41755849346262996,MEDIUM,Retry payment,Automatic retry,0
TXN02428,CUST0149,1540.62,Wallet,Travel,11,14,2,Network Error,3,48.6,0,14,0,0.0,0.417552375507674,MEDIUM,Retry payment,Automatic retry,0
TXN02972,CUST1094,3062.56,UPI,Shopping,46,17,7,Authentication Failed,3,0.6,0,13,0,0.0,0.4172527001927969,MEDIUM,Request customer authentication,Customer notification,0
TXN00739,CUST1169,8924.05,Card,Utilities,22,11,6,Timeout,1,59.1,0,23,0,0.0,0.4172154772126933,MEDIUM,Retry payment after short delay,Automatic retry,0
TXN01960,CUST0122,1400.98,Wallet,Food,34,7,7,Network Error,2,23.7,0,10,0,0.0,0.41714413463895333,MEDIUM,Retry payment,Automatic retry,0
TXN03790,CUST0850,5509.27,Wallet,Utilities,39,14,1,Authentication Failed,3,53.0,1,19,0,0.0,0.41700130040824845,MEDIUM,Request customer authentication,Customer notification,0
TXN00921,CUST0625,4835.52,UPI,Food,52,10,3,Authentication Failed,3,41.2,0,15,0,0.0,0.41692042226930537,MEDIUM,Request customer authentication,Customer notification,0
TXN02422,CUST1128,6357.99,Net Banking,Travel,54,4,1,Network Error,3,36.6,0,19,0,0.0,0.4166977701937642,MEDIUM,Retry payment,Automatic retry,0
TXN01493,CUST0976,4925.11,Wallet,Utilities,58,19,4,Bank Declined,3,52.3,1,21,0,0.0,0.4164751582407563,MEDIUM,Suggest alternative payment method,Customer notification,0
TXN00293,CUST0254,2802.2,Net Banking,Shopping,45,2,6,Network Error,1,23.9,1,17,0,0.0,0.4164718389199081,MEDIUM,Retry payment,Automatic retry,0
TXN01605,CUST0710,1919.47,Wallet,Utilities,56,18,7,Network Error,3,41.9,0,12,0,0.0,0.4164106509760993,MEDIUM,Retry payment,Automatic retry,0
TXN01487,CUST1342,639.67,UPI,Shopping,23,1,5,Insufficient Balance,3,25.4,0,15,1,633.59,0.4162591267415918,MEDIUM,Ask customer to add funds or use another method,Customer notification,1
TXN03880,CUST1052,6107.58,UPI,Utilities,49,20,3,Bank Declined,2,54.7,0,1,0,0.0,0.4157102110547818,MEDIUM,Suggest alternative payment method,Customer notification,0
TXN01573,CUST0697,8293.98,Wallet,Food,47,0,0,Network Error,3,32.8,1,12,0,0.0,0.41556303246595716,MEDIUM,Retry payment,Automatic retry,0
TXN02709,CUST0351,1042.96,Wallet,Food,10,12,4,Network Error,2,57.5,0,9,0,0.0,0.4155318123955847,MEDIUM,Retry payment,Automatic retry,0
TXN01265,CUST0723,4567.54,Net Banking,Travel,9,9,0,Timeout,1,56.5,0,3,0,0.0,0.41540498352940847,MEDIUM,Retry payment after short delay,Automatic retry,0
TXN04060,CUST1414,5085.84,UPI,Travel,17,18,2,Insufficient Balance,2,21.3,0,3,0,0.0,0.4148224756949926,MEDIUM,Ask customer to add funds or use another method,Customer notification,0
TXN02937,CUST1337,6806.89,Net Banking,Utilities,13,18,6,Insufficient Balance,1,47.2,0,8,0,0.0,0.4147408200237371,MEDIUM,Ask customer to add funds or use another method,Customer notification,0
TXN00364,CUST0191,5656.43,UPI,Travel,54,4,1,Timeout,2,55.9,0,11,0,0.0,0.4145229122765044,MEDIUM,Retry payment after short delay,Automatic retry,0
TXN03082,CUST0508,5417.13,Net Banking,Shopping,1,14,5,Network Error,3,66.4,0,0,0,0.0,0.4143797707806381,MEDIUM,Retry payment,Automatic retry,0
TXN03900,CUST0558,9227.68,UPI,Entertainment,57,12,3,Network Error,3,40.3,1,6,0,0.0,0.4143609288650233,MEDIUM,Retry payment,Automatic retry,0
TXN00672,CUST0456,5960.97,Wallet,Shopping,8,7,3,Timeout,2,22.1,1,3,0,0.0,0.41429186999168754,MEDIUM,Retry payment after short delay,Automatic retry,0
TXN00927,CUST0726,8388.65,Card,Utilities,31,9,4,Timeout,2,47.6,1,19,0,0.0,0.4142535118753535,MEDIUM,Retry payment after short delay,Automatic retry,0
TXN00216,CUST0855,4809.31,Card,Shopping,53,12,7,Authentication Failed,3,11.4,0,12,0,0.0,0.4138903828464748,MEDIUM,Request customer authentication,Customer notification,0
TXN02914,CUST0710,1835.81,Wallet,Utilities,50,4,1,Timeout,2,32.6,0,2,0,0.0,0.4138727708139456,MEDIUM,Retry payment after short delay,Automatic retry,0
TXN02380,CUST0149,7302.02,Card,Utilities,48,7,4,Network Error,3,3.7,0,8,0,0.0,0.4138667777353232,MEDIUM,Retry payment,Automatic retry,0
TXN00147,CUST0207,8017.21,Net Banking,Shopping,37,9,6,Bank Declined,3,35.1,0,7,1,7775.78,0.4138414826540043,MEDIUM,Suggest alternative payment method,Customer notification,1
TXN00503,CUST0023,4478.3,Net Banking,Utilities,57,9,7,Network Error,2,16.0,0,9,0,0.0,0.41382367674179393,MEDIUM,Retry payment,Automatic retry,0
TXN04330,CUST0283,7900.52,Card,Food,42,11,1,Insufficient Balance,2,12.9,0,12,0,0.0,0.41360797374978253,MEDIUM,Ask customer to add funds or use another method,Customer notification,0
TXN04103,CUST1179,2994.91,UPI,Food,23,8,4,Network Error,1,42.5,0,18,0,0.0,0.41353732860169773,MEDIUM,Retry payment,Automatic retry,0
TXN00900,CUST0346,1973.91,Wallet,Food,57,18,7,Bank Declined,1,23.1,1,21,0,0.0,0.4132051352073147,MEDIUM,Suggest alternative payment method,Customer notification,0
TXN02752,CUST0598,2642.62,Net Banking,Entertainment,39,15,6,Authentication Failed,3,42.9,1,3,0,0.0,0.41303055866227295,MEDIUM,Request customer authentication,Customer notification,0
TXN02887,CUST1137,4320.35,Wallet,Entertainment,10,14,5,Authentication Failed,3,27.5,0,18,0,0.0,0.4126962820456472,MEDIUM,Request customer authentication,Customer notification,0
TXN02658,CUST1459,9179.06,Net Banking,Travel,33,2,1,Bank Declined,1,17.2,1,10,0,0.0,0.4126733116752755,MEDIUM,Suggest alternative payment method,Customer notification,0
TXN00829,CUST0853,4628.69,UPI,Travel,41,7,1,Insufficient Balance,1,21.6,1,12,0,0.0,0.4124979777676313,MEDIUM,Ask customer to add funds or use another method,Customer notification,0
TXN01309,CUST0328,7527.58,UPI,Shopping,48,14,7,Timeout,3,14.2,0,5,0,0.0,0.4124419761178988,MEDIUM,Retry payment after short delay,Automatic retry,0
TXN04402,CUST1416,4763.73,UPI,Shopping,12,7,0,Timeout,2,31.2,0,13,0,0.0,0.4124160450873617,MEDIUM,Retry payment after short delay,Automatic retry,0
TXN01701,CUST0353,204.46,Wallet,Food,20,16,6,Authentication Failed,2,65.1,0,15,0,0.0,0.412292828513703,MEDIUM,Request customer authentication,Customer notification,0
TXN04887,CUST0791,7145.65,Card,Shopping,35,9,6,Authentication Failed,2,27.8,0,4,0,0.0,0.41227205827175084,MEDIUM,Request customer authentication,Customer notification,0
TXN00541,CUST0727,2025.03,Card,Shopping,36,1,4,Network Error,1,12.6,1,3,0,0.0,0.41221233928106743,MEDIUM,Retry payment,Automatic retry,0
TXN03288,CUST1086,5793.2,UPI,Food,9,9,6,Authentication Failed,2,45.0,0,0,1,5324.52,0.4117715339092476,MEDIUM,Request customer authentication,Customer notification,1
TXN01067,CUST0588,4213.59,Wallet,Travel,37,6,0,Bank Declined,1,41.8,1,1,0,0.0,0.4115588602636377,MEDIUM,Suggest alternative payment method,Customer notification,0
TXN04685,CUST0235,6823.67,Card,Entertainment,33,3,1,Bank Declined,2,17.3,0,14,0,0.0,0.41153266406526207,MEDIUM,Suggest alternative payment method,Customer notification,0
TXN01886,CUST0214,7119.11,UPI,Food,3,14,4,Timeout,3,25.4,0,2,0,0.0,0.4114622852166556,MEDIUM,Retry payment after short delay,Automatic retry,0
TXN02484,CUST0931,4355.46,Card,Travel,60,11,2,Insufficient Balance,1,19.5,0,4,0,0.0,0.4114101991064962,MEDIUM,Ask customer to add funds or use another method,Customer notification,0
TXN01048,CUST0261,784.62,Net Banking,Food,53,18,2,Insufficient Balance,2,15.8,1,1,0,0.0,0.4110152698608441,MEDIUM,Ask customer to add funds or use another method,Customer notification,0
TXN02478,CUST0073,3882.33,Net Banking,Utilities,21,19,4,Bank Declined,3,29.7,0,15,0,0.0,0.41048056249012427,MEDIUM,Suggest alternative payment method,Customer notification,0
TXN04875,CUST0716,6435.57,UPI,Shopping,33,2,1,Timeout,2,34.9,0,3,0,0.0,0.41029244398620074,MEDIUM,Retry payment after short delay,Automatic retry,0
TXN03110,CUST1153,6752.56,Card,Utilities,13,5,0,Authentication Failed,2,6.3,1,22,0,0.0,0.4101761007969616,MEDIUM,Request customer authentication,Customer notification,0
TXN04888,CUST0658,2188.18,UPI,Shopping,25,8,4,Authentication Failed,2,10.3,0,5,0,0.0,0.4099074903503295,MEDIUM,Request customer authentication,Customer notification,0
TXN04508,CUST0073,9053.37,Card,Food,38,2,4,Timeout,1,27.4,0,4,0,0.0,0.4098902093278929,MEDIUM,Retry payment after short delay,Automatic retry,0
TXN00005,CUST1131,6367.42,Net Banking,Entertainment,27,20,4,Insufficient Balance,2,50.1,1,21,0,0.0,0.4098369438533043,MEDIUM,Ask customer to add funds or use another method,Customer notification,0
TXN03080,CUST0268,7497.64,UPI,Shopping,54,8,4,Network Error,3,2.1,0,2,0,0.0,0.4097860110449524,MEDIUM,Retry payment,Automatic retry,0
TXN04263,CUST0869,7141.53,Card,Food,56,6,0,Bank Declined,3,20.0,0,5,0,0.0,0.40969416960575444,MEDIUM,Suggest alternative payment method,Customer notification,0
TXN01212,CUST1161,6419.67,Card,Travel,25,10,6,Timeout,2,71.2,0,12,0,0.0,0.4094004782188482,MEDIUM,Retry payment after short delay,Automatic retry,0
TXN03815,CUST1476,8348.78,UPI,Entertainment,36,6,3,Network Error,2,45.2,1,10,0,0.0,0.4093990295285445,MEDIUM,Retry payment,Automatic retry,0
TXN04592,CUST0088,8234.33,Net Banking,Entertainment,18,6,6,Authentication Failed,1,9.0,0,22,0,0.0,0.4093695745891873,MEDIUM,Request customer authentication,Customer notification,0
TXN03650,CUST0903,5289.13,UPI,Entertainment,7,11,3,Timeout,2,65.2,0,17,0,0.0,0.4092784856735079,MEDIUM,Retry payment after short delay,Automatic retry,0
TXN04877,CUST0300,9463.27,Net Banking,Shopping,28,1,5,Timeout,2,51.6,0,8,1,8888.93,0.4090462452762814,MEDIUM,Retry payment after short delay,Automatic retry,1
TXN04281,CUST0167,1507.19,Wallet,Utilities,57,12,6,Timeout,3,34.6,1,22,0,0.0,0.40857713990804123,MEDIUM,Retry payment after short delay,Automatic retry,0
TXN02952,CUST1366,8348.6,Net Banking,Shopping,3,17,7,Authentication Failed,2,21.6,0,19,0,0.0,0.4085432513217435,MEDIUM,Request customer authentication,Customer notification,0
TXN04799,CUST0834,2607.2,Net Banking,Utilities,26,13,6,Authentication Failed,1,68.8,0,19,0,0.0,0.40834200089129263,MEDIUM,Request customer authentication,Customer notification,0
TXN04561,CUST0295,2994.67,Wallet,Entertainment,5,12,4,Authentication Failed,3,18.5,0,8,0,0.0,0.4083323643097905,MEDIUM,Request customer authentication,Customer notification,0
TXN03919,CUST0230,6820.0,UPI,Shopping,48,11,2,Bank Declined,1,44.9,0,1,0,0.0,0.4081452048283237,MEDIUM,Suggest alternative payment method,Customer notification,0
TXN00236,CUST0982,7756.47,Wallet,Travel,32,10,0,Bank Declined,2,1.2,0,4,0,0.0,0.40806805346900094,MEDIUM,Suggest alternative payment method,Customer notification,0
TXN04661,CUST0895,7507.51,Card,Entertainment,34,11,2,Bank Declined,1,33.1,0,16,0,0.0,0.4079308581975382,MEDIUM,Suggest alternative payment method,Customer notification,0
TXN01713,CUST0007,3230.53,Wallet,Food,4,14,7,Network Error,2,47.9,0,2,0,0.0,0.4079178352580863,MEDIUM,Retry payment,Automatic retry,0
TXN01022,CUST0715,4650.48,Wallet,Utilities,40,14,5,Timeout,3,43.2,0,9,0,0.0,0.4077104157376184,MEDIUM,Retry payment after short delay,Automatic retry,0
TXN02766,CUST1431,5264.95,Wallet,Food,30,9,2,Bank Declined,1,35.0,0,10,0,0.0,0.4072278310536912,MEDIUM,Suggest alternative payment method,Customer notification,0
TXN01047,CUST0010,2323.56,Net Banking,Entertainment,34,7,3,Network Error,1,59.3,0,3,0,0.0,0.40674389464578375,MEDIUM,Retry payment,Automatic retry,0
TXN00472,CUST0704,2230.52,Card,Entertainment,50,1,3,Bank Declined,1,59.4,0,15,1,2124.68,0.40670985676911386,MEDIUM,Suggest alternative payment method,Customer notification,1
TXN01832,CUST0792,6543.25,UPI,Entertainment,20,4,4,Timeout,1,19.7,0,8,0,0.0,0.4066532163632649,MEDIUM,Retry payment after short delay,Automatic retry,0
TXN04115,CUST0129,5055.75,Net Banking,Shopping,51,15,4,Bank Declined,2,61.4,1,5,0,0.0,0.40621422703472815,MEDIUM,Suggest alternative payment method,Customer notification,0
TXN04317,CUST0674,5242.04,Card,Travel,32,5,6,Network Error,2,22.2,0,7,0,0.0,0.40602581444037256,MEDIUM,Retry payment,Automatic retry,0
TXN02612,CUST1446,1997.55,UPI,Utilities,6,8,4,Authentication Failed,1,27.4,0,21,0,0.0,0.4055274164611917,MEDIUM,Request customer authentication,Customer notification,0
TXN02427,CUST0286,7489.56,UPI,Utilities,36,10,2,Authentication Failed,3,44.8,1,1,0,0.0,0.4053924320665228,MEDIUM,Request customer authentication,Customer notification,0
TXN01529,CUST0995,1150.64,Wallet,Entertainment,16,7,4,Timeout,1,9.6,0,7,0,0.0,0.40514327852259696,MEDIUM,Retry payment after short delay,Automatic retry,0
TXN04002,CUST1126,448.23,Net Banking,Food,20,10,5,Authentication Failed,2,14.4,0,10,0,0.0,0.40504575487255634,MEDIUM,Request customer authentication,Customer notification,0
TXN01903,CUST0801,6289.64,Card,Shopping,33,17,4,Insufficient Balance,3,18.8,0,11,0,0.0,0.40495441095164497,MEDIUM,Ask customer to add funds or use another method,Customer notification,0
TXN01991,CUST0516,4110.57,UPI,Shopping,60,14,6,Insufficient Balance,1,16.9,0,19,0,0.0,0.40481726504927984,MEDIUM,Ask customer to add funds or use another method,Customer notification,0
TXN01885,CUST0779,8254.09,Net Banking,Shopping,49,11,2,Bank Declined,1,39.1,0,11,0,0.0,0.40435099525912327,MEDIUM,Suggest alternative payment method,Customer notification,0
TXN04831,CUST1433,4853.25,Net Banking,Entertainment,33,4,7,Authentication Failed,1,52.9,0,21,1,4375.08,0.40378684917533614,MEDIUM,Request customer authentication,Customer notification,1
TXN02092,CUST0119,5041.95,UPI,Entertainment,36,1,0,Timeout,1,37.8,0,3,0,0.0,0.4035328240766905,MEDIUM,Retry payment after short delay,Automatic retry,0
TXN01296,CUST0162,7255.57,UPI,Entertainment,35,17,2,Insufficient Balance,2,49.8,0,22,0,0.0,0.4033011777127646,MEDIUM,Ask customer to add funds or use another method,Customer notification,0
TXN00660,CUST0167,6265.05,UPI,Entertainment,55,17,3,Insufficient Balance,2,65.8,0,15,0,0.0,0.4031765575407434,MEDIUM,Ask customer to add funds or use another method,Customer notification,0
TXN00185,CUST0633,2601.2,UPI,Travel,57,9,1,Network Error,2,64.6,0,7,0,0.0,0.40305524111825347,MEDIUM,Retry payment,Automatic retry,0
TXN01063,CUST0334,703.19,Card,Food,32,8,4,Timeout,3,30.3,1,5,0,0.0,0.4030475232854704,MEDIUM,Retry payment after short delay,Automatic retry,0
TXN02000,CUST0420,4014.64,Wallet,Entertainment,33,7,1,Authentication Failed,2,42.5,0,12,0,0.0,0.4027066711291596,MEDIUM,Request customer authentication,Customer notification,0
TXN02563,CUST0124,8210.42,UPI,Utilities,18,7,7,Timeout,1,3.3,0,6,0,0.0,0.40238762900606984,MEDIUM,Retry payment after short delay,Automatic retry,0
TXN00402,CUST0400,858.03,Net Banking,Shopping,15,16,7,Authentication Failed,3,22.2,0,7,0,0.0,0.40226776402006176,MEDIUM,Request customer authentication,Customer notification,0
TXN03402,CUST0957,2959.51,Wallet,Shopping,51,19,2,Bank Declined,3,47.4,0,22,0,0.0,0.40209194168011186,MEDIUM,Suggest alternative payment method,Customer notification,0
TXN04915,CUST1364,8357.97,Wallet,Food,22,18,1,Bank Declined,2,57.4,0,4,0,0.0,0.40157241283759765,MEDIUM,Suggest alternative payment method,Customer notification,0
TXN00918,CUST0804,1729.82,UPI,Shopping,9,12,0,Network Error,3,44.3,0,22,0,0.0,0.40157116346406385,MEDIUM,Retry payment,Automatic retry,0
TXN03850,CUST0871,9283.98,Net Banking,Food,32,16,7,Timeout,2,46.4,0,14,0,0.0,0.4015408037766608,MEDIUM,Retry payment after short delay,Automatic retry,0
TXN03657,CUST0941,527.39,Wallet,Travel,42,19,2,Bank Declined,1,60.4,0,5,0,0.0,0.4015272930027801,MEDIUM,Suggest alternative payment method,Customer notification,0
TXN03536,CUST1179,6462.02,UPI,Utilities,12,9,2,Authentication Failed,1,55.5,0,8,0,0.0,0.401310723968055,MEDIUM,Request customer authentication,Customer notification,0
TXN02918,CUST0547,4523.16,Card,Entertainment,39,17,5,Insufficient Balance,3,17.3,0,11,0,0.0,0.40114049584527456,MEDIUM,Ask customer to add funds or use another method,Customer notification,0
TXN03799,CUST1120,1513.96,Card,Food,55,7,5,Authentication Failed,2,24.8,1,10,0,0.0,0.40106483077876054,MEDIUM,Request customer authentication,Customer notification,0
TXN02194,CUST0917,7555.88,Wallet,Shopping,42,8,0,Authentication Failed,3,26.9,0,6,0,0.0,0.40102960330051396,MEDIUM,Request customer authentication,Customer notification,0
TXN01839,CUST1333,194.48,Net Banking,Shopping,42,16,7,Timeout,3,16.3,1,2,0,0.0,0.40092395226003597,MEDIUM,Retry payment after short delay,Automatic retry,0
TXN04736,CUST1293,2479.09,Card,Shopping,34,15,4,Authentication Failed,3,43.2,0,23,0,0.0,0.40087137902438164,MEDIUM,Request customer authentication,Customer notification,0
TXN04314,CUST0078,4513.21,Card,Utilities,37,14,6,Authentication Failed,2,39.4,0,22,0,0.0,0.40076812846666515,MEDIUM,Request customer authentication,Customer notification,0
TXN03056,CUST1405,2458.27,Wallet,Utilities,3,18,1,Insufficient Balance,2,29.1,0,15,0,0.0,0.4002051230115273,MEDIUM,Ask customer to add funds or use another method,Customer notification,0
TXN03802,CUST1367,7561.44,Wallet,Shopping,22,18,4,Insufficient Balance,1,60.3,0,0,0,0.0,0.400172231153897,MEDIUM,Ask customer to add funds or use another method,Customer notification,0
TXN01045,CUST0902,2068.26,Card,Shopping,60,11,2,Authentication Failed,3,57.7,1,18,0,0.0,0.4000630444110885,MEDIUM,Request customer authentication,Customer notification,0
TXN01077,CUST1315,7172.7,Wallet,Food,9,12,2,Network Error,3,58.3,0,23,0,0.0,0.39960465761149594,MEDIUM,Retry payment,Automatic retry,0
TXN02075,CUST0687,4605.25,Net Banking,Travel,15,5,1,Network Error,2,20.3,0,6,0,0.0,0.3995857537137936,MEDIUM,Retry payment,Automatic retry,0
TXN04621,CUST1468,6463.46,Wallet,Shopping,48,16,1,Insufficient Balance,2,1.6,0,8,0,0.0,0.3995500772592953,MEDIUM,Ask customer to add funds or use another method,Customer notification,0
TXN03059,CUST0058,8924.01,Card,Food,40,4,1,Authentication Failed,3,10.6,0,13,0,0.0,0.3995270925963059,MEDIUM,Request customer authentication,Customer notification,0
TXN03157,CUST0725,4880.5,Wallet,Entertainment,34,17,0,Bank Declined,2,61.8,0,15,0,0.0,0.3995064036229688,MEDIUM,Suggest alternative payment method,Customer notification,0
TXN03571,CUST0821,1102.63,UPI,Travel,38,3,0,Bank Declined,2,20.8,0,3,0,0.0,0.39942671499867005,MEDIUM,Suggest alternative payment method,Customer notification,0
TXN02083,CUST0957,483.69,Card,Entertainment,30,12,4,Authentication Failed,2,69.1,0,11,0,0.0,0.39932318859724136,MEDIUM,Request customer authentication,Customer notification,0
TXN02024,CUST1322,4499.52,Wallet,Entertainment,11,10,2,Authentication Failed,3,18.1,1,23,0,0.0,0.3992189119039027,MEDIUM,Request customer authentication,Customer notification,0
TXN04570,CUST0770,8228.68,UPI,Shopping,27,2,2,Timeout,1,7.8,0,13,0,0.0,0.3990907360498373,MEDIUM,Retry payment after short delay,Automatic retry,0
TXN01914,CUST0994,2210.11,Card,Shopping,41,14,5,Timeout,3,53.2,0,19,0,0.0,0.3990424860974771,MEDIUM,Retry payment after short delay,Automatic retry,0
TXN02781,CUST1391,5700.85,UPI,Entertainment,6,11,7,Timeout,1,45.6,0,1,0,0.0,0.3984642348109935,MEDIUM,Retry payment after short delay,Automatic retry,0
TXN04535,CUST0963,2666.23,Card,Utilities,44,9,2,Timeout,1,70.3,0,2,0,0.0,0.3981730375541918,MEDIUM,Retry payment after short delay,Automatic retry,0
TXN02736,CUST0497,3756.97,Card,Shopping,34,5,0,Network Error,2,48.7,0,19,0,0.0,0.39790167640225,MEDIUM,Retry payment,Automatic retry,0
TXN01826,CUST0570,715.83,Wallet,Food,27,4,4,Timeout,2,14.7,0,11,0,0.0,0.39746181573785416,MEDIUM,Retry payment after short delay,Automatic retry,0
TXN01695,CUST1286,7542.53,UPI,Entertainment,42,19,5,Bank Declined,3,60.8,0,16,0,0.0,0.3973741552912566,MEDIUM,Suggest alternative payment method,Customer notification,0
TXN03882,CUST0940,3275.26,Card,Entertainment,44,5,2,Network Error,3,11.9,0,16,0,0.0,0.39722498559193115,MEDIUM,Retry payment,Automatic retry,0
TXN03611,CUST0164,7973.35,Net Banking,Travel,11,7,1,Bank Declined,1,13.4,0,23,0,0.0,0.39709385168964934,MEDIUM,Suggest alternative payment method,Customer notification,0
TXN02688,CUST0921,8666.42,Wallet,Shopping,5,19,7,Authentication Failed,2,41.0,0,0,0,0.0,0.39673118120720846,MEDIUM,Request customer authentication,Customer notification,0
TXN02425,CUST0364,2076.33,UPI,Shopping,34,6,2,Timeout,3,12.7,0,8,0,0.0,0.39671837986458364,MEDIUM,Retry payment after short delay,Automatic retry,0
TXN00643,CUST1189,4694.26,Card,Utilities,19,12,1,Bank Declined,2,45.5,1,6,0,0.0,0.3967156826649716,MEDIUM,Suggest alternative payment method,Customer notification,0
TXN03023,CUST1136,9820.78,Card,Utilities,17,11,4,Network Error,2,19.0,0,1,0,0.0,0.39633815995312816,MEDIUM,Retry payment,Automatic retry,0
TXN02808,CUST0932,4210.04,Card,Utilities,31,14,2,Bank Declined,2,40.5,0,18,0,0.0,0.3960855382419357,MEDIUM,Suggest alternative payment method,Customer notification,0
TXN02327,CUST1250,9533.06,Wallet,Shopping,52,3,3,Timeout,1,64.9,1,7,0,0.0,0.3958360066374596,MEDIUM,Retry payment after short delay,Automatic retry,0
TXN03125,CUST1153,6117.84,Net Banking,Shopping,43,5,7,Bank Declined,1,49.5,0,20,1,6019.14,0.3957891143528505,MEDIUM,Suggest alternative payment method,Customer notification,1
TXN00781,CUST0823,2790.69,UPI,Travel,38,4,4,Bank Declined,3,5.9,0,9,1,2767.18,0.39578855602981217,MEDIUM,Suggest alternative payment method,Customer notification,1
TXN04613,CUST0621,4446.51,Wallet,Utilities,32,1,1,Network Error,3,11.4,1,4,0,0.0,0.39577351685254925,MEDIUM,Retry payment,Automatic retry,0
TXN00056,CUST0014,2538.23,Card,Utilities,27,7,0,Timeout,3,39.7,1,1,0,0.0,0.39576191425724916,MEDIUM,Retry payment after short delay,Automatic retry,0
TXN03592,CUST1135,128.83,Net Banking,Travel,36,2,0,Timeout,2,31.4,0,16,0,0.0,0.39554202921889464,MEDIUM,Retry payment after short delay,Automatic retry,0
TXN04500,CUST1443,3578.65,UPI,Entertainment,22,5,4,Network Error,1,23.6,0,20,0,0.0,0.39546497755567356,MEDIUM,Retry payment,Automatic retry,0
TXN01938,CUST0459,3424.85,Card,Entertainment,5,20,4,Bank Declined,3,12.7,0,4,0,0.0,0.39541799337911415,MEDIUM,Suggest alternative payment method,Customer notification,0
TXN03271,CUST1400,2520.95,Card,Utilities,50,20,7,Bank Declined,1,23.9,0,20,0,0.0,0.3952632742946676,MEDIUM,Suggest alternative payment method,Customer notification,0
TXN03707,CUST0547,559.39,Net Banking,Food,51,16,0,Insufficient Balance,2,15.5,1,19,0,0.0,0.3951608834999829,MEDIUM,Ask customer to add funds or use another method,Customer notification,0
TXN01448,CUST0406,5221.21,Card,Food,54,8,3,Network Error,3,33.5,0,2,0,0.0,0.3951033067947867,MEDIUM,Retry payment,Automatic retry,0
TXN02733,CUST0122,3095.97,UPI,Utilities,43,20,7,Bank Declined,1,41.0,0,15,0,0.0,0.3950165256255515,MEDIUM,Suggest alternative payment method,Customer notification,0
TXN00411,CUST0854,9288.21,Wallet,Shopping,14,16,1,Network Error,3,66.1,0,14,0,0.0,0.3948380885890841,MEDIUM,Retry payment,Automatic retry,0
TXN03618,CUST0395,4689.16,Wallet,Entertainment,10,8,2,Network Error,1,53.9,0,7,0,0.0,0.39480825519287344,MEDIUM,Retry payment,Automatic retry,0
TXN00509,CUST0762,618.67,UPI,Shopping,31,2,3,Authentication Failed,2,15.0,0,10,0,0.0,0.3946446826930275,MEDIUM,Request customer authentication,Customer notification,0
TXN01973,CUST0312,1812.94,UPI,Travel,59,5,6,Timeout,2,3.4,1,6,0,0.0,0.394220255561548,MEDIUM,Retry payment after short delay,Automatic retry,0
TXN01142,CUST1181,8057.18,Net Banking,Shopping,21,13,2,Insufficient Balance,1,64.2,0,1,0,0.0,0.3941257480022091,MEDIUM,Ask customer to add funds or use another method,Customer notification,0
TXN03047,CUST0884,9707.34,Card,Food,26,12,7,Network Error,2,69.9,0,0,0,0.0,0.394019041861263,MEDIUM,Retry payment,Automatic retry,0
TXN03582,CUST0383,8952.4,UPI,Travel,25,9,2,Authentication Failed,2,62.4,1,6,0,0.0,0.3939453099262549,MEDIUM,Request customer authentication,Customer notification,0
TXN04874,CUST0734,9860.63,Card,Utilities,39,6,0,Bank Declined,2,3.0,0,4,0,0.0,0.3938808317845862,MEDIUM,Suggest alternative payment method,Customer notification,0
TXN03769,CUST1480,4957.87,Card,Travel,33,1,2,Timeout,1,34.8,0,13,0,0.0,0.39385114892036777,MEDIUM,Retry payment after short delay,Automatic retry,0
TXN04522,CUST1460,2516.23,Wallet,Travel,28,2,3,Timeout,2,11.2,0,9,0,0.0,0.39365093745017643,MEDIUM,Retry payment after short delay,Automatic retry,0
TXN01004,CUST0229,9620.0,Card,Utilities,56,10,5,Network Error,3,12.4,1,14,0,0.0,0.3935378853356608,MEDIUM,Retry payment,Automatic retry,0
TXN00441,CUST0823,7130.14,Card,Food,6,19,3,Bank Declined,3,51.8,0,14,0,0.0,0.39347734128048617,MEDIUM,Suggest alternative payment method,Customer notification,0
TXN03808,CUST0889,8272.04,Card,Food,52,9,3,Insufficient Balance,2,37.5,0,19,0,0.0,0.3934383289442408,MEDIUM,Ask customer to add funds or use another method,Customer notification,0
TXN04865,CUST0267,5185.67,Card,Utilities,48,3,0,Authentication Failed,2,28.1,0,5,0,0.0,0.39342003117267893,MEDIUM,Request customer authentication,Customer notification,0
TXN00965,CUST0067,6837.53,Wallet,Utilities,25,13,4,Bank Declined,2,0.9,0,4,0,0.0,0.3934085820710095,MEDIUM,Suggest alternative payment method,Customer notification,0
TXN03869,CUST1190,2641.14,Card,Utilities,32,13,2,Network Error,3,55.5,0,16,0,0.0,0.39323761241281063,MEDIUM,Retry payment,Automatic retry,0
TXN03012,CUST0954,2952.83,Wallet,Food,23,11,0,Bank Declined,3,24.6,1,9,0,0.0,0.39317133926206344,MEDIUM,Suggest alternative payment method,Customer notification,0
TXN00050,CUST0841,5981.42,UPI,Travel,43,11,0,Bank Declined,1,70.8,0,20,0,0.0,0.39314538460968235,MEDIUM,Suggest alternative payment method,Customer notification,0
TXN00162,CUST0541,7441.87,Wallet,Entertainment,18,19,4,Bank Declined,3,38.7,0,17,0,0.0,0.3931008584153949,MEDIUM,Suggest alternative payment method,Customer notification,0
TXN02165,CUST1185,3496.21,Wallet,Food,34,6,4,Timeout,2,9.0,0,23,0,0.0,0.3930549375131238,MEDIUM,Retry payment after short delay,Automatic retry,0
TXN01175,CUST0828,9042.16,Net Banking,Travel,58,2,1,Authentication Failed,1,18.1,0,18,0,0.0,0.39294030174198263,MEDIUM,Request customer authentication,Customer notification,0
TXN04920,CUST0769,8932.31,Wallet,Shopping,20,20,5,Bank Declined,1,40.3,0,20,0,0.0,0.39287830587300165,MEDIUM,Suggest alternative payment method,Customer notification,0
TXN02551,CUST0400,590.18,Wallet,Utilities,7,19,6,Bank Declined,1,3.6,0,15,0,0.0,0.3928446603300504,MEDIUM,Suggest alternative payment method,Customer notification,0
TXN04202,CUST0279,5614.37,UPI,Travel,22,2,0,Timeout,1,28.8,0,10,0,0.0,0.39263802993413477,MEDIUM,Retry payment after short delay,Automatic retry,0
TXN01244,CUST0666,6982.36,Net Banking,Travel,56,3,6,Authentication Failed,2,15.9,1,9,0,0.0,0.39254539350174644,MEDIUM,Request customer authentication,Customer notification,0
TXN02737,CUST0780,1679.45,Net Banking,Food,52,15,0,Bank Declined,3,54.6,1,23,0,0.0,0.39250490469631094,MEDIUM,Suggest alternative payment method,Customer notification,0
TXN04518,CUST0369,8281.89,Wallet,Travel,42,17,5,Insufficient Balance,2,10.6,1,9,0,0.0,0.39249025634963514,MEDIUM,Ask customer to add funds or use another method,Customer notification,0
TXN02497,CUST0822,2284.92,Card,Travel,55,6,7,Timeout,2,11.8,0,6,0,0.0,0.392272791448904,MEDIUM,Retry payment after short delay,Automatic retry,0
TXN02982,CUST0492,7993.63,UPI,Shopping,1,7,1,Network Error,2,6.7,0,21,0,0.0,0.3922400107985054,MEDIUM,Retry payment,Automatic retry,0
TXN00620,CUST1187,2610.48,Net Banking,Food,25,8,1,Bank Declined,1,33.0,0,18,0,0.0,0.39177010246017835,MEDIUM,Suggest alternative payment method,Customer notification,0
TXN03257,CUST0787,2910.39,Wallet,Travel,29,4,7,Timeout,3,36.3,0,9,1,2694.4,0.39164806647898215,MEDIUM,Retry payment after short delay,Automatic retry,1
TXN00840,CUST0798,8694.88,Net Banking,Utilities,56,5,4,Network Error,1,44.3,0,8,0,0.0,0.391610419117197,MEDIUM,Retry payment,Automatic retry,0
TXN02216,CUST0629,6925.23,Net Banking,Food,23,13,0,Bank Declined,3,36.0,0,0,0,0.0,0.3915937208309888,MEDIUM,Suggest alternative payment method,Customer notification,0
TXN02964,CUST0841,5532.92,Card,Shopping,25,11,6,Authentication Failed,3,45.5,1,14,0,0.0,0.3915283025170039,MEDIUM,Request customer authentication,Customer notification,0
TXN01398,CUST1380,4074.83,Card,Entertainment,40,12,7,Network Error,3,68.0,1,23,0,0.0,0.39144360538459294,MEDIUM,Retry payment,Automatic retry,0
TXN02057,CUST1034,120.56,Card,Utilities,31,3,1,Authentication Failed,3,6.1,1,11,0,0.0,0.3914135300150701,MEDIUM,Request customer authentication,Customer notification,0
TXN00492,CUST0453,4366.74,Net Banking,Food,30,11,7,Authentication Failed,2,48.2,0,12,1,4305.46,0.39130391579847074,MEDIUM,Request customer authentication,Customer notification,1
TXN02773,CUST0696,6849.68,Net Banking,Entertainment,55,6,1,Insufficient Balance,1,22.0,0,13,0,0.0,0.3912141194228825,MEDIUM,Ask customer to add funds or use another method,Customer notification,0
TXN03841,CUST0431,7659.67,Wallet,Shopping,58,8,0,Timeout,3,46.8,0,21,0,0.0,0.39117866401870816,MEDIUM,Retry payment after short delay,Automatic retry,0
TXN02617,CUST0625,5885.52,Wallet,Entertainment,53,10,1,Bank Declined,3,11.3,0,5,0,0.0,0.39114285689307765,MEDIUM,Suggest alternative payment method,Customer notification,0
TXN02329,CUST0631,6278.72,Wallet,Utilities,31,16,2,Insufficient Balance,3,2.3,1,9,0,0.0,0.39107168800200154,MEDIUM,Ask customer to add funds or use another method,Customer notification,0
TXN02799,CUST0302,1675.67,Wallet,Shopping,52,13,2,Network Error,3,69.4,0,6,0,0.0,0.39097488360468424,MEDIUM,Retry payment,Automatic retry,0
TXN00271,CUST0897,9138.02,Net Banking,Utilities,18,11,0,Authentication Failed,3,43.7,0,10,0,0.0,0.3909128160500222,MEDIUM,Request customer authentication,Customer notification,0
TXN00785,CUST0771,1623.8,UPI,Entertainment,30,7,5,Authentication Failed,2,19.1,0,6,0,0.0,0.3908568793241061,MEDIUM,Request customer authentication,Customer notification,0
TXN02796,CUST0473,5061.51,Card,Food,36,6,7,Authentication Failed,2,0.5,1,16,0,0.0,0.39084136550703946,MEDIUM,Request customer authentication,Customer notification,0
TXN00490,CUST0958,1992.21,Net Banking,Utilities,43,13,7,Network Error,3,23.0,0,2,0,0.0,0.39056755936227694,MEDIUM,Retry payment,Automatic retry,0
TXN03974,CUST0980,4394.4,UPI,Entertainment,43,8,0,Timeout,2,71.0,1,22,0,0.0,0.39048997930312557,MEDIUM,Retry payment after short delay,Automatic retry,0
TXN03613,CUST1115,4530.94,Net Banking,Travel,23,7,3,Authentication Failed,3,48.5,0,16,1,4302.08,0.38984613843335275,MEDIUM,Request customer authentication,Customer notification,1
TXN01612,CUST1086,1450.07,Card,Utilities,9,15,3,Timeout,3,52.2,0,4,0,0.0,0.3898351802527353,MEDIUM,Retry payment after short delay,Automatic retry,0
TXN00786,CUST1461,9772.61,Wallet,Shopping,13,19,4,Bank Declined,3,7.1,1,4,0,0.0,0.3896986290260698,MEDIUM,Suggest alternative payment method,Customer notification,0
TXN03376,CUST0602,6698.61,UPI,Shopping,30,6,3,Timeout,2,49.9,1,3,0,0.0,0.38966853782604227,MEDIUM,Retry payment after short delay,Automatic retry,0
TXN00020,CUST0344,638.47,Wallet,Utilities,36,2,0,Bank Declined,2,19.3,0,12,0,0.0,0.3892490844500751,MEDIUM,Suggest alternative payment method,Customer notification,0
TXN02272,CUST1375,2135.65,Net Banking,Shopping,42,8,5,Authentication Failed,2,20.2,0,18,0,0.0,0.38900854815866653,MEDIUM,Request customer authentication,Customer notification,0
TXN00580,CUST0062,3439.38,Wallet,Entertainment,4,19,0,Insufficient Balance,3,7.6,0,18,0,0.0,0.3885734889705173,MEDIUM,Ask customer to add funds or use another method,Customer notification,0
TXN03424,CUST0639,2338.9,Wallet,Travel,49,18,2,Insufficient Balance,2,27.9,0,21,0,0.0,0.38850717681881536,MEDIUM,Ask customer to add funds or use another method,Customer notification,0
TXN00835,CUST0764,2056.63,Card,Entertainment,10,18,4,Bank Declined,2,48.4,0,16,0,0.0,0.3880277376091129,MEDIUM,Suggest alternative payment method,Customer notification,0
TXN04640,CUST0097,7331.12,Card,Food,16,10,5,Authentication Failed,2,30.4,0,20,0,0.0,0.38800576201039194,MEDIUM,Request customer authentication,Customer notification,0
TXN03886,CUST0822,4086.44,UPI,Utilities,57,5,1,Authentication Failed,2,31.8,0,22,0,0.0,0.3878330421569472,MEDIUM,Request customer authentication,Customer notification,0
TXN02577,CUST0386,2144.69,Wallet,Travel,20,13,6,Network Error,3,66.5,0,3,0,0.0,0.3875581304756757,MEDIUM,Retry payment,Automatic retry,0
TXN03547,CUST0122,3324.45,UPI,Entertainment,60,3,3,Authentication Failed,1,36.2,0,3,0,0.0,0.38754116003431455,MEDIUM,Request customer authentication,Customer notification,0
TXN04904,CUST1402,1719.88,Card,Food,27,14,5,Network Error,3,65.7,0,2,0,0.0,0.38712425316972415,MEDIUM,Retry payment,Automatic retry,0
TXN02294,CUST1142,1732.85,Card,Food,30,12,3,Authentication Failed,3,50.7,0,4,0,0.0,0.3870540475190905,MEDIUM,Request customer authentication,Customer notification,0
TXN00233,CUST0280,2233.46,Net Banking,Utilities,39,7,5,Network Error,2,30.3,1,1,0,0.0,0.3870397317442349,MEDIUM,Retry payment,Automatic retry,0
TXN02243,CUST0399,2255.52,Card,Entertainment,43,0,2,Network Error,1,27.3,0,19,0,0.0,0.38696720923790734,MEDIUM,Retry payment,Automatic retry,0
TXN00272,CUST1328,3463.73,Card,Shopping,26,18,7,Authentication Failed,2,71.3,1,3,0,0.0,0.3868464354119166,MEDIUM,Request customer authentication,Customer notification,0
TXN00457,CUST1151,4042.46,Net Banking,Shopping,16,9,0,Insufficient Balance,1,33.8,0,19,0,0.0,0.3868435192354326,MEDIUM,Ask customer to add funds or use another method,Customer notification,0
TXN01088,CUST1066,8103.11,UPI,Travel,42,20,2,Insufficient Balance,3,70.0,0,7,0,0.0,0.3867931088163121,MEDIUM,Ask customer to add funds or use another method,Customer notification,0
TXN04353,CUST0451,3980.48,UPI,Shopping,44,8,0,Bank Declined,2,39.1,1,18,0,0.0,0.38672893008269377,MEDIUM,Suggest alternative payment method,Customer notification,0
TXN02383,CUST0067,3128.36,Wallet,Travel,22,14,6,Timeout,3,42.1,1,6,0,0.0,0.38655656648519093,MEDIUM,Retry payment after short delay,Automatic retry,0
TXN01869,CUST1088,9868.21,Card,Shopping,50,2,6,Network Error,3,26.4,1,8,0,0.0,0.3863176293272611,MEDIUM,Retry payment,Automatic retry,0
TXN03116,CUST0613,3016.57,UPI,Travel,42,9,0,Authentication Failed,3,64.4,1,8,0,0.0,0.3863101795577608,MEDIUM,Request customer authentication,Customer notification,0
TXN01247,CUST1073,1409.65,Net Banking,Entertainment,48,15,0,Network Error,3,69.7,0,1,0,0.0,0.38626899966236833,MEDIUM,Retry payment,Automatic retry,0
TXN03876,CUST0776,2713.73,Net Banking,Travel,40,10,1,Insufficient Balance,1,27.8,0,18,0,0.0,0.3859337641758179,MEDIUM,Ask customer to add funds or use another method,Customer notification,0
TXN01906,CUST0918,5744.8,UPI,Utilities,25,20,1,Insufficient Balance,2,61.8,1,2,0,0.0,0.38576666495576595,MEDIUM,Ask customer to add funds or use another method,Customer notification,0
TXN03331,CUST0348,6146.24,Net Banking,Shopping,34,7,1,Timeout,3,1.6,0,23,0,0.0,0.38566770725762595,MEDIUM,Retry payment after short delay,Automatic retry,0
TXN00955,CUST1255,5296.51,Card,Food,25,15,2,Bank Declined,2,49.8,0,6,0,0.0,0.385530814115578,MEDIUM,Suggest alternative payment method,Customer notification,0
TXN04629,CUST0153,197.48,Card,Utilities,11,13,2,Network Error,2,67.9,0,10,0,0.0,0.38549876571892,MEDIUM,Retry payment,Automatic retry,0
TXN01769,CUST0401,2466.24,Wallet,Utilities,51,15,7,Authentication Failed,3,6.9,0,0,0,0.0,0.3854725508941476,MEDIUM,Request customer authentication,Customer notification,0
TXN00080,CUST0402,5563.58,UPI,Entertainment,21,6,7,Network Error,3,18.4,1,2,0,0.0,0.38546125334827896,MEDIUM,Retry payment,Automatic retry,0
TXN04769,CUST0718,4408.78,Net Banking,Travel,16,12,2,Bank Declined,3,19.7,0,23,0,0.0,0.3853966623085533,MEDIUM,Suggest alternative payment method,Customer notification,0
TXN04520,CUST0151,8811.3,Wallet,Food,3,13,2,Insufficient Balance,3,57.3,0,17,0,0.0,0.38538100897061606,MEDIUM,Ask customer to add funds or use another method,Customer notification,0
TXN03309,CUST1089,8833.84,Wallet,Food,41,18,7,Bank Declined,1,58.3,1,9,0,0.0,0.3851881092701367,MEDIUM,Suggest alternative payment method,Customer notification,0
TXN00725,CUST1146,8141.36,UPI,Travel,29,3,3,Network Error,1,21.0,0,5,0,0.0,0.38503791872930565,MEDIUM,Retry payment,Automatic retry,0
TXN01541,CUST0039,4344.77,Card,Travel,19,16,5,Insufficient Balance,3,25.1,0,12,0,0.0,0.3848959682698613,MEDIUM,Ask customer to add funds or use another method,Customer notification,0
TXN02650,CUST0087,7337.0,Wallet,Travel,32,10,1,Authentication Failed,3,56.6,1,23,0,0.0,0.3846887085708674,MEDIUM,Request customer authentication,Customer notification,0
TXN04309,CUST0369,4503.08,UPI,Entertainment,16,10,6,Network Error,2,0.7,0,5,0,0.0,0.3846704801370246,MEDIUM,Retry payment,Automatic retry,0
TXN04898,CUST1246,4044.16,Net Banking,Utilities,33,8,3,Timeout,3,22.7,0,8,0,0.0,0.3844558024335054,MEDIUM,Retry payment after short delay,Automatic retry,0
TXN04759,CUST0632,7601.58,Net Banking,Food,25,1,4,Network Error,1,12.7,0,15,0,0.0,0.3844550997391984,MEDIUM,Retry payment,Automatic retry,0
TXN04346,CUST1046,6420.71,UPI,Utilities,7,5,2,Authentication Failed,2,1.7,0,15,0,0.0,0.3844136862377196,MEDIUM,Request customer authentication,Customer notification,0
TXN01875,CUST1390,9459.18,Net Banking,Utilities,32,14,3,Bank Declined,2,36.8,1,17,0,0.0,0.38428355759345595,MEDIUM,Suggest alternative payment method,Customer notification,0
TXN04839,CUST1338,1719.1,Card,Food,14,11,7,Network Error,1,56.1,0,18,0,0.0,0.3842521309200268,MEDIUM,Retry payment,Automatic retry,0
TXN04163,CUST0154,3115.3,UPI,Entertainment,3,15,6,Timeout,3,42.6,0,5,0,0.0,0.38419743942221624,MEDIUM,Retry payment after short delay,Automatic retry,0
TXN01352,CUST0471,7400.36,Net Banking,Entertainment,16,13,5,Authentication Failed,3,33.7,0,5,0,0.0,0.38402489695293585,MEDIUM,Request customer authentication,Customer notification,0
TXN03387,CUST0856,7502.24,Card,Food,17,5,4,Timeout,1,1.0,0,7,0,0.0,0.3839461846593714,MEDIUM,Retry payment after short delay,Automatic retry,0
TXN01668,CUST0984,6210.47,UPI,Shopping,13,8,5,Network Error,2,19.0,0,1,0,0.0,0.3838345797336162,MEDIUM,Retry payment,Automatic retry,0
TXN01708,CUST1194,1689.88,Card,Entertainment,7,10,6,Network Error,3,10.8,0,4,0,0.0,0.38365414548962684,MEDIUM,Retry payment,Automatic retry,0
TXN00599,CUST0144,1261.07,Card,Travel,6,8,0,Timeout,2,42.2,0,14,0,0.0,0.38361654240309334,MEDIUM,Retry payment after short delay,Automatic retry,0
TXN01401,CUST0034,1941.02,Wallet,Food,31,10,3,Insufficient Balance,3,25.2,0,11,1,1887.57,0.3836031895820814,MEDIUM,Ask customer to add funds or use another method,Customer notification,1
TXN04913,CUST0887,4419.38,Wallet,Travel,3,12,6,Bank Declined,1,29.8,0,15,0,0.0,0.3835887244217009,MEDIUM,Suggest alternative payment method,Customer notification,0
TXN04136,CUST0154,7096.51,Wallet,Food,13,15,6,Authentication Failed,3,62.8,1,20,0,0.0,0.3835739407239141,MEDIUM,Request customer authentication,Customer notification,0
TXN00373,CUST0566,369.78,Card,Travel,13,18,6,Bank Declined,3,10.1,0,7,0,0.0,0.3834941751491062,MEDIUM,Suggest alternative payment method,Customer notification,0
TXN01591,CUST0293,8234.25,Net Banking,Utilities,3,15,0,Insufficient Balance,2,43.8,0,6,0,0.0,0.38346665085905146,MEDIUM,Ask customer to add funds or use another method,Customer notification,0
TXN00004,CUST1295,6223.42,Net Banking,Shopping,3,14,2,Insufficient Balance,2,50.2,1,6,0,0.0,0.3832503465218162,MEDIUM,Ask customer to add funds or use another method,Customer notification,0
TXN03631,CUST0864,2498.7,Wallet,Entertainment,35,7,1,Bank Declined,2,17.1,0,15,0,0.0,0.3829766160055076,MEDIUM,Suggest alternative payment method,Customer notification,0
TXN02999,CUST1202,6691.99,UPI,Shopping,41,7,2,Insufficient Balance,1,37.8,1,2,0,0.0,0.382797771680126,MEDIUM,Ask customer to add funds or use another method,Customer notification,0
TXN00585,CUST0699,8763.67,Net Banking,Shopping,24,18,2,Bank Declined,1,70.3,1,3,0,0.0,0.3826782778326166,MEDIUM,Suggest alternative payment method,Customer notification,0
TXN04947,CUST0957,8313.72,UPI,Utilities,9,13,2,Insufficient Balance,2,24.1,0,11,0,0.0,0.3825414852281618,MEDIUM,Ask customer to add funds or use another method,Customer notification,0
TXN03527,CUST1412,8719.65,Net Banking,Shopping,51,8,4,Bank Declined,2,4.6,0,15,0,0.0,0.38236250026482116,MEDIUM,Suggest alternative payment method,Customer notification,0
TXN00910,CUST0239,774.28,Net Banking,Shopping,60,12,6,Network Error,2,46.2,0,6,0,0.0,0.3823010161987171,MEDIUM,Retry payment,Automatic retry,0
TXN02712,CUST0892,9936.42,UPI,Travel,53,18,2,Insufficient Balance,1,55.2,0,5,0,0.0,0.3822598814401178,MEDIUM,Ask customer to add funds or use another method,Customer notification,0
TXN01351,CUST0707,8097.87,Net Banking,Utilities,20,14,5,Authentication Failed,3,49.7,0,8,0,0.0,0.3822289003165902,MEDIUM,Request customer authentication,Customer notification,0
TXN04607,CUST0714,1112.42,Net Banking,Shopping,55,0,1,Network Error,3,8.9,0,16,0,0.0,0.38217094659374223,MEDIUM,Retry payment,Automatic retry,0
TXN01300,CUST1500,2497.53,UPI,Entertainment,3,17,5,Insufficient Balance,3,18.0,0,12,0,0.0,0.3821007263615223,MEDIUM,Ask customer to add funds or use another method,Customer notification,0
TXN02921,CUST0581,9204.39,Card,Food,57,10,3,Bank Declined,3,1.9,0,16,0,0.0,0.38169158826173755,MEDIUM,Suggest alternative payment method,Customer notification,0
TXN03233,CUST0840,2863.53,Wallet,Entertainment,32,19,4,Bank Declined,2,43.7,0,13,0,0.0,0.38164747146976535,MEDIUM,Suggest alternative payment method,Customer notification,0
TXN00960,CUST0537,4570.5,Wallet,Shopping,49,0,4,Network Error,3,51.4,1,19,0,0.0,0.38163406059364813,MEDIUM,Retry payment,Automatic retry,0
TXN04283,CUST0313,641.38,Card,Food,9,19,4,Bank Declined,3,43.4,0,22,0,0.0,0.38158379127026665,MEDIUM,Suggest alternative payment method,Customer notification,0
TXN01524,CUST1467,1217.15,UPI,Food,12,3,6,Insufficient Balance,2,50.7,0,3,1,1177.13,0.38156988756217564,MEDIUM,Ask customer to add funds or use another method,Customer notification,1
TXN00648,CUST0500,2585.69,UPI,Shopping,38,16,0,Bank Declined,2,55.0,0,2,0,0.0,0.38147117934096064,MEDIUM,Suggest alternative payment method,Customer notification,0
TXN00124,CUST0201,4017.51,UPI,Travel,9,12,6,Timeout,2,59.3,0,21,0,0.0,0.38145227044317376,MEDIUM,Retry payment after short delay,Automatic retry,0
TXN02846,CUST0273,718.2,UPI,Entertainment,47,12,6,Network Error,2,67.2,0,1,0,0.0,0.3813924994545929,MEDIUM,Retry payment,Automatic retry,0
TXN01258,CUST0561,4679.68,Card,Utilities,42,14,4,Insufficient Balance,2,27.2,0,8,0,0.0,0.38136987734280714,MEDIUM,Ask customer to add funds or use another method,Customer notification,0
TXN03267,CUST0286,4123.42,UPI,Travel,42,4,7,Bank Declined,1,34.0,0,4,1,3956.43,0.38135210644233103,MEDIUM,Suggest alternative payment method,Customer notification,1
TXN00135,CUST0961,1350.93,Net Banking,Travel,16,15,7,Authentication Failed,2,42.8,1,9,0,0.0,0.3811277413907432,MEDIUM,Request customer authentication,Customer notification,0
TXN02368,CUST0648,2680.55,Net Banking,Travel,40,0,3,Authentication Failed,1,16.7,0,7,0,0.0,0.38102544008256073,MEDIUM,Request customer authentication,Customer notification,0
TXN01422,CUST0702,7482.6,UPI,Entertainment,3,19,1,Insufficient Balance,2,47.3,0,0,0,0.0,0.38097116104500417,MEDIUM,Ask customer to add funds or use another method,Customer notification,0
TXN03564,CUST1302,6647.37,Card,Food,20,5,2,Authentication Failed,2,49.0,0,10,1,6315.52,0.38092003974779237,MEDIUM,Request customer authentication,Customer notification,1
TXN03612,CUST0064,1441.4,Wallet,Travel,42,7,1,Bank Declined,1,33.7,0,21,0,0.0,0.380761727782103,MEDIUM,Suggest alternative payment method,Customer notification,0
TXN00812,CUST0438,5839.34,UPI,Travel,16,5,1,Timeout,2,41.0,0,12,0,0.0,0.3805146968347069,MEDIUM,Retry payment after short delay,Automatic retry,0
TXN01631,CUST1071,8536.9,Net Banking,Food,60,8,2,Bank Declined,2,31.6,0,0,0,0.0,0.3804484971667793,MEDIUM,Suggest alternative payment method,Customer notification,0
TXN00801,CUST1470,8348.72,Wallet,Entertainment,49,8,2,Authentication Failed,3,14.4,0,12,0,0.0,0.3802438599044513,MEDIUM,Request customer authentication,Customer notification,0
TXN04882,CUST0514,686.31,Card,Utilities,22,8,3,Insufficient Balance,3,66.1,0,11,1,623.72,0.3801655800812739,MEDIUM,Ask customer to add funds or use another method,Customer notification,1
TXN02499,CUST0381,9960.34,Wallet,Food,36,4,2,Authentication Failed,2,46.8,0,21,0,0.0,0.38009672070162565,MEDIUM,Request customer authentication,Customer notification,0
TXN02820,CUST1044,9184.25,Wallet,Shopping,39,11,3,Insufficient Balance,1,33.4,0,12,0,0.0,0.3800586703828745,MEDIUM,Ask customer to add funds or use another method,Customer notification,0
TXN01385,CUST0494,8796.32,UPI,Shopping,37,20,5,Insufficient Balance,3,53.5,1,16,0,0.0,0.3799811167275137,MEDIUM,Ask customer to add funds or use another method,Customer notification,0
TXN00617,CUST1247,1085.51,UPI,Entertainment,9,20,6,Bank Declined,1,53.2,1,11,0,0.0,0.3797222494823938,MEDIUM,Suggest alternative payment method,Customer notification,0
TXN00307,CUST0801,7863.64,Wallet,Shopping,4,17,6,Bank Declined,1,1.7,0,12,0,0.0,0.3793238512790769,MEDIUM,Suggest alternative payment method,Customer notification,0
TXN04795,CUST0825,5314.92,Wallet,Shopping,42,2,1,Authentication Failed,1,30.1,0,9,0,0.0,0.379086610686117,MEDIUM,Request customer authentication,Customer notification,0
TXN02097,CUST0837,2281.24,Net Banking,Food,48,1,7,Timeout,1,11.6,0,3,0,0.0,0.3790023986235449,MEDIUM,Retry payment after short delay,Automatic retry,0
TXN03358,CUST0867,2671.96,Card,Utilities,60,18,1,Insufficient Balance,3,5.8,0,19,0,0.0,0.37886225605916735,MEDIUM,Ask customer to add funds or use another method,Customer notification,0
TXN04183,CUST0836,1975.95,Card,Shopping,42,11,1,Timeout,3,57.6,0,0,0,0.0,0.3787681291339233,MEDIUM,Retry payment after short delay,Automatic retry,0
TXN00656,CUST1439,5982.0,Card,Utilities,6,13,0,Bank Declined,3,28.5,0,6,0,0.0,0.3787373384789937,MEDIUM,Suggest alternative payment method,Customer notification,0
TXN01407,CUST0342,7026.01,Card,Entertainment,35,4,2,Timeout,1,66.6,0,6,0,0.0,0.37863207707270213,MEDIUM,Retry payment after short delay,Automatic retry,0
TXN02315,CUST1191,2822.75,Net Banking,Entertainment,2,9,4,Authentication Failed,1,31.8,0,0,0,0.0,0.377844650292801,MEDIUM,Request customer authentication,Customer notification,0
TXN02362,CUST0621,711.45,UPI,Shopping,4,9,2,Timeout,1,53.2,0,14,0,0.0,0.3777484491525825,MEDIUM,Retry payment after short delay,Automatic retry,0
TXN03821,CUST0177,9831.9,Wallet,Entertainment,58,8,0,Network Error,2,1.6,0,9,0,0.0,0.37772175048036366,MEDIUM,Retry payment,Automatic retry,0
TXN03001,CUST0895,9548.79,Wallet,Shopping,16,3,1,Timeout,1,35.1,1,22,0,0.0,0.3776895296343737,MEDIUM,Retry payment after short delay,Automatic retry,0
TXN00281,CUST0816,3200.32,Wallet,Utilities,51,6,7,Timeout,1,0.8,0,23,0,0.0,0.3774776355564668,MEDIUM,Retry payment after short delay,Automatic retry,0
TXN04914,CUST0838,9626.8,Wallet,Entertainment,45,8,3,Timeout,3,60.1,0,12,0,0.0,0.3773707012514851,MEDIUM,Retry payment after short delay,Automatic retry,0
TXN02533,CUST0345,8155.73,Net Banking,Utilities,52,1,3,Network Error,1,15.6,1,1,0,0.0,0.3773226093318297,MEDIUM,Retry payment,Automatic retry,0
TXN03282,CUST0514,4739.16,Net Banking,Food,11,19,7,Bank Declined,1,49.6,0,12,0,0.0,0.3773195404587449,MEDIUM,Suggest alternative payment method,Customer notification,0
TXN03677,CUST0126,1668.68,Net Banking,Food,15,17,1,Insufficient Balance,3,4.0,0,20,0,0.0,0.3773125244825776,MEDIUM,Ask customer to add funds or use another method,Customer notification,0
TXN02278,CUST0312,5256.77,Card,Utilities,41,12,7,Bank Declined,2,3.6,0,22,0,0.0,0.376941774992688,MEDIUM,Suggest alternative payment method,Customer notification,0
TXN00578,CUST0873,9762.72,UPI,Food,4,12,0,Network Error,3,68.4,0,5,0,0.0,0.37660580214500294,MEDIUM,Retry payment,Automatic retry,0
TXN04620,CUST0140,1913.66,Net Banking,Travel,57,17,1,Insufficient Balance,2,65.8,0,5,0,0.0,0.37645812468314366,MEDIUM,Ask customer to add funds or use another method,Customer notification,0
TXN01494,CUST0710,6945.02,Card,Shopping,59,20,7,Bank Declined,2,46.3,0,23,0,0.0,0.37609677751975107,MEDIUM,Suggest alternative payment method,Customer notification,0
TXN04564,CUST0865,3104.61,Wallet,Shopping,7,10,4,Authentication Failed,2,59.3,0,6,1,3060.25,0.37594418309412364,MEDIUM,Request customer authentication,Customer notification,1
TXN04765,CUST1388,9315.89,Card,Shopping,57,0,2,Network Error,2,5.5,0,3,0,0.0,0.3759194061907326,MEDIUM,Retry payment,Automatic retry,0
TXN02844,CUST0941,8058.21,Card,Entertainment,36,4,4,Timeout,3,20.5,0,2,0,0.0,0.37585619097748607,MEDIUM,Retry payment after short delay,Automatic retry,0
TXN00922,CUST1277,308.11,Net Banking,Utilities,44,13,1,Bank Declined,3,43.5,0,22,0,0.0,0.37560342464399016,MEDIUM,Suggest alternative payment method,Customer notification,0
TXN04192,CUST1188,1215.47,Wallet,Entertainment,13,8,1,Timeout,2,13.1,0,23,0,0.0,0.37535277485219704,MEDIUM,Retry payment after short delay,Automatic retry,0
TXN01017,CUST0947,772.94,Net Banking,Food,9,11,6,Authentication Failed,3,35.8,1,13,0,0.0,0.37501810698266835,MEDIUM,Request customer authentication,Customer notification,0
TXN01362,CUST0940,7207.53,Wallet,Travel,46,14,1,Insufficient Balance,2,9.3,0,8,0,0.0,0.37438933086480786,MEDIUM,Ask customer to add funds or use another method,Customer notification,0
TXN00912,CUST0350,9360.24,Wallet,Food,50,7,6,Authentication Failed,2,8.7,1,10,0,0.0,0.3742676598604586,MEDIUM,Request customer authentication,Customer notification,0
TXN03491,CUST0360,2889.74,UPI,Shopping,39,18,2,Insufficient Balance,2,54.7,0,12,0,0.0,0.3741690973238246,MEDIUM,Ask customer to add funds or use another method,Customer notification,0
TXN01842,CUST1051,8223.39,Wallet,Food,6,12,3,Timeout,3,55.0,0,21,0,0.0,0.3739897420449656,MEDIUM,Retry payment after short delay,Automatic retry,0
TXN04132,CUST0324,7358.21,Net Banking,Utilities,25,15,2,Insufficient Balance,3,20.0,0,23,0,0.0,0.3739801151064917,MEDIUM,Ask customer to add funds or use another method,Customer notification,0
TXN04470,CUST0891,2993.8,UPI,Food,28,19,3,Insufficient Balance,2,61.5,0,8,0,0.0,0.37371580970232493,MEDIUM,Ask customer to add funds or use another method,Customer notification,0
TXN03585,CUST0139,3166.36,Wallet,Food,45,13,1,Insufficient Balance,2,52.9,1,10,0,0.0,0.373501180004528,MEDIUM,Ask customer to add funds or use another method,Customer notification,0
TXN04957,CUST1424,1838.44,Wallet,Shopping,10,12,6,Authentication Failed,2,29.0,1,0,0,0.0,0.3734687519932846,MEDIUM,Request customer authentication,Customer notification,0
TXN03060,CUST1050,4172.17,Net Banking,Entertainment,46,7,7,Authentication Failed,2,11.8,0,0,0,0.0,0.3734585252668377,MEDIUM,Request customer authentication,Customer notification,0
TXN02611,CUST1460,881.41,Net Banking,Travel,27,9,3,Insufficient Balance,1,13.5,0,12,0,0.0,0.3734022577116482,MEDIUM,Ask customer to add funds or use another method,Customer notification,0
TXN00909,CUST0214,5085.12,Net Banking,Shopping,9,12,4,Authentication Failed,3,25.4,0,1,0,0.0,0.3731530552432362,MEDIUM,Request customer authentication,Customer notification,0
TXN02285,CUST1476,5181.28,Card,Travel,32,10,1,Bank Declined,3,24.8,1,0,0,0.0,0.37283542188611657,MEDIUM,Suggest alternative payment method,Customer notification,0
TXN00710,CUST1283,8953.22,Card,Utilities,9,3,3,Authentication Failed,1,2.3,0,11,0,0.0,0.3726388430712702,MEDIUM,Request customer authentication,Customer notification,0
TXN04268,CUST1105,7978.29,Card,Travel,52,11,5,Insufficient Balance,2,18.2,1,22,0,0.0,0.3726110881971925,MEDIUM,Ask customer to add funds or use another method,Customer notification,0
TXN01764,CUST0731,9550.08,Net Banking,Entertainment,53,17,2,Bank Declined,1,71.6,0,19,0,0.0,0.37260132316155464,MEDIUM,Suggest alternative payment method,Customer notification,0
TXN01260,CUST1165,1306.69,UPI,Shopping,52,17,0,Insufficient Balance,1,70.4,1,19,0,0.0,0.37255003117753815,MEDIUM,Ask customer to add funds or use another method,Customer notification,0
TXN01454,CUST1491,8551.18,Wallet,Utilities,57,2,0,Authentication Failed,1,27.0,0,10,0,0.0,0.3725369947534178,MEDIUM,Request customer authentication,Customer notification,0
TXN01607,CUST1464,4923.4,Card,Entertainment,4,12,5,Timeout,2,54.3,0,19,0,0.0,0.37249383549571674,MEDIUM,Retry payment after short delay,Automatic retry,0
TXN02902,CUST0078,9013.09,Net Banking,Shopping,42,4,3,Authentication Failed,1,59.4,1,23,0,0.0,0.37234288824832085,MEDIUM,Request customer authentication,Customer notification,0
TXN03872,CUST1124,4083.7,Net Banking,Utilities,33,20,6,Bank Declined,1,35.3,1,0,0,0.0,0.3721928119586297,MEDIUM,Suggest alternative payment method,Customer notification,0
TXN02958,CUST0632,4485.22,Card,Shopping,33,3,2,Timeout,2,48.8,0,4,0,0.0,0.37216949847736336,MEDIUM,Retry payment after short delay,Automatic retry,0
TXN02976,CUST1227,1976.24,Net Banking,Entertainment,48,9,0,Insufficient Balance,3,25.1,1,15,0,0.0,0.3720666599155671,MEDIUM,Ask customer to add funds or use another method,Customer notification,0
TXN03910,CUST1206,6233.73,Card,Travel,37,12,4,Insufficient Balance,1,10.9,0,2,0,0.0,0.37194989535299217,MEDIUM,Ask customer to add funds or use another method,Customer notification,0
TXN04910,CUST0975,7339.09,Card,Entertainment,45,12,6,Timeout,3,53.0,0,20,0,0.0,0.37189240676426066,MEDIUM,Retry payment after short delay,Automatic retry,0
TXN02784,CUST1253,3679.91,Wallet,Food,51,2,1,Timeout,1,68.2,0,5,0,0.0,0.3718039922053547,MEDIUM,Retry payment after short delay,Automatic retry,0
TXN04016,CUST0422,6802.07,Net Banking,Utilities,22,4,6,Timeout,2,8.1,1,2,0,0.0,0.3715130831630566,MEDIUM,Retry payment after short delay,Automatic retry,0
TXN00989,CUST0662,4955.04,Net Banking,Entertainment,47,5,7,Network Error,2,34.1,1,20,0,0.0,0.37137876496523403,MEDIUM,Retry payment,Automatic retry,0
TXN02279,CUST1265,4743.69,Net Banking,Utilities,21,13,7,Authentication Failed,2,63.8,1,3,0,0.0,0.3710432772703298,MEDIUM,Request customer authentication,Customer notification,0
TXN01074,CUST1253,5781.12,Wallet,Entertainment,12,18,6,Authentication Failed,3,71.4,1,5,0,0.0,0.3708696536756411,MEDIUM,Request customer authentication,Customer notification,0
TXN04180,CUST0615,600.91,Wallet,Food,14,8,2,Bank Declined,2,19.1,0,4,0,0.0,0.37086351379183113,MEDIUM,Suggest alternative payment method,Customer notification,0
TXN02105,CUST0693,4413.15,Wallet,Entertainment,17,6,3,Network Error,2,12.6,1,6,0,0.0,0.3704364501112138,MEDIUM,Retry payment,Automatic retry,0
TXN02048,CUST0261,8532.72,UPI,Utilities,18,9,4,Bank Declined,1,20.5,1,14,0,0.0,0.3704178332302429,MEDIUM,Suggest alternative payment method,Customer notification,0
TXN04410,CUST1342,8677.63,Wallet,Entertainment,54,15,6,Bank Declined,3,27.9,0,7,0,0.0,0.37036811579121826,MEDIUM,Suggest alternative payment method,Customer notification,0
TXN04606,CUST0645,8889.81,Card,Food,58,8,2,Network Error,3,0.9,0,3,0,0.0,0.37021470432757797,MEDIUM,Retry payment,Automatic retry,0
TXN04880,CUST1360,878.75,Wallet,Utilities,16,9,0,Authentication Failed,3,3.6,0,18,0,0.0,0.37002845952533975,MEDIUM,Request customer authentication,Customer notification,0
TXN03721,CUST0188,7336.19,Wallet,Entertainment,14,10,2,Insufficient Balance,1,45.9,1,21,0,0.0,0.369726474743202,MEDIUM,Ask customer to add funds or use another method,Customer notification,0
TXN03348,CUST0262,4060.29,Net Banking,Travel,36,6,6,Network Error,1,45.8,0,18,0,0.0,0.3696052521574968,MEDIUM,Retry payment,Automatic retry,0
TXN02131,CUST0129,2307.8,Card,Entertainment,24,14,0,Insufficient Balance,2,47.6,0,7,0,0.0,0.36940303405839486,MEDIUM,Ask customer to add funds or use another method,Customer notification,0
TXN02681,CUST0138,476.69,Wallet,Entertainment,33,5,0,Authentication Failed,3,10.5,0,5,0,0.0,0.3693567586272246,MEDIUM,Request customer authentication,Customer notification,0
TXN03615,CUST0267,3096.52,UPI,Entertainment,34,19,1,Insufficient Balance,3,71.9,1,11,0,0.0,0.3692463779185386,MEDIUM,Ask customer to add funds or use another method,Customer notification,0
TXN01569,CUST0477,934.22,Wallet,Food,40,19,1,Insufficient Balance,3,26.8,0,9,0,0.0,0.3691139996984599,MEDIUM,Ask customer to add funds or use another method,Customer notification,0
TXN00063,CUST0092,8020.73,Net Banking,Utilities,8,17,4,Bank Declined,2,28.7,0,9,0,0.0,0.3688922663641307,MEDIUM,Suggest alternative payment method,Customer notification,0
TXN04659,CUST0414,9143.1,UPI,Shopping,20,10,0,Insufficient Balance,2,32.1,1,2,0,0.0,0.3688844130500556,MEDIUM,Ask customer to add funds or use another method,Customer notification,0
TXN01294,CUST0778,7355.31,Card,Utilities,41,10,6,Bank Declined,1,48.8,1,13,0,0.0,0.3688360052950727,MEDIUM,Suggest alternative payment method,Customer notification,0
TXN04786,CUST0534,2567.12,Card,Utilities,5,16,5,Authentication Failed,3,39.7,0,5,0,0.0,0.3687850051643752,MEDIUM,Request customer authentication,Customer notification,0
TXN00471,CUST1213,9025.67,Net Banking,Food,59,11,5,Bank Declined,1,23.4,0,1,0,0.0,0.3687464354502261,MEDIUM,Suggest alternative payment method,Customer notification,0
TXN01633,CUST0689,591.65,UPI,Shopping,39,16,7,Authentication Failed,3,63.6,0,20,0,0.0,0.3683594910961794,MEDIUM,Request customer authentication,Customer notification,0
TXN04275,CUST1447,4428.0,Wallet,Travel,48,9,5,Timeout,3,16.1,0,3,0,0.0,0.36830935638680323,MEDIUM,Retry payment after short delay,Automatic retry,0
TXN00673,CUST0829,1742.42,Wallet,Utilities,3,16,2,Bank Declined,3,2.3,0,7,0,0.0,0.36828594453353986,MEDIUM,Suggest alternative payment method,Customer notification,0
TXN01582,CUST0340,7072.92,Wallet,Shopping,20,3,3,Authentication Failed,1,32.0,1,18,0,0.0,0.36818216045960334,MEDIUM,Request customer authentication,Customer notification,0
TXN01252,CUST0689,2293.02,Wallet,Entertainment,16,16,2,Insufficient Balance,2,41.4,1,22,0,0.0,0.36815208830778673,MEDIUM,Ask customer to add funds or use another method,Customer notification,0
TXN00017,CUST0131,1189.63,UPI,Shopping,6,15,4,Authentication Failed,2,70.8,0,0,0,0.0,0.36812634964018104,MEDIUM,Request customer authentication,Customer notification,0
TXN04714,CUST1002,6754.79,UPI,Shopping,29,1,5,Network Error,1,8.7,0,7,0,0.0,0.36803291606114563,MEDIUM,Retry payment,Automatic retry,0
TXN04595,CUST1153,3844.25,UPI,Travel,36,6,2,Network Error,3,41.4,0,22,0,0.0,0.36784408105245014,MEDIUM,Retry payment,Automatic retry,0
TXN01743,CUST1008,6382.11,Net Banking,Travel,32,14,3,Insufficient Balance,1,4.7,0,0,0,0.0,0.3677872569063482,MEDIUM,Ask customer to add funds or use another method,Customer notification,0
TXN01238,CUST1185,3132.38,Card,Food,56,2,4,Network Error,2,67.3,1,23,0,0.0,0.36765815658046713,MEDIUM,Retry payment,Automatic retry,0
TXN04523,CUST1071,7656.75,Card,Food,12,16,1,Insufficient Balance,3,65.3,1,10,0,0.0,0.36763070205238985,MEDIUM,Ask customer to add funds or use another method,Customer notification,0
TXN00574,CUST1393,5889.9,Wallet,Shopping,47,17,5,Insufficient Balance,1,49.8,1,16,0,0.0,0.36748632542014514,MEDIUM,Ask customer to add funds or use another method,Customer notification,0
TXN00861,CUST1354,8712.38,Wallet,Travel,40,5,4,Authentication Failed,3,19.2,1,3,0,0.0,0.3673932559775101,MEDIUM,Request customer authentication,Customer notification,0
TXN03403,CUST1133,5897.48,Net Banking,Entertainment,8,12,3,Bank Declined,2,5.3,0,2,0,0.0,0.36736736817793847,MEDIUM,Suggest alternative payment method,Customer notification,0
TXN02925,CUST1098,9069.59,UPI,Food,5,9,5,Network Error,3,25.8,0,4,0,0.0,0.36728276912588326,MEDIUM,Retry payment,Automatic retry,0
TXN03929,CUST1158,1626.06,UPI,Travel,57,5,1,Network Error,2,65.9,1,1,0,0.0,0.3671432753458895,MEDIUM,Retry payment,Automatic retry,0
TXN01523,CUST0402,2269.35,Card,Utilities,24,8,7,Network Error,1,39.7,0,8,0,0.0,0.36711478682844306,MEDIUM,Retry payment,Automatic retry,0
TXN04630,CUST1335,2457.04,Card,Travel,21,19,1,Bank Declined,3,58.5,1,7,0,0.0,0.3670892958875724,MEDIUM,Suggest alternative payment method,Customer notification,0
TXN00508,CUST1247,8069.14,Wallet,Travel,50,5,2,Timeout,3,66.2,0,8,0,0.0,0.3669909422719663,MEDIUM,Retry payment after short delay,Automatic retry,0
TXN02643,CUST0856,3055.08,UPI,Utilities,13,15,3,Bank Declined,2,51.2,1,19,0,0.0,0.3669027012509097,MEDIUM,Suggest alternative payment method,Customer notification,0
TXN03692,CUST0542,1806.26,Wallet,Food,39,9,1,Bank Declined,1,50.9,1,8,0,0.0,0.36687101415147666,MEDIUM,Suggest alternative payment method,Customer notification,0
TXN04823,CUST0561,2180.74,Net Banking,Travel,55,8,3,Timeout,2,70.8,0,15,0,0.0,0.3668292546511806,MEDIUM,Retry payment after short delay,Automatic retry,0
TXN01932,CUST1108,8190.19,UPI,Travel,54,6,3,Timeout,2,71.6,1,1,0,0.0,0.36679238035785083,MEDIUM,Retry payment after short delay,Automatic retry,0
TXN03628,CUST1328,4555.51,UPI,Food,3,10,2,Authentication Failed,3,33.1,1,23,0,0.0,0.3666756551696909,MEDIUM,Request customer authentication,Customer notification,0
TXN01115,CUST1313,3394.53,Net Banking,Food,44,20,7,Bank Declined,1,34.5,0,12,0,0.0,0.36658580560339926,MEDIUM,Suggest alternative payment method,Customer notification,0
TXN01191,CUST1053,6726.63,Net Banking,Entertainment,31,15,0,Insufficient Balance,3,49.3,1,21,0,0.0,0.36656419275082663,MEDIUM,Ask customer to add funds or use another method,Customer notification,0
TXN01410,CUST0646,7088.97,UPI,Food,24,3,1,Authentication Failed,1,49.4,0,9,0,0.0,0.3663723650877167,MEDIUM,Request customer authentication,Customer notification,0
TXN02879,CUST0740,2025.19,Wallet,Entertainment,58,2,7,Timeout,1,16.0,0,12,0,0.0,0.3663578008206556,MEDIUM,Retry payment after short delay,Automatic retry,0
TXN03476,CUST0611,9277.34,UPI,Travel,8,19,0,Bank Declined,2,71.6,1,22,0,0.0,0.3662922785568829,MEDIUM,Suggest alternative payment method,Customer notification,0
TXN01106,CUST0104,5831.88,UPI,Shopping,14,8,4,Bank Declined,2,1.1,1,13,0,0.0,0.3662649838603329,MEDIUM,Suggest alternative payment method,Customer notification,0
TXN03837,CUST1125,394.39,UPI,Utilities,11,11,0,Insufficient Balance,1,10.9,0,4,0,0.0,0.3659510699246423,MEDIUM,Ask customer to add funds or use another method,Customer notification,0
TXN04167,CUST0132,9152.97,Net Banking,Shopping,36,16,5,Insufficient Balance,1,39.6,1,4,0,0.0,0.36568141464278725,MEDIUM,Ask customer to add funds or use another method,Customer notification,0
TXN00083,CUST0202,1764.37,Net Banking,Travel,2,20,5,Bank Declined,3,4.1,0,14,0,0.0,0.3650219945640059,MEDIUM,Suggest alternative payment method,Customer notification,0
TXN02538,CUST1080,9414.68,Card,Food,49,18,7,Bank Declined,2,24.3,1,3,0,0.0,0.36500093538727213,MEDIUM,Suggest alternative payment method,Customer notification,0
TXN01207,CUST0936,9866.97,Card,Entertainment,18,12,4,Network Error,3,44.3,0,14,0,0.0,0.36486437634515356,MEDIUM,Retry payment,Automatic retry,0
TXN01967,CUST0288,5188.16,Wallet,Entertainment,25,8,3,Authentication Failed,3,22.9,0,14,0,0.0,0.36483799612463264,MEDIUM,Request customer authentication,Customer notification,0
TXN04964,CUST0499,3238.31,Card,Utilities,27,13,6,Timeout,2,66.6,0,15,0,0.0,0.3647927812449411,MEDIUM,Retry payment after short delay,Automatic retry,0
TXN01154,CUST0794,6356.99,UPI,Food,35,7,2,Insufficient Balance,1,5.1,0,19,0,0.0,0.36476192056334605,MEDIUM,Ask customer to add funds or use another method,Customer notification,0
TXN01893,CUST0592,732.62,Net Banking,Entertainment,31,19,7,Insufficient Balance,1,21.3,0,19,0,0.0,0.36476041087279243,MEDIUM,Ask customer to add funds or use another method,Customer notification,0
TXN04457,CUST0413,7107.06,Net Banking,Food,39,6,4,Bank Declined,1,8.1,1,6,0,0.0,0.3647189586095362,MEDIUM,Suggest alternative payment method,Customer notification,0
TXN04853,CUST1424,4526.89,Card,Shopping,21,4,3,Network Error,1,40.6,0,7,0,0.0,0.3645737410567208,MEDIUM,Retry payment,Automatic retry,0
TXN04855,CUST0991,7866.91,Net Banking,Food,5,6,4,Authentication Failed,2,16.8,1,10,0,0.0,0.36435801912962085,MEDIUM,Request customer authentication,Customer notification,0
TXN00504,CUST0522,7992.39,Card,Travel,24,15,3,Insufficient Balance,3,54.0,0,2,0,0.0,0.3642695246828502,MEDIUM,Ask customer to add funds or use another method,Customer notification,0
TXN01647,CUST1113,1230.95,UPI,Food,8,14,7,Timeout,3,30.8,0,17,0,0.0,0.3641649051244831,MEDIUM,Retry payment after short delay,Automatic retry,0
TXN04953,CUST1475,9566.83,Card,Travel,19,8,0,Authentication Failed,3,13.7,1,23,0,0.0,0.3641575207869625,MEDIUM,Request customer authentication,Customer notification,0
TXN03212,CUST1326,8933.16,Card,Entertainment,34,15,0,Bank Declined,1,46.7,0,1,0,0.0,0.36405327887426625,MEDIUM,Suggest alternative payment method,Customer notification,0
TXN04658,CUST0471,3269.84,UPI,Travel,15,19,4,Bank Declined,2,61.5,1,1,0,0.0,0.3640517179304515,MEDIUM,Suggest alternative payment method,Customer notification,0
TXN00723,CUST0373,8998.0,Card,Shopping,17,11,7,Timeout,2,38.8,0,14,0,0.0,0.36387054016758563,MEDIUM,Retry payment after short delay,Automatic retry,0
TXN00250,CUST1370,9280.82,UPI,Travel,47,10,0,Bank Declined,2,51.2,0,7,0,0.0,0.3636970690288283,MEDIUM,Suggest alternative payment method,Customer notification,0
TXN03873,CUST0621,1599.43,Wallet,Entertainment,13,15,7,Network Error,3,70.0,1,1,0,0.0,0.36338902561902986,MEDIUM,Retry payment,Automatic retry,0
TXN03437,CUST0105,3353.18,Wallet,Shopping,28,4,4,Authentication Failed,1,9.1,1,11,0,0.0,0.3633384088624609,MEDIUM,Request customer authentication,Customer notification,0
TXN02941,CUST0686,9482.92,Wallet,Travel,42,10,6,Authentication Failed,2,59.5,0,4,0,0.0,0.36317131580694806,MEDIUM,Request customer authentication,Customer notification,0
TXN03407,CUST1325,5193.08,UPI,Entertainment,52,9,0,Insufficient Balance,1,55.7,1,16,0,0.0,0.3629385154135308,MEDIUM,Ask customer to add funds or use another method,Customer notification,0
TXN03428,CUST0412,2086.26,Net Banking,Travel,12,17,0,Insufficient Balance,1,52.1,0,9,0,0.0,0.3628890868534627,MEDIUM,Ask customer to add funds or use another method,Customer notification,0
TXN02526,CUST1084,5250.3,UPI,Travel,24,18,0,Insufficient Balance,2,50.1,0,6,0,0.0,0.3628503505968615,MEDIUM,Ask customer to add funds or use another method,Customer notification,0
TXN02647,CUST1440,1925.91,Net Banking,Utilities,17,7,2,Timeout,1,54.2,1,13,0,0.0,0.36281503728018144,MEDIUM,Retry payment after short delay,Automatic retry,0
TXN03865,CUST0031,2999.96,UPI,Food,46,4,7,Network Error,1,20.3,0,1,0,0.0,0.3627671221225647,MEDIUM,Retry payment,Automatic retry,0
TXN03206,CUST0143,7004.73,UPI,Food,33,5,7,Timeout,2,10.9,0,0,0,0.0,0.3626934392190011,MEDIUM,Retry payment after short delay,Automatic retry,0
TXN02761,CUST0213,1026.97,Card,Shopping,46,14,6,Authentication Failed,3,39.7,0,13,0,0.0,0.3626433723870263,MEDIUM,Request customer authentication,Customer notification,0
TXN03726,CUST0358,5045.71,Wallet,Travel,10,14,7,Authentication Failed,2,6.2,0,1,0,0.0,0.3624569059026196,MEDIUM,Request customer authentication,Customer notification,0
TXN04701,CUST0147,6940.42,Net Banking,Shopping,14,15,0,Insufficient Balance,3,64.3,1,7,0,0.0,0.36232940799348023,MEDIUM,Ask customer to add funds or use another method,Customer notification,0
TXN02778,CUST0413,1137.87,Card,Food,59,4,6,Authentication Failed,3,9.9,1,22,0,0.0,0.36216055529127317,MEDIUM,Request customer authentication,Customer notification,0
TXN02357,CUST1242,931.23,UPI,Travel,42,15,7,Bank Declined,2,11.9,0,14,0,0.0,0.3619321916266908,MEDIUM,Suggest alternative payment method,Customer notification,0
TXN02648,CUST0940,5025.41,Net Banking,Entertainment,38,1,0,Bank Declined,3,23.4,1,3,0,0.0,0.3619314158528483,MEDIUM,Suggest alternative payment method,Customer notification,0
TXN02610,CUST1251,5855.08,Wallet,Shopping,10,4,2,Authentication Failed,1,16.0,1,1,0,0.0,0.3618356184166002,MEDIUM,Request customer authentication,Customer notification,0
TXN03518,CUST0881,8886.66,UPI,Food,23,20,7,Insufficient Balance,2,17.0,0,3,0,0.0,0.3617931554789932,MEDIUM,Ask customer to add funds or use another method,Customer notification,0
TXN03183,CUST0620,3126.45,Net Banking,Entertainment,28,14,4,Insufficient Balance,3,12.9,1,7,0,0.0,0.3617732309228819,MEDIUM,Ask customer to add funds or use another method,Customer notification,0
TXN02489,CUST0253,4848.29,Wallet,Entertainment,36,16,7,Bank Declined,1,41.7,0,21,0,0.0,0.3616471346485853,MEDIUM,Suggest alternative payment method,Customer notification,0
TXN01792,CUST0079,264.94,UPI,Utilities,13,4,1,Network Error,1,21.2,0,9,0,0.0,0.3616445694022955,MEDIUM,Retry payment,Automatic retry,0
TXN04043,CUST0272,1041.43,UPI,Utilities,31,12,5,Authentication Failed,2,67.7,0,19,0,0.0,0.3615907713168468,MEDIUM,Request customer authentication,Customer notification,0
TXN04501,CUST1365,9982.4,UPI,Utilities,49,9,0,Insufficient Balance,1,24.9,0,6,0,0.0,0.36153623449039934,MEDIUM,Ask customer to add funds or use another method,Customer notification,0
TXN03220,CUST1139,1582.79,Net Banking,Shopping,44,19,6,Insufficient Balance,1,42.0,0,16,0,0.0,0.361251250486017,MEDIUM,Ask customer to add funds or use another method,Customer notification,0
TXN01089,CUST0089,6155.3,Wallet,Utilities,25,12,5,Timeout,3,68.7,0,5,0,0.0,0.361219472131262,MEDIUM,Retry payment after short delay,Automatic retry,0
TXN04005,CUST0559,4561.99,UPI,Entertainment,24,13,7,Timeout,3,61.3,0,9,0,0.0,0.3612040546818147,MEDIUM,Retry payment after short delay,Automatic retry,0
TXN03939,CUST0373,1719.72,Wallet,Entertainment,57,2,2,Network Error,2,3.9,0,23,0,0.0,0.3611342386783287,MEDIUM,Retry payment,Automatic retry,0
TXN03101,CUST0848,707.3,Net Banking,Shopping,52,11,4,Authentication Failed,2,63.0,0,21,0,0.0,0.3610682345423698,MEDIUM,Request customer authentication,Customer notification,0
TXN01321,CUST1102,5396.17,Wallet,Shopping,56,1,0,Timeout,3,7.7,1,21,0,0.0,0.3609061978477279,MEDIUM,Retry payment after short delay,Automatic retry,0
TXN03482,CUST1388,1078.85,Wallet,Travel,49,7,1,Bank Declined,2,37.6,0,11,0,0.0,0.3606101339093859,MEDIUM,Suggest alternative payment method,Customer notification,0
TXN00403,CUST0654,4265.54,Net Banking,Utilities,9,3,1,Network Error,2,28.4,0,2,0,0.0,0.3606065776045993,MEDIUM,Retry payment,Automatic retry,0
TXN04221,CUST0844,7240.74,UPI,Utilities,19,16,1,Insufficient Balance,3,56.7,0,3,0,0.0,0.3604858856959944,MEDIUM,Ask customer to add funds or use another method,Customer notification,0
TXN03725,CUST1147,8658.96,Net Banking,Travel,16,1,1,Timeout,2,44.4,1,8,0,0.0,0.360391029712669,MEDIUM,Retry payment after short delay,Automatic retry,0
TXN02157,CUST1077,9147.38,Wallet,Travel,38,4,4,Network Error,2,37.3,0,18,0,0.0,0.3598499300993803,MEDIUM,Retry payment,Automatic retry,0
TXN04749,CUST1411,5283.06,UPI,Utilities,57,4,3,Authentication Failed,2,28.7,0,20,0,0.0,0.3596958323504179,MEDIUM,Request customer authentication,Customer notification,0
TXN01525,CUST0615,6004.7,Card,Shopping,53,8,1,Insufficient Balance,2,13.9,0,7,0,0.0,0.35968240355096137,MEDIUM,Ask customer to add funds or use another method,Customer notification,0
TXN02623,CUST0425,5586.46,UPI,Shopping,54,20,7,Insufficient Balance,3,9.4,1,7,0,0.0,0.3596459979022672,MEDIUM,Ask customer to add funds or use another method,Customer notification,0
TXN03995,CUST1092,1915.71,Card,Food,34,3,3,Bank Declined,1,23.7,0,12,0,0.0,0.3596288137737069,MEDIUM,Suggest alternative payment method,Customer notification,0
TXN01367,CUST0714,523.12,UPI,Travel,20,12,7,Bank Declined,2,6.2,0,13,0,0.0,0.35950701327847867,MEDIUM,Suggest alternative payment method,Customer notification,0
TXN01298,CUST0087,7085.07,UPI,Utilities,57,3,5,Timeout,3,11.1,1,2,0,0.0,0.35944730961848487,MEDIUM,Retry payment after short delay,Automatic retry,0
TXN02930,CUST0638,6358.01,Net Banking,Shopping,56,5,4,Timeout,3,42.2,1,4,0,0.0,0.35940355403156127,MEDIUM,Retry payment after short delay,Automatic retry,0
TXN03204,CUST0516,2344.67,Wallet,Utilities,54,20,3,Insufficient Balance,3,24.4,0,9,0,0.0,0.3589328138359237,MEDIUM,Ask customer to add funds or use another method,Customer notification,0
TXN04006,CUST0159,7560.74,Wallet,Utilities,30,12,4,Insufficient Balance,2,10.1,0,20,0,0.0,0.3586224718989194,MEDIUM,Ask customer to add funds or use another method,Customer notification,0
TXN04990,CUST0068,7009.92,Wallet,Travel,58,14,2,Insufficient Balance,2,45.9,0,0,0,0.0,0.3586199084457167,MEDIUM,Ask customer to add funds or use another method,Customer notification,0
TXN04223,CUST0420,8514.38,Net Banking,Utilities,37,5,6,Network Error,2,5.2,0,6,0,0.0,0.3584905081038239,MEDIUM,Retry payment,Automatic retry,0
TXN01011,CUST0075,2028.26,Card,Utilities,20,15,3,Network Error,3,68.0,0,11,0,0.0,0.35841196809464515,MEDIUM,Retry payment,Automatic retry,0
TXN02476,CUST1031,9332.76,Wallet,Utilities,21,8,6,Authentication Failed,1,14.2,0,2,0,0.0,0.3583580066117819,MEDIUM,Request customer authentication,Customer notification,0
TXN03803,CUST1112,9684.31,Net Banking,Entertainment,22,10,3,Authentication Failed,2,51.7,0,21,0,0.0,0.35834884171901094,MEDIUM,Request customer authentication,Customer notification,0
TXN00988,CUST1461,1236.06,Wallet,Shopping,6,11,7,Network Error,2,59.2,0,22,0,0.0,0.3583324585475928,MEDIUM,Retry payment,Automatic retry,0
TXN02503,CUST0902,511.44,UPI,Entertainment,9,11,3,Bank Declined,2,31.6,0,21,0,0.0,0.35832348908937733,MEDIUM,Suggest alternative payment method,Customer notification,0
TXN02817,CUST1442,1244.5,UPI,Food,8,6,1,Network Error,2,18.6,0,6,0,0.0,0.35809946883982774,MEDIUM,Retry payment,Automatic retry,0
TXN02616,CUST0397,5339.75,Card,Utilities,22,5,0,Network Error,2,65.2,1,16,0,0.0,0.357902946200022,MEDIUM,Retry payment,Automatic retry,0
TXN00397,CUST0036,7836.91,Wallet,Utilities,10,14,5,Authentication Failed,3,30.4,0,22,0,0.0,0.3576040673829872,MEDIUM,Request customer authentication,Customer notification,0
TXN04676,CUST0646,278.8,Card,Entertainment,18,7,4,Timeout,1,30.4,0,23,0,0.0,0.3575908858371834,MEDIUM,Retry payment after short delay,Automatic retry,0
TXN03696,CUST1316,5318.76,UPI,Entertainment,55,1,3,Bank Declined,1,19.1,1,15,0,0.0,0.3575770826329916,MEDIUM,Suggest alternative payment method,Customer notification,0
TXN03586,CUST0359,8601.65,Wallet,Travel,35,6,6,Timeout,3,22.0,0,7,0,0.0,0.35746312297075233,MEDIUM,Retry payment after short delay,Automatic retry,0
TXN04270,CUST0895,164.6,Card,Utilities,33,13,3,Bank Declined,3,0.6,0,8,0,0.0,0.3573978740760132,MEDIUM,Suggest alternative payment method,Customer notification,0
TXN01780,CUST0285,2501.19,Net Banking,Food,50,1,3,Timeout,1,57.8,1,13,0,0.0,0.35708389601312673,MEDIUM,Retry payment after short delay,Automatic retry,0
TXN04779,CUST0057,1150.64,UPI,Utilities,26,11,2,Bank Declined,1,49.3,0,4,0,0.0,0.35706905288025714,MEDIUM,Suggest alternative payment method,Customer notification,0
TXN04247,CUST1226,7422.25,Wallet,Entertainment,15,8,0,Authentication Failed,3,26.4,0,10,0,0.0,0.35692959370242094,MEDIUM,Request customer authentication,Customer notification,0
TXN00903,CUST1102,9064.83,Wallet,Travel,55,12,0,Insufficient Balance,3,44.3,0,18,0,0.0,0.3567439076475907,MEDIUM,Ask customer to add funds or use another method,Customer notification,0
TXN01200,CUST0420,6858.26,UPI,Utilities,23,16,4,Insufficient Balance,1,53.7,1,17,0,0.0,0.35658151772086244,MEDIUM,Ask customer to add funds or use another method,Customer notification,0
TXN03895,CUST0118,1965.01,Net Banking,Shopping,34,3,4,Authentication Failed,1,24.4,1,2,0,0.0,0.3565158232506521,MEDIUM,Request customer authentication,Customer notification,0
TXN03874,CUST1197,4474.31,Net Banking,Travel,25,8,1,Authentication Failed,2,57.5,1,8,0,0.0,0.35627319984965533,MEDIUM,Request customer authentication,Customer notification,0
TXN04385,CUST0452,5455.76,Wallet,Entertainment,44,4,1,Authentication Failed,3,58.6,0,16,1,5371.07,0.35589783318983675,MEDIUM,Request customer authentication,Customer notification,1
TXN00870,CUST0043,7934.96,Net Banking,Shopping,55,5,4,Authentication Failed,3,15.8,0,7,0,0.0,0.355744546381585,MEDIUM,Request customer authentication,Customer notification,0
TXN04998,CUST1300,4257.39,UPI,Utilities,10,19,5,Insufficient Balance,2,22.9,1,1,0,0.0,0.35521047573280773,MEDIUM,Ask customer to add funds or use another method,Customer notification,0
TXN01797,CUST0738,5894.44,UPI,Entertainment,33,4,0,Insufficient Balance,2,19.0,1,0,0,0.0,0.3548514014716821,MEDIUM,Ask customer to add funds or use another method,Customer notification,0
TXN03165,CUST0156,9450.19,Card,Travel,43,6,6,Authentication Failed,1,61.2,1,7,0,0.0,0.35484141080919457,MEDIUM,Request customer authentication,Customer notification,0
TXN03548,CUST0125,4778.5,Card,Entertainment,2,5,0,Timeout,2,31.3,0,10,0,0.0,0.35483505180553954,MEDIUM,Retry payment after short delay,Automatic retry,0
TXN04848,CUST0895,7988.8,UPI,Food,58,5,0,Network Error,2,63.5,0,17,0,0.0,0.3548083187471014,MEDIUM,Retry payment,Automatic retry,0
TXN04266,CUST1215,5647.95,Card,Food,40,13,6,Timeout,3,62.9,0,10,0,0.0,0.35430785942964926,MEDIUM,Retry payment after short delay,Automatic retry,0
TXN00589,CUST0445,1145.36,Card,Entertainment,7,15,7,Bank Declined,1,44.8,0,17,0,0.0,0.35428870716168676,MEDIUM,Suggest alternative payment method,Customer notification,0
TXN00866,CUST0053,4752.16,Net Banking,Shopping,47,12,4,Bank Declined,1,64.2,0,10,0,0.0,0.3542464891922647,MEDIUM,Suggest alternative payment method,Customer notification,0
TXN02384,CUST1014,4883.03,UPI,Entertainment,35,6,4,Timeout,1,64.6,0,11,0,0.0,0.3541157404966694,MEDIUM,Retry payment after short delay,Automatic retry,0
TXN03481,CUST1212,5358.89,Net Banking,Food,1,14,7,Authentication Failed,2,48.8,1,21,0,0.0,0.35370907909186067,MEDIUM,Request customer authentication,Customer notification,0
TXN04239,CUST0504,9349.27,Card,Food,3,11,2,Timeout,3,52.6,1,12,0,0.0,0.3536992550335348,MEDIUM,Retry payment after short delay,Automatic retry,0
TXN01526,CUST1297,4898.43,Net Banking,Food,18,11,2,Insufficient Balance,1,47.3,0,23,0,0.0,0.3535232014367457,MEDIUM,Ask customer to add funds or use another method,Customer notification,0
TXN01661,CUST0521,1095.57,UPI,Utilities,60,12,5,Insufficient Balance,1,45.4,0,15,0,0.0,0.35349835351695774,MEDIUM,Ask customer to add funds or use another method,Customer notification,0
TXN04129,CUST0693,3486.02,Card,Food,58,12,2,Insufficient Balance,3,47.5,0,14,0,0.0,0.3534836396377908,MEDIUM,Ask customer to add funds or use another method,Customer notification,0
TXN04660,CUST0825,4151.33,UPI,Entertainment,22,6,0,Bank Declined,2,26.2,0,8,0,0.0,0.35346563780020746,MEDIUM,Suggest alternative payment method,Customer notification,0
TXN03745,CUST1239,1434.0,Wallet,Utilities,45,5,2,Network Error,1,52.1,0,6,0,0.0,0.35337573519671783,MEDIUM,Retry payment,Automatic retry,0
TXN02786,CUST0136,8112.76,Wallet,Food,11,20,6,Bank Declined,2,25.0,0,22,0,0.0,0.3532970055674113,MEDIUM,Suggest alternative payment method,Customer notification,0
TXN00665,CUST1475,6761.19,Net Banking,Food,15,12,2,Insufficient Balance,2,51.3,0,8,0,0.0,0.35328149455384683,MEDIUM,Ask customer to add funds or use another method,Customer notification,0
TXN00821,CUST0763,1229.99,Card,Travel,46,2,5,Network Error,2,4.6,0,12,0,0.0,0.35326239599565734,MEDIUM,Retry payment,Automatic retry,0
TXN04762,CUST0336,5713.42,Wallet,Shopping,15,12,2,Authentication Failed,3,65.8,0,16,0,0.0,0.3532326974706649,MEDIUM,Request customer authentication,Customer notification,0
TXN00309,CUST1301,8663.13,Card,Utilities,50,14,4,Insufficient Balance,3,9.0,0,1,0,0.0,0.3530942184976312,MEDIUM,Ask customer to add funds or use another method,Customer notification,0
TXN03653,CUST1072,9946.48,Net Banking,Food,14,12,7,Network Error,3,44.3,0,16,0,0.0,0.3528228983441392,MEDIUM,Retry payment,Automatic retry,0
TXN00958,CUST0126,5933.22,UPI,Food,12,18,5,Bank Declined,1,70.7,0,3,0,0.0,0.35270512638439355,MEDIUM,Suggest alternative payment method,Customer notification,0
TXN01103,CUST1007,7258.41,UPI,Entertainment,59,3,3,Network Error,3,42.2,1,14,0,0.0,0.3526299663060422,MEDIUM,Retry payment,Automatic retry,0
TXN02421,CUST0627,9460.4,UPI,Utilities,37,4,1,Authentication Failed,3,43.9,0,14,0,0.0,0.352405655973407,MEDIUM,Request customer authentication,Customer notification,0
TXN03783,CUST1229,5531.48,Wallet,Travel,57,17,3,Insufficient Balance,2,42.7,1,5,0,0.0,0.3522776854432626,MEDIUM,Ask customer to add funds or use another method,Customer notification,0
TXN01195,CUST0779,730.48,Card,Shopping,44,12,2,Insufficient Balance,2,37.6,0,9,0,0.0,0.352216355825777,MEDIUM,Ask customer to add funds or use another method,Customer notification,0
TXN02360,CUST0288,9886.06,Card,Food,18,16,1,Insufficient Balance,2,67.3,0,12,0,0.0,0.3522138844436066,MEDIUM,Ask customer to add funds or use another method,Customer notification,0
TXN03067,CUST1012,456.06,Card,Entertainment,36,6,4,Timeout,3,30.6,0,19,0,0.0,0.3520471227014532,MEDIUM,Retry payment after short delay,Automatic retry,0
TXN04565,CUST0549,3518.91,Card,Travel,39,4,3,Timeout,3,26.4,0,9,0,0.0,0.35198812433139026,MEDIUM,Retry payment after short delay,Automatic retry,0
TXN04573,CUST0123,659.19,Card,Entertainment,20,14,6,Bank Declined,3,32.2,0,22,0,0.0,0.3519651670659078,MEDIUM,Suggest alternative payment method,Customer notification,0
TXN01181,CUST1348,5504.64,Card,Entertainment,45,10,7,Timeout,3,46.3,0,3,0,0.0,0.3519537159664623,MEDIUM,Retry payment after short delay,Automatic retry,0
TXN03109,CUST0220,6993.99,UPI,Entertainment,15,16,4,Insufficient Balance,2,61.9,0,11,0,0.0,0.3519383806286415,MEDIUM,Ask customer to add funds or use another method,Customer notification,0
TXN01443,CUST0098,7155.39,Wallet,Shopping,12,5,4,Timeout,1,9.1,0,9,0,0.0,0.3518271682315227,MEDIUM,Retry payment after short delay,Automatic retry,0
TXN03105,CUST0283,5633.64,Net Banking,Entertainment,16,1,1,Timeout,3,2.4,0,5,0,0.0,0.35146780761366875,MEDIUM,Retry payment after short delay,Automatic retry,0
TXN02296,CUST0726,3722.4,Card,Travel,23,13,6,Timeout,3,39.7,1,21,0,0.0,0.3513755440929059,MEDIUM,Retry payment after short delay,Automatic retry,0
TXN03395,CUST0127,3937.48,Wallet,Travel,9,8,7,Timeout,1,41.2,1,11,0,0.0,0.3510945010788255,MEDIUM,Retry payment after short delay,Automatic retry,0
TXN00479,CUST0154,2415.58,Net Banking,Shopping,20,5,1,Authentication Failed,2,37.4,0,23,0,0.0,0.3507511178107973,MEDIUM,Request customer authentication,Customer notification,0
TXN01180,CUST1008,4907.9,Card,Utilities,56,1,1,Authentication Failed,2,27.9,0,2,0,0.0,0.3507056390518318,MEDIUM,Request customer authentication,Customer notification,0
TXN04854,CUST0727,4425.85,Wallet,Utilities,15,13,2,Bank Declined,1,68.8,0,7,0,0.0,0.35064907729650696,MEDIUM,Suggest alternative payment method,Customer notification,0
TXN00894,CUST0534,5712.24,Wallet,Food,59,12,6,Bank Declined,1,69.1,1,8,0,0.0,0.35064237658197916,MEDIUM,Suggest alternative payment method,Customer notification,0
TXN03717,CUST1382,8222.64,Net Banking,Food,27,10,7,Authentication Failed,2,48.3,0,12,0,0.0,0.3506038101827164,MEDIUM,Request customer authentication,Customer notification,0
TXN04138,CUST1290,4179.76,UPI,Utilities,18,5,3,Network Error,2,15.3,0,8,0,0.0,0.3505853448488025,MEDIUM,Retry payment,Automatic retry,0
TXN04463,CUST0821,4138.83,Card,Utilities,53,6,3,Bank Declined,1,39.5,0,22,0,0.0,0.350518854480227,MEDIUM,Suggest alternative payment method,Customer notification,0
TXN03970,CUST1128,5007.34,Wallet,Food,20,4,3,Authentication Failed,2,2.6,0,22,0,0.0,0.35033274659391206,MEDIUM,Request customer authentication,Customer notification,0
TXN00720,CUST0972,8171.24,Net Banking,Shopping,37,19,3,Bank Declined,3,47.9,0,15,0,0.0,0.35026314500851763,MEDIUM,Suggest alternative payment method,Customer notification,0
TXN00884,CUST0093,9956.81,UPI,Entertainment,31,1,3,Authentication Failed,3,7.0,1,5,0,0.0,0.34999620452414315,MEDIUM,Request customer authentication,Customer notification,0
TXN04689,CUST0974,1167.75,UPI,Utilities,3,7,0,Bank Declined,2,20.7,1,9,0,0.0,0.3499828298670916,MEDIUM,Suggest alternative payment method,Customer notification,0
TXN04582,CUST0512,7257.14,Net Banking,Travel,56,14,3,Insufficient Balance,3,3.6,0,3,0,0.0,0.3499297587733627,MEDIUM,Ask customer to add funds or use another method,Customer notification,0
TXN03879,CUST1027,9729.0,Card,Entertainment,44,15,5,Insufficient Balance,1,44.9,0,8,0,0.0,0.3498309225954525,MEDIUM,Ask customer to add funds or use another method,Customer notification,0
TXN01808,CUST0884,3661.23,UPI,Travel,28,13,1,Insufficient Balance,2,40.8,0,13,0,0.0,0.3497356430847859,MEDIUM,Ask customer to add funds or use another method,Customer notification,0
TXN01652,CUST0952,4715.91,Net Banking,Food,8,12,5,Bank Declined,2,22.4,0,12,0,0.0,0.3497200826183249,MEDIUM,Suggest alternative payment method,Customer notification,0
TXN02111,CUST1330,2276.63,UPI,Utilities,49,15,1,Insufficient Balance,3,18.1,0,15,0,0.0,0.3496649949373804,MEDIUM,Ask customer to add funds or use another method,Customer notification,0
TXN01766,CUST1041,565.23,Card,Food,57,14,7,Bank Declined,2,19.8,0,6,0,0.0,0.34930410199595885,MEDIUM,Suggest alternative payment method,Customer notification,0
TXN01744,CUST1350,6249.74,Net Banking,Shopping,25,2,6,Timeout,1,20.1,0,13,0,0.0,0.34921941691658753,MEDIUM,Retry payment after short delay,Automatic retry,0
TXN03708,CUST0194,6277.2,Card,Utilities,21,3,2,Authentication Failed,2,6.4,0,10,0,0.0,0.3491027737568583,MEDIUM,Request customer authentication,Customer notification,0
TXN02804,CUST0112,2233.58,Wallet,Food,39,9,6,Bank Declined,1,12.0,0,0,0,0.0,0.34899984535974066,MEDIUM,Suggest alternative payment method,Customer notification,0
TXN04811,CUST0951,501.9,UPI,Entertainment,5,13,2,Bank Declined,1,71.2,1,7,0,0.0,0.348991827585441,MEDIUM,Suggest alternative payment method,Customer notification,0
TXN03781,CUST0703,1101.52,UPI,Utilities,52,13,7,Network Error,3,61.7,0,18,0,0.0,0.348747844874725,MEDIUM,Retry payment,Automatic retry,0
TXN01580,CUST0921,7505.36,Card,Entertainment,27,18,4,Bank Declined,2,69.3,1,20,0,0.0,0.3487311141924281,MEDIUM,Suggest alternative payment method,Customer notification,0
TXN03304,CUST1059,7666.09,UPI,Entertainment,37,17,4,Insufficient Balance,3,11.8,0,0,0,0.0,0.3486928556183971,MEDIUM,Ask customer to add funds or use another method,Customer notification,0
TXN01590,CUST0146,5369.01,Wallet,Food,59,8,4,Timeout,3,36.3,1,17,0,0.0,0.34859391720183913,MEDIUM,Retry payment after short delay,Automatic retry,0
TXN01049,CUST0172,8292.24,Net Banking,Food,7,20,6,Insufficient Balance,2,2.3,0,2,0,0.0,0.34846033480081856,MEDIUM,Ask customer to add funds or use another method,Customer notification,0
TXN04983,CUST0515,3844.91,Net Banking,Travel,48,4,6,Timeout,3,18.2,0,3,0,0.0,0.3484482852349923,MEDIUM,Retry payment after short delay,Automatic retry,0
TXN04456,CUST0258,844.5,UPI,Entertainment,4,4,1,Insufficient Balance,1,5.3,1,4,0,0.0,0.3484415792402711,MEDIUM,Ask customer to add funds or use another method,Customer notification,0
TXN02068,CUST0513,9303.53,Wallet,Entertainment,59,2,3,Network Error,1,71.5,0,1,0,0.0,0.3481191710663353,MEDIUM,Retry payment,Automatic retry,0
TXN03676,CUST0320,6915.17,Card,Travel,12,10,2,Network Error,2,70.1,0,6,0,0.0,0.3479743869283509,MEDIUM,Retry payment,Automatic retry,0
TXN00298,CUST0099,149.76,Net Banking,Food,16,16,3,Insufficient Balance,1,50.6,0,3,0,0.0,0.3479053656038542,MEDIUM,Ask customer to add funds or use another method,Customer notification,0
TXN03089,CUST0905,7324.73,Net Banking,Food,25,5,2,Timeout,3,34.5,0,6,0,0.0,0.3478134349628418,MEDIUM,Retry payment after short delay,Automatic retry,0
TXN04800,CUST0333,9101.4,Card,Travel,21,15,7,Insufficient Balance,2,19.5,1,14,0,0.0,0.3477366735798957,MEDIUM,Ask customer to add funds or use another method,Customer notification,0
TXN00895,CUST1429,3580.27,Wallet,Entertainment,13,10,6,Authentication Failed,2,12.5,0,11,0,0.0,0.3476951282529098,MEDIUM,Request customer authentication,Customer notification,0
TXN04095,CUST0171,8375.76,UPI,Utilities,50,8,3,Network Error,3,52.7,0,3,0,0.0,0.3475812064753036,MEDIUM,Retry payment,Automatic retry,0
TXN01267,CUST0032,5347.62,UPI,Utilities,37,14,4,Bank Declined,1,48.3,0,1,0,0.0,0.3475425499988779,MEDIUM,Suggest alternative payment method,Customer notification,0
TXN00489,CUST0094,9976.47,Net Banking,Travel,22,3,1,Authentication Failed,2,53.1,1,9,0,0.0,0.34722079553219787,MEDIUM,Request customer authentication,Customer notification,0
TXN04634,CUST0622,1386.0,UPI,Shopping,46,19,7,Insufficient Balance,2,24.9,0,22,0,0.0,0.3471196960225245,MEDIUM,Ask customer to add funds or use another method,Customer notification,0
TXN04112,CUST1271,6077.07,UPI,Utilities,54,6,0,Authentication Failed,3,35.5,0,1,0,0.0,0.3467972473293271,MEDIUM,Request customer authentication,Customer notification,0
TXN03962,CUST1250,6927.42,Net Banking,Entertainment,35,9,7,Bank Declined,2,2.7,1,10,0,0.0,0.34655777719641834,MEDIUM,Suggest alternative payment method,Customer notification,0
TXN01588,CUST0376,2009.42,Net Banking,Food,55,11,0,Authentication Failed,3,59.8,0,3,0,0.0,0.3464194703528467,MEDIUM,Request customer authentication,Customer notification,0
TXN02757,CUST0860,121.62,Net Banking,Entertainment,12,20,5,Authentication Failed,3,67.5,0,0,0,0.0,0.3462921050357328,MEDIUM,Request customer authentication,Customer notification,0
TXN02228,CUST0944,7791.25,Net Banking,Food,12,12,4,Bank Declined,1,45.4,0,10,0,0.0,0.3461752364165449,MEDIUM,Suggest alternative payment method,Customer notification,0
TXN00070,CUST0035,6228.02,Wallet,Food,19,3,1,Timeout,2,6.7,0,6,0,0.0,0.3459297537491119,MEDIUM,Retry payment after short delay,Automatic retry,0
TXN04104,CUST0889,8761.48,Card,Utilities,54,12,5,Bank Declined,2,44.3,0,4,0,0.0,0.3457470042603718,MEDIUM,Suggest alternative payment method,Customer notification,0
TXN01457,CUST0365,962.0,Card,Entertainment,23,5,4,Bank Declined,1,24.5,1,10,0,0.0,0.34555231742135356,MEDIUM,Suggest alternative payment method,Customer notification,0
TXN01155,CUST1307,7288.5,Card,Shopping,27,13,4,Bank Declined,1,62.4,0,20,0,0.0,0.3454638077905866,MEDIUM,Suggest alternative payment method,Customer notification,0
TXN01698,CUST0336,5374.99,Card,Shopping,36,2,5,Timeout,3,22.1,1,6,0,0.0,0.34545042034456663,MEDIUM,Retry payment after short delay,Automatic retry,0
TXN02765,CUST1487,8950.67,Net Banking,Entertainment,7,1,1,Authentication Failed,1,43.9,0,9,0,0.0,0.3453868507660169,MEDIUM,Request customer authentication,Customer notification,0
TXN04464,CUST1103,3313.09,Net Banking,Travel,22,14,7,Timeout,2,62.1,0,6,0,0.0,0.3449993345090621,MEDIUM,Retry payment after short delay,Automatic retry,0
TXN02275,CUST0909,5502.12,Card,Entertainment,52,1,6,Network Error,1,28.2,0,4,0,0.0,0.34480612202821864,MEDIUM,Retry payment,Automatic retry,0
TXN02397,CUST0116,3513.22,UPI,Food,51,8,2,Network Error,2,53.0,0,1,0,0.0,0.3447514118769548,MEDIUM,Retry payment,Automatic retry,0
TXN02385,CUST0381,725.51,Wallet,Travel,30,19,1,Insufficient Balance,2,40.2,0,17,0,0.0,0.34465412550938557,MEDIUM,Ask customer to add funds or use another method,Customer notification,0
TXN03308,CUST0480,7399.99,Wallet,Travel,51,5,0,Authentication Failed,2,60.6,0,14,0,0.0,0.34465101386761626,MEDIUM,Request customer authentication,Customer notification,0
TXN00270,CUST0002,3569.09,Wallet,Travel,38,12,3,Insufficient Balance,1,20.4,0,5,0,0.0,0.3445646131786594,MEDIUM,Ask customer to add funds or use another method,Customer notification,0
TXN04724,CUST0560,4852.89,UPI,Food,43,12,0,Insufficient Balance,3,43.6,0,1,0,0.0,0.34441506649443027,MEDIUM,Ask customer to add funds or use another method,Customer notification,0
TXN04991,CUST0383,115.64,Wallet,Shopping,25,13,1,Bank Declined,3,26.5,1,0,0,0.0,0.34428692026127117,MEDIUM,Suggest alternative payment method,Customer notification,0
TXN00597,CUST0851,4500.83,Card,Entertainment,18,7,1,Network Error,3,41.1,0,2,0,0.0,0.3438528994771424,MEDIUM,Retry payment,Automatic retry,0
TXN01159,CUST0872,3201.34,Card,Food,10,11,5,Bank Declined,1,38.0,0,15,0,0.0,0.3438143582797718,MEDIUM,Suggest alternative payment method,Customer notification,0
TXN04893,CUST0062,1198.85,Wallet,Utilities,58,13,0,Network Error,3,63.8,1,11,0,0.0,0.343559823076559,MEDIUM,Retry payment,Automatic retry,0
TXN04217,CUST1341,8137.9,Net Banking,Shopping,10,1,2,Timeout,1,26.2,0,15,0,0.0,0.3435428127961723,MEDIUM,Retry payment after short delay,Automatic retry,0
TXN02396,CUST1495,8603.43,Net Banking,Entertainment,25,0,3,Network Error,3,26.4,0,0,0,0.0,0.3435343031655863,MEDIUM,Retry payment,Automatic retry,0
TXN02588,CUST0213,7669.23,Net Banking,Food,53,10,6,Timeout,2,66.1,0,17,0,0.0,0.3433466847079603,MEDIUM,Retry payment after short delay,Automatic retry,0
TXN04741,CUST1338,1427.78,Wallet,Food,15,8,1,Timeout,1,49.8,0,4,0,0.0,0.34331923189579155,MEDIUM,Retry payment after short delay,Automatic retry,0
TXN03148,CUST1458,4432.7,Wallet,Travel,14,15,1,Bank Declined,3,56.9,1,18,0,0.0,0.34318919433121037,MEDIUM,Suggest alternative payment method,Customer notification,0
TXN01242,CUST1003,8638.72,Card,Utilities,22,13,4,Insufficient Balance,2,7.1,0,0,0,0.0,0.34316684749239257,MEDIUM,Ask customer to add funds or use another method,Customer notification,0
TXN01217,CUST0937,972.71,Card,Entertainment,12,3,1,Timeout,3,20.5,1,13,0,0.0,0.3430402707462648,MEDIUM,Retry payment after short delay,Automatic retry,0
TXN02555,CUST0785,9041.59,Card,Shopping,38,17,6,Insufficient Balance,1,60.0,0,0,0,0.0,0.34301158227769013,MEDIUM,Ask customer to add funds or use another method,Customer notification,0
TXN04376,CUST1083,4863.76,Card,Shopping,24,16,6,Insufficient Balance,1,55.4,0,5,0,0.0,0.3426339642914688,MEDIUM,Ask customer to add funds or use another method,Customer notification,0
TXN03838,CUST0929,810.14,Card,Entertainment,29,8,1,Authentication Failed,2,57.9,1,12,0,0.0,0.3422853650531671,MEDIUM,Request customer authentication,Customer notification,0
TXN04505,CUST1295,6513.44,Wallet,Food,40,8,6,Timeout,1,68.1,0,1,0,0.0,0.3422815657450276,MEDIUM,Retry payment after short delay,Automatic retry,0
TXN02340,CUST0590,4631.66,Net Banking,Travel,33,12,7,Timeout,3,52.1,0,21,0,0.0,0.34227593160428066,MEDIUM,Retry payment after short delay,Automatic retry,0
TXN04227,CUST0306,3234.32,Card,Food,34,4,3,Network Error,1,68.8,0,19,0,0.0,0.3420132541182792,MEDIUM,Retry payment,Automatic retry,0
TXN02671,CUST0499,1323.31,UPI,Shopping,25,11,0,Authentication Failed,3,60.8,0,10,0,0.0,0.3417516368589434,MEDIUM,Request customer authentication,Customer notification,0
TXN01667,CUST1250,3566.97,Wallet,Shopping,17,11,4,Authentication Failed,2,44.5,0,15,0,0.0,0.3415651696057697,MEDIUM,Request customer authentication,Customer notification,0
TXN01770,CUST0886,6325.84,Card,Travel,28,4,4,Authentication Failed,1,55.3,1,4,0,0.0,0.3415242663490641,MEDIUM,Request customer authentication,Customer notification,0
TXN01924,CUST1383,684.6,Wallet,Entertainment,58,13,6,Bank Declined,2,54.9,1,10,0,0.0,0.34149902866561094,MEDIUM,Suggest alternative payment method,Customer notification,0
TXN03156,CUST0457,6200.78,Net Banking,Food,38,14,0,Insufficient Balance,3,57.0,1,22,0,0.0,0.341488600869114,MEDIUM,Ask customer to add funds or use another method,Customer notification,0
TXN04447,CUST0481,5685.53,Card,Entertainment,34,9,6,Network Error,2,59.3,0,14,0,0.0,0.34133211375837214,MEDIUM,Retry payment,Automatic retry,0
TXN00634,CUST1198,1602.58,Net Banking,Utilities,14,12,4,Timeout,3,47.9,0,5,0,0.0,0.34112472658687076,MEDIUM,Retry payment after short delay,Automatic retry,0
TXN02401,CUST0453,7178.03,Card,Shopping,2,6,1,Authentication Failed,1,59.2,0,6,0,0.0,0.34101149528886915,MEDIUM,Request customer authentication,Customer notification,0
TXN01916,CUST0887,9562.85,UPI,Utilities,14,11,3,Timeout,3,26.7,0,4,0,0.0,0.34086323407220553,MEDIUM,Retry payment after short delay,Automatic retry,0
TXN04365,CUST1307,4593.3,Net Banking,Food,8,4,2,Network Error,1,9.8,0,6,0,0.0,0.3407396371883297,MEDIUM,Retry payment,Automatic retry,0
TXN04100,CUST0944,2037.89,Card,Entertainment,26,17,5,Insufficient Balance,2,49.9,0,8,0,0.0,0.3406516836551073,MEDIUM,Ask customer to add funds or use another method,Customer notification,0
TXN02212,CUST0328,8400.16,Wallet,Shopping,9,9,3,Network Error,2,64.0,0,4,0,0.0,0.34062071950616096,MEDIUM,Retry payment,Automatic retry,0
TXN02172,CUST0489,9832.34,Net Banking,Food,18,14,6,Bank Declined,2,8.0,0,23,0,0.0,0.3406124057035563,MEDIUM,Suggest alternative payment method,Customer notification,0
TXN04230,CUST0537,7292.32,Card,Shopping,22,20,7,Bank Declined,2,28.0,0,7,0,0.0,0.3404964437112335,MEDIUM,Suggest alternative payment method,Customer notification,0
TXN02200,CUST0736,4026.25,Net Banking,Utilities,27,10,2,Authentication Failed,3,55.2,0,13,0,0.0,0.3404318482857553,MEDIUM,Request customer authentication,Customer notification,0
TXN02473,CUST1486,4736.18,Card,Utilities,49,16,6,Insufficient Balance,2,48.7,1,15,0,0.0,0.34041938863864446,MEDIUM,Ask customer to add funds or use another method,Customer notification,0
TXN03201,CUST0855,2633.14,Wallet,Travel,3,13,7,Bank Declined,2,3.1,1,10,0,0.0,0.34040634868873276,MEDIUM,Suggest alternative payment method,Customer notification,0
TXN00075,CUST1022,4410.4,Net Banking,Food,17,7,3,Timeout,3,36.1,1,9,0,0.0,0.3404029311114454,MEDIUM,Retry payment after short delay,Automatic retry,0
TXN00915,CUST0048,244.21,Wallet,Entertainment,3,16,2,Insufficient Balance,2,11.7,0,2,0,0.0,0.3402710627736462,MEDIUM,Ask customer to add funds or use another method,Customer notification,0
TXN04707,CUST1199,5556.3,UPI,Travel,8,17,6,Insufficient Balance,1,52.5,1,20,0,0.0,0.3402369455745098,MEDIUM,Ask customer to add funds or use another method,Customer notification,0
TXN04485,CUST0083,9722.31,Card,Food,7,20,1,Insufficient Balance,3,66.9,0,8,0,0.0,0.3401985163480059,MEDIUM,Ask customer to add funds or use another method,Customer notification,0
TXN03666,CUST1037,9962.02,Wallet,Entertainment,41,7,0,Network Error,3,55.0,0,1,0,0.0,0.33998367171406557,MEDIUM,Retry payment,Automatic retry,0
TXN00163,CUST1060,2866.22,Net Banking,Entertainment,47,11,6,Bank Declined,1,29.2,0,12,0,0.0,0.33984642384004365,MEDIUM,Suggest alternative payment method,Customer notification,0
TXN04201,CUST0628,1374.6,Card,Shopping,55,14,6,Insufficient Balance,2,29.1,0,7,0,0.0,0.3397373019755652,MEDIUM,Ask customer to add funds or use another method,Customer notification,0
TXN04774,CUST0429,9811.76,Wallet,Utilities,22,13,2,Insufficient Balance,2,53.9,0,11,0,0.0,0.3394379783877548,MEDIUM,Ask customer to add funds or use another method,Customer notification,0
TXN00694,CUST1173,908.51,Net Banking,Food,57,0,3,Bank Declined,2,29.9,1,7,0,0.0,0.3393547919577633,MEDIUM,Suggest alternative payment method,Customer notification,0
TXN04782,CUST0435,7293.38,UPI,Utilities,5,14,4,Bank Declined,1,60.6,0,15,0,0.0,0.33913577244647164,MEDIUM,Suggest alternative payment method,Customer notification,0
TXN02438,CUST0738,6016.56,Card,Shopping,12,4,7,Network Error,1,6.8,1,4,0,0.0,0.33891629917126687,MEDIUM,Retry payment,Automatic retry,0
TXN04669,CUST0495,9626.78,UPI,Shopping,54,1,2,Network Error,3,63.3,0,19,0,0.0,0.33880196545530994,MEDIUM,Retry payment,Automatic retry,0
TXN03971,CUST0393,3394.07,Card,Travel,42,6,1,Insufficient Balance,2,16.2,0,19,0,0.0,0.33863652726919213,MEDIUM,Ask customer to add funds or use another method,Customer notification,0
TXN00674,CUST0895,344.37,Net Banking,Travel,14,14,5,Authentication Failed,2,56.4,0,1,0,0.0,0.33812972469646424,MEDIUM,Request customer authentication,Customer notification,0
TXN02857,CUST0766,9926.99,UPI,Travel,1,20,0,Bank Declined,3,50.1,0,22,0,0.0,0.3381294824355755,MEDIUM,Suggest alternative payment method,Customer notification,0
TXN04521,CUST1135,9997.44,Net Banking,Entertainment,25,10,6,Timeout,1,70.0,1,16,0,0.0,0.3380845056734956,MEDIUM,Retry payment after short delay,Automatic retry,0
TXN01684,CUST1064,1046.84,Card,Utilities,53,15,7,Network Error,3,49.9,0,13,0,0.0,0.33798778831293363,MEDIUM,Retry payment,Automatic retry,0
TXN01539,CUST0983,6700.64,Net Banking,Entertainment,27,14,2,Bank Declined,3,41.5,0,3,0,0.0,0.3379762788085373,MEDIUM,Suggest alternative payment method,Customer notification,0
TXN01251,CUST1385,9124.0,Net Banking,Travel,30,14,3,Insufficient Balance,1,58.9,0,8,0,0.0,0.33771734200061737,MEDIUM,Ask customer to add funds or use another method,Customer notification,0
TXN00625,CUST0751,7831.1,Net Banking,Entertainment,55,5,6,Timeout,2,47.1,1,8,0,0.0,0.3377165140199716,MEDIUM,Retry payment after short delay,Automatic retry,0
TXN00253,CUST0864,7519.32,Wallet,Entertainment,58,8,0,Bank Declined,3,22.7,0,11,0,0.0,0.3376002784921617,MEDIUM,Suggest alternative payment method,Customer notification,0
TXN04846,CUST1116,7257.01,Card,Utilities,15,8,1,Insufficient Balance,2,2.4,0,14,0,0.0,0.33732849961634204,MEDIUM,Ask customer to add funds or use another method,Customer notification,0
TXN00838,CUST1330,5300.06,Net Banking,Food,27,19,2,Bank Declined,3,66.4,0,13,0,0.0,0.3371471150965689,MEDIUM,Suggest alternative payment method,Customer notification,0
TXN00588,CUST0396,5501.26,Wallet,Travel,28,18,0,Bank Declined,3,62.0,0,16,0,0.0,0.33687377444838307,MEDIUM,Suggest alternative payment method,Customer notification,0
TXN00832,CUST0435,4208.11,UPI,Food,59,6,3,Timeout,3,57.7,0,10,0,0.0,0.3366176672538482,MEDIUM,Retry payment after short delay,Automatic retry,0
TXN04436,CUST1132,3354.87,Wallet,Entertainment,21,4,3,Authentication Failed,2,5.5,0,11,0,0.0,0.3365476389044017,MEDIUM,Request customer authentication,Customer notification,0
TXN02108,CUST1275,6466.73,Wallet,Shopping,48,11,1,Authentication Failed,3,61.8,0,13,0,0.0,0.3364649880516971,MEDIUM,Request customer authentication,Customer notification,0
TXN01795,CUST0570,867.08,UPI,Utilities,53,3,0,Authentication Failed,3,43.2,1,7,0,0.0,0.3362139445129296,MEDIUM,Request customer authentication,Customer notification,0
TXN00447,CUST1130,8381.34,Net Banking,Shopping,39,11,7,Timeout,2,62.9,0,21,0,0.0,0.33618554738534706,MEDIUM,Retry payment after short delay,Automatic retry,0
TXN02858,CUST0536,7013.55,Card,Travel,58,5,5,Network Error,1,53.1,0,1,0,0.0,0.3361213963840452,MEDIUM,Retry payment,Automatic retry,0
TXN00500,CUST1313,7785.28,Card,Food,11,11,7,Network Error,3,47.9,0,23,0,0.0,0.3360451081096385,MEDIUM,Retry payment,Automatic retry,0
TXN00539,CUST0754,1406.46,Wallet,Food,15,10,4,Authentication Failed,3,27.1,1,16,0,0.0,0.3358359217945393,MEDIUM,Request customer authentication,Customer notification,0
TXN02701,CUST0767,1208.92,Wallet,Shopping,39,7,7,Authentication Failed,1,40.9,0,11,0,0.0,0.33561078593277005,MEDIUM,Request customer authentication,Customer notification,0
TXN00153,CUST1265,8909.85,Net Banking,Shopping,48,2,1,Bank Declined,2,26.4,0,20,0,0.0,0.3355715534135318,MEDIUM,Suggest alternative payment method,Customer notification,0
TXN02030,CUST0293,1005.73,Card,Entertainment,38,10,4,Insufficient Balance,2,12.1,0,18,0,0.0,0.3355388087209982,MEDIUM,Ask customer to add funds or use another method,Customer notification,0
TXN00852,CUST0759,2617.19,Card,Food,8,10,6,Authentication Failed,2,30.0,0,20,0,0.0,0.3353538094843956,MEDIUM,Request customer authentication,Customer notification,0
TXN00797,CUST0001,5344.17,Wallet,Utilities,50,10,0,Authentication Failed,3,71.5,0,5,0,0.0,0.3353218283310964,MEDIUM,Request customer authentication,Customer notification,0
TXN03417,CUST1367,6064.17,Wallet,Entertainment,17,7,4,Timeout,3,2.7,1,20,0,0.0,0.33522868431253355,MEDIUM,Retry payment after short delay,Automatic retry,0
TXN02558,CUST1404,6706.59,UPI,Food,49,9,4,Authentication Failed,2,49.0,0,17,0,0.0,0.3351782606330636,MEDIUM,Request customer authentication,Customer notification,0
TXN00863,CUST0984,6182.56,UPI,Shopping,44,4,2,Network Error,3,37.0,0,5,0,0.0,0.33517052247943574,MEDIUM,Retry payment,Automatic retry,0
TXN04367,CUST1425,3251.69,Card,Travel,40,8,4,Authentication Failed,1,53.9,0,14,0,0.0,0.334981973979258,MEDIUM,Request customer authentication,Customer notification,0
TXN01276,CUST0018,556.02,Net Banking,Food,53,5,5,Bank Declined,1,3.6,1,8,0,0.0,0.3349789150247105,MEDIUM,Suggest alternative payment method,Customer notification,0
TXN01679,CUST0973,6883.23,Wallet,Travel,24,2,2,Network Error,2,24.5,0,9,0,0.0,0.3348894629148231,MEDIUM,Retry payment,Automatic retry,0
TXN01559,CUST0414,1866.32,Net Banking,Shopping,39,12,6,Bank Declined,2,50.6,1,9,0,0.0,0.33465496600595807,MEDIUM,Suggest alternative payment method,Customer notification,0
TXN04427,CUST1463,4082.52,Net Banking,Travel,32,20,2,Bank Declined,3,52.1,0,20,0,0.0,0.33465348378779625,MEDIUM,Suggest alternative payment method,Customer notification,0
TXN01827,CUST0934,8244.76,Net Banking,Food,48,9,5,Authentication Failed,2,52.6,1,3,0,0.0,0.33464311422482695,MEDIUM,Request customer authentication,Customer notification,0
TXN02352,CUST0459,8074.41,Net Banking,Shopping,58,2,7,Authentication Failed,2,2.8,1,13,0,0.0,0.33446219782339276,MEDIUM,Request customer authentication,Customer notification,0
TXN03138,CUST0196,9750.22,UPI,Entertainment,2,7,1,Timeout,2,41.6,1,15,0,0.0,0.3343474963075657,MEDIUM,Retry payment after short delay,Automatic retry,0
TXN03723,CUST0045,7396.93,Card,Utilities,11,7,7,Network Error,2,35.2,1,22,0,0.0,0.33425781246522385,MEDIUM,Retry payment,Automatic retry,0
TXN01639,CUST0062,1878.04,Card,Food,14,6,0,Insufficient Balance,2,13.5,0,13,0,0.0,0.33423063934330244,MEDIUM,Ask customer to add funds or use another method,Customer notification,0
TXN04111,CUST1462,9423.98,Wallet,Travel,57,4,0,Insufficient Balance,1,25.3,1,12,0,0.0,0.3340101563832588,MEDIUM,Ask customer to add funds or use another method,Customer notification,0
TXN03108,CUST0929,9794.71,Card,Shopping,31,12,2,Insufficient Balance,2,43.4,0,20,0,0.0,0.3338969250839541,MEDIUM,Ask customer to add funds or use another method,Customer notification,0
TXN02823,CUST1094,8839.95,UPI,Utilities,31,17,7,Bank Declined,2,12.1,1,17,0,0.0,0.33378810335583375,MEDIUM,Suggest alternative payment method,Customer notification,0
TXN03600,CUST0104,9968.4,Card,Shopping,26,14,4,Bank Declined,1,44.7,0,5,0,0.0,0.3337458312029377,MEDIUM,Suggest alternative payment method,Customer notification,0
TXN02320,CUST0993,4943.46,Card,Entertainment,4,11,0,Network Error,3,67.2,0,0,0,0.0,0.333293652293595,MEDIUM,Retry payment,Automatic retry,0
TXN03568,CUST0305,3933.11,Net Banking,Entertainment,34,0,3,Authentication Failed,1,39.9,0,21,0,0.0,0.33292953083978477,MEDIUM,Request customer authentication,Customer notification,0
TXN01506,CUST0981,8346.08,Net Banking,Food,20,9,7,Network Error,3,67.4,1,14,0,0.0,0.3327864687736698,MEDIUM,Retry payment,Automatic retry,0
TXN00607,CUST1493,4400.18,Net Banking,Entertainment,34,4,4,Authentication Failed,1,35.8,0,7,0,0.0,0.33276873029571413,MEDIUM,Request customer authentication,Customer notification,0
TXN01858,CUST0521,292.54,Net Banking,Utilities,22,14,4,Insufficient Balance,1,64.4,0,23,0,0.0,0.33263829360427266,MEDIUM,Ask customer to add funds or use another method,Customer notification,0
TXN02014,CUST1292,7182.1,Wallet,Entertainment,12,17,2,Insufficient Balance,3,67.2,1,17,0,0.0,0.3323591688207067,MEDIUM,Ask customer to add funds or use another method,Customer notification,0
TXN03265,CUST0936,138.75,Net Banking,Travel,45,8,5,Timeout,3,61.8,1,1,0,0.0,0.33226737687902824,MEDIUM,Retry payment after short delay,Automatic retry,0
TXN04511,CUST0860,7918.64,Net Banking,Entertainment,23,6,6,Network Error,3,12.5,0,20,0,0.0,0.3321248165086517,MEDIUM,Retry payment,Automatic retry,0
TXN01383,CUST1302,6098.67,Net Banking,Entertainment,50,18,5,Insufficient Balance,3,41.7,0,4,0,0.0,0.3318335832874332,MEDIUM,Ask customer to add funds or use another method,Customer notification,0
TXN00869,CUST0126,3218.6,Wallet,Entertainment,26,14,2,Insufficient Balance,2,66.8,0,0,0,0.0,0.33124134725513493,MEDIUM,Ask customer to add funds or use another method,Customer notification,0
TXN01552,CUST1132,7038.57,Net Banking,Food,44,15,6,Bank Declined,2,43.4,0,23,0,0.0,0.33096662129166676,MEDIUM,Suggest alternative payment method,Customer notification,0
TXN02069,CUST0313,1333.67,Wallet,Food,20,6,5,Timeout,1,31.6,0,17,0,0.0,0.33084061767622536,MEDIUM,Retry payment after short delay,Automatic retry,0
TXN03284,CUST1279,8879.72,UPI,Travel,48,15,2,Bank Declined,3,66.2,0,10,0,0.0,0.33078743357379525,MEDIUM,Suggest alternative payment method,Customer notification,0
TXN03804,CUST0818,7817.57,Card,Entertainment,17,14,6,Timeout,3,46.3,0,23,0,0.0,0.33062837282805385,MEDIUM,Retry payment after short delay,Automatic retry,0
TXN02793,CUST1128,5081.47,Card,Shopping,27,17,7,Bank Declined,3,30.5,0,7,0,0.0,0.3305371476535919,MEDIUM,Suggest alternative payment method,Customer notification,0
TXN03404,CUST1292,5954.38,Wallet,Entertainment,50,3,4,Timeout,1,56.4,0,16,0,0.0,0.33045059533063054,MEDIUM,Retry payment after short delay,Automatic retry,0
TXN03617,CUST0246,2800.66,UPI,Travel,17,15,2,Bank Declined,3,51.9,1,13,0,0.0,0.33005206913651963,MEDIUM,Suggest alternative payment method,Customer notification,0
TXN01234,CUST0664,1505.74,Net Banking,Shopping,44,11,1,Authentication Failed,3,57.7,0,1,0,0.0,0.32997665435294643,MEDIUM,Request customer authentication,Customer notification,0
TXN00334,CUST0284,3615.8,Wallet,Shopping,28,7,0,Insufficient Balance,2,27.5,0,17,0,0.0,0.3297614640243504,MEDIUM,Ask customer to add funds or use another method,Customer notification,0
TXN03766,CUST1470,919.11,Card,Entertainment,43,9,1,Insufficient Balance,3,9.8,1,9,0,0.0,0.3296049414891875,MEDIUM,Ask customer to add funds or use another method,Customer notification,0
TXN00871,CUST0111,9166.3,Card,Entertainment,31,11,7,Authentication Failed,2,60.4,0,18,0,0.0,0.3295519634402539,MEDIUM,Request customer authentication,Customer notification,0
TXN00771,CUST1241,7737.97,Wallet,Entertainment,3,16,4,Bank Declined,2,59.0,0,9,0,0.0,0.3295338124697125,MEDIUM,Suggest alternative payment method,Customer notification,0
TXN00477,CUST0247,6997.28,Net Banking,Utilities,47,6,6,Timeout,1,56.5,1,12,0,0.0,0.32951678199881695,MEDIUM,Retry payment after short delay,Automatic retry,0
TXN02759,CUST0770,1498.31,UPI,Food,19,16,0,Insufficient Balance,3,13.9,0,12,0,0.0,0.32944525016843335,MEDIUM,Ask customer to add funds or use another method,Customer notification,0
TXN01082,CUST1403,2827.81,Net Banking,Travel,18,17,5,Bank Declined,2,42.7,0,6,0,0.0,0.32942095734726706,MEDIUM,Suggest alternative payment method,Customer notification,0
TXN04673,CUST0597,6879.25,Net Banking,Entertainment,40,8,2,Bank Declined,3,22.2,1,11,0,0.0,0.32896213072553315,MEDIUM,Suggest alternative payment method,Customer notification,0
TXN00855,CUST0133,6816.08,Net Banking,Shopping,42,7,3,Insufficient Balance,1,16.3,0,12,0,0.0,0.3288521026370742,MEDIUM,Ask customer to add funds or use another method,Customer notification,0
TXN02004,CUST0578,3165.72,Wallet,Travel,42,0,6,Authentication Failed,1,5.5,0,8,0,0.0,0.32851394295092473,MEDIUM,Request customer authentication,Customer notification,0
TXN02840,CUST0038,6257.17,Wallet,Entertainment,39,1,1,Network Error,3,51.2,0,4,0,0.0,0.3283387972700637,MEDIUM,Retry payment,Automatic retry,0
TXN02744,CUST0302,5126.75,Net Banking,Shopping,60,10,6,Insufficient Balance,3,36.4,0,17,0,0.0,0.3281264279620501,MEDIUM,Ask customer to add funds or use another method,Customer notification,0
TXN04542,CUST0639,2778.17,UPI,Entertainment,32,13,7,Timeout,3,45.2,1,22,0,0.0,0.32790201616641584,MEDIUM,Retry payment after short delay,Automatic retry,0
TXN04923,CUST1094,9997.11,Net Banking,Entertainment,13,6,3,Authentication Failed,3,17.6,0,16,0,0.0,0.32785030610516125,MEDIUM,Request customer authentication,Customer notification,0
TXN03328,CUST0179,5485.9,Card,Travel,53,14,4,Insufficient Balance,3,26.4,1,1,0,0.0,0.32784077784026805,MEDIUM,Ask customer to add funds or use another method,Customer notification,0
TXN00896,CUST0838,6142.74,Card,Food,41,11,2,Bank Declined,2,48.3,0,12,0,0.0,0.3276378874912034,MEDIUM,Suggest alternative payment method,Customer notification,0
TXN03388,CUST0819,2417.62,Wallet,Shopping,11,6,1,Bank Declined,2,10.0,0,19,0,0.0,0.327618993384191,MEDIUM,Suggest alternative payment method,Customer notification,0
TXN03760,CUST0726,2323.14,Wallet,Shopping,23,11,2,Insufficient Balance,1,7.6,1,22,0,0.0,0.32745910029785075,MEDIUM,Ask customer to add funds or use another method,Customer notification,0
TXN04460,CUST0595,9828.53,Wallet,Shopping,18,14,0,Insufficient Balance,2,44.2,0,16,0,0.0,0.3272657103315729,MEDIUM,Ask customer to add funds or use another method,Customer notification,0
TXN04429,CUST0219,1911.06,Card,Utilities,17,10,4,Network Error,3,54.9,1,7,0,0.0,0.32723461031754497,MEDIUM,Retry payment,Automatic retry,0
TXN02338,CUST0650,6837.55,Card,Utilities,15,10,6,Network Error,3,14.7,0,6,0,0.0,0.32718842787357716,MEDIUM,Retry payment,Automatic retry,0
TXN03507,CUST1172,816.66,UPI,Entertainment,24,8,2,Network Error,2,48.2,0,6,0,0.0,0.32711975777593955,MEDIUM,Retry payment,Automatic retry,0
TXN00558,CUST1301,7614.96,UPI,Shopping,41,15,7,Bank Declined,3,33.5,0,18,0,0.0,0.3268461493038561,MEDIUM,Suggest alternative payment method,Customer notification,0
TXN04137,CUST1428,3050.59,UPI,Food,60,0,4,Network Error,3,8.3,0,5,0,0.0,0.32684324307294504,MEDIUM,Retry payment,Automatic retry,0
TXN03073,CUST0379,9239.37,UPI,Utilities,17,3,4,Authentication Failed,1,22.5,1,14,0,0.0,0.32682697982568615,MEDIUM,Request customer authentication,Customer notification,0
TXN04703,CUST1406,8766.18,Card,Entertainment,56,6,4,Authentication Failed,3,52.2,1,12,0,0.0,0.32671378307267124,MEDIUM,Request customer authentication,Customer notification,0
TXN00229,CUST0123,9291.0,Net Banking,Utilities,34,11,4,Bank Declined,1,38.4,0,11,0,0.0,0.3267048953431421,MEDIUM,Suggest alternative payment method,Customer notification,0
TXN04354,CUST1015,2709.69,Net Banking,Entertainment,7,2,2,Insufficient Balance,1,17.4,1,8,0,0.0,0.32657648799285177,MEDIUM,Ask customer to add funds or use another method,Customer notification,0
TXN01992,CUST0732,126.81,Net Banking,Travel,25,16,3,Insufficient Balance,2,41.9,1,9,0,0.0,0.3264748591381818,MEDIUM,Ask customer to add funds or use another method,Customer notification,0
TXN02573,CUST0455,410.29,Wallet,Shopping,35,11,1,Bank Declined,2,47.3,0,18,0,0.0,0.3264190009075978,MEDIUM,Suggest alternative payment method,Customer notification,0
TXN03871,CUST0952,4852.18,Net Banking,Travel,34,16,7,Bank Declined,1,60.7,0,14,0,0.0,0.32614735182949467,MEDIUM,Suggest alternative payment method,Customer notification,0
TXN03706,CUST0257,5759.11,Net Banking,Travel,19,4,2,Timeout,3,27.5,0,18,0,0.0,0.3260089239009006,MEDIUM,Retry payment after short delay,Automatic retry,0
TXN00745,CUST0925,8609.61,Wallet,Utilities,11,4,0,Timeout,2,46.0,0,12,0,0.0,0.325918164034867,MEDIUM,Retry payment after short delay,Automatic retry,0
TXN01208,CUST0661,6018.62,Wallet,Shopping,49,12,5,Bank Declined,3,30.7,0,1,0,0.0,0.3258650267724867,MEDIUM,Suggest alternative payment method,Customer notification,0
TXN01845,CUST0349,3359.38,Card,Shopping,22,4,4,Authentication Failed,2,27.1,0,20,0,0.0,0.3256574300856868,MEDIUM,Request customer authentication,Customer notification,0
TXN01911,CUST0090,5387.98,UPI,Food,1,7,4,Network Error,2,14.4,0,8,0,0.0,0.32560098931199016,MEDIUM,Retry payment,Automatic retry,0
TXN00966,CUST0233,1744.14,Wallet,Shopping,47,7,5,Timeout,3,21.8,0,2,0,0.0,0.3247631059852713,MEDIUM,Retry payment after short delay,Automatic retry,0
TXN01985,CUST0862,7662.18,UPI,Food,1,14,7,Timeout,1,68.0,1,11,0,0.0,0.3244878289413886,MEDIUM,Retry payment after short delay,Automatic retry,0
TXN01600,CUST1164,8993.72,Net Banking,Utilities,33,5,6,Authentication Failed,2,3.5,0,18,0,0.0,0.3243172542991145,MEDIUM,Request customer authentication,Customer notification,0
TXN04794,CUST0116,3201.43,Card,Shopping,13,18,7,Insufficient Balance,2,2.8,0,17,0,0.0,0.3242997811612491,MEDIUM,Ask customer to add funds or use another method,Customer notification,0
TXN01435,CUST0011,4317.38,Wallet,Food,17,11,0,Authentication Failed,3,52.0,0,6,0,0.0,0.3241394559069033,MEDIUM,Request customer authentication,Customer notification,0
TXN02868,CUST0664,5699.47,Card,Utilities,12,2,4,Network Error,2,5.8,0,10,0,0.0,0.323786913585943,MEDIUM,Retry payment,Automatic retry,0
TXN03654,CUST0511,4871.66,Card,Utilities,34,7,7,Bank Declined,1,6.9,0,3,0,0.0,0.32368663238464485,MEDIUM,Suggest alternative payment method,Customer notification,0
TXN00024,CUST1216,5591.41,Wallet,Utilities,27,2,1,Insufficient Balance,1,8.0,1,16,0,0.0,0.32349382000429844,MEDIUM,Ask customer to add funds or use another method,Customer notification,0
TXN04082,CUST1451,7860.89,Net Banking,Food,33,11,7,Timeout,3,29.6,0,5,0,0.0,0.32340780374276334,MEDIUM,Retry payment after short delay,Automatic retry,0
TXN00684,CUST0824,7295.7,Wallet,Entertainment,29,5,5,Network Error,3,30.2,0,12,0,0.0,0.32317173590753745,MEDIUM,Retry payment,Automatic retry,0
TXN00819,CUST0389,5043.1,Card,Food,46,3,5,Bank Declined,1,24.6,1,23,0,0.0,0.32309975536572905,MEDIUM,Suggest alternative payment method,Customer notification,0
TXN01429,CUST1316,9270.45,Card,Entertainment,16,4,7,Authentication Failed,1,32.5,1,0,0,0.0,0.32309071247485177,MEDIUM,Request customer authentication,Customer notification,0
TXN01292,CUST0055,8240.06,UPI,Utilities,56,13,7,Bank Declined,3,1.1,0,16,0,0.0,0.32305125248435457,MEDIUM,Suggest alternative payment method,Customer notification,0
TXN04526,CUST1390,9820.86,Card,Food,44,1,5,Network Error,2,34.0,0,18,0,0.0,0.3229288432408374,MEDIUM,Retry payment,Automatic retry,0
TXN03421,CUST0850,9921.54,Wallet,Entertainment,32,8,6,Bank Declined,1,3.8,0,20,0,0.0,0.3228800799998386,MEDIUM,Suggest alternative payment method,Customer notification,0
TXN01788,CUST0029,9544.06,Wallet,Travel,13,12,4,Bank Declined,2,47.3,1,14,0,0.0,0.32276724150522024,MEDIUM,Suggest alternative payment method,Customer notification,0
TXN04963,CUST0917,3733.23,Wallet,Shopping,37,14,3,Bank Declined,3,48.9,0,11,0,0.0,0.3226595509421884,MEDIUM,Suggest alternative payment method,Customer notification,0
TXN03126,CUST0575,4093.31,Net Banking,Shopping,3,1,2,Timeout,2,16.1,0,11,0,0.0,0.3223255618308447,MEDIUM,Retry payment after short delay,Automatic retry,0
TXN03807,CUST0940,6984.57,Card,Entertainment,32,0,0,Timeout,2,54.1,1,21,0,0.0,0.3222052372511089,MEDIUM,Retry payment after short delay,Automatic retry,0
TXN00014,CUST1397,8345.04,UPI,Shopping,19,20,5,Bank Declined,2,56.0,0,12,0,0.0,0.3218572177740691,MEDIUM,Suggest alternative payment method,Customer notification,0
TXN00849,CUST1359,3700.09,Card,Utilities,47,6,5,Insufficient Balance,1,21.6,0,6,0,0.0,0.32177878018431366,MEDIUM,Ask customer to add funds or use another method,Customer notification,0
TXN03327,CUST0505,9727.97,Net Banking,Food,1,6,2,Insufficient Balance,1,35.4,0,17,0,0.0,0.3212904089985149,MEDIUM,Ask customer to add funds or use another method,Customer notification,0
TXN01153,CUST1316,4339.02,UPI,Food,44,15,4,Bank Declined,2,50.5,0,0,0,0.0,0.3210776881351336,MEDIUM,Suggest alternative payment method,Customer notification,0
TXN04397,CUST0338,5329.44,UPI,Travel,35,4,2,Bank Declined,3,20.9,1,14,0,0.0,0.32105831515853295,MEDIUM,Suggest alternative payment method,Customer notification,0
TXN01370,CUST0059,1801.58,UPI,Entertainment,47,6,7,Authentication Failed,1,43.9,0,11,0,0.0,0.32096273357407057,MEDIUM,Request customer authentication,Customer notification,0
TXN04778,CUST0542,3733.28,Wallet,Utilities,38,8,6,Authentication Failed,2,6.8,0,11,0,0.0,0.3209388288899834,MEDIUM,Request customer authentication,Customer notification,0
TXN01520,CUST0372,6230.12,Wallet,Utilities,25,6,0,Timeout,3,70.0,0,2,0,0.0,0.3207779489543698,MEDIUM,Retry payment after short delay,Automatic retry,0
TXN00265,CUST0144,2003.87,Wallet,Utilities,8,13,7,Bank Declined,1,16.5,0,11,0,0.0,0.3205621721323477,MEDIUM,Suggest alternative payment method,Customer notification,0
TXN01912,CUST0122,6914.55,Net Banking,Entertainment,32,11,1,Bank Declined,1,66.1,1,2,0,0.0,0.3204650790879257,MEDIUM,Suggest alternative payment method,Customer notification,0
TXN03102,CUST0387,7174.17,Wallet,Entertainment,12,14,3,Insufficient Balance,3,5.9,1,6,0,0.0,0.3204113124793115,MEDIUM,Ask customer to add funds or use another method,Customer notification,0
TXN03130,CUST0269,1255.22,UPI,Shopping,51,13,2,Insufficient Balance,3,48.7,1,4,0,0.0,0.32011318528027016,MEDIUM,Ask customer to add funds or use another method,Customer notification,0
TXN01380,CUST1305,242.37,Net Banking,Shopping,27,8,6,Bank Declined,2,9.5,1,0,0,0.0,0.32002205109538345,MEDIUM,Suggest alternative payment method,Customer notification,0
TXN00491,CUST1012,4650.54,Wallet,Travel,28,0,6,Authentication Failed,1,28.8,1,4,0,0.0,0.31982396516316314,MEDIUM,Request customer authentication,Customer notification,0
TXN02987,CUST0314,5908.81,UPI,Entertainment,27,12,1,Insufficient Balance,3,12.7,0,23,0,0.0,0.3197533906909815,MEDIUM,Ask customer to add funds or use another method,Customer notification,0
TXN02980,CUST0199,7771.79,Net Banking,Utilities,6,18,7,Insufficient Balance,3,27.1,1,3,0,0.0,0.31973910223665103,MEDIUM,Ask customer to add funds or use another method,Customer notification,0
TXN02348,CUST0263,5838.01,Wallet,Travel,15,20,7,Bank Declined,3,24.5,0,23,0,0.0,0.31972042245422216,MEDIUM,Suggest alternative payment method,Customer notification,0
TXN03627,CUST0666,6374.59,UPI,Entertainment,24,18,5,Insufficient Balance,3,62.7,0,16,0,0.0,0.31968397350645317,MEDIUM,Ask customer to add funds or use another method,Customer notification,0
TXN02993,CUST0371,1890.66,Wallet,Utilities,53,3,0,Network Error,3,30.0,1,8,0,0.0,0.31966578245096466,MEDIUM,Retry payment,Automatic retry,0
TXN00284,CUST0404,9917.79,Wallet,Shopping,47,9,7,Network Error,3,64.9,0,8,0,0.0,0.31961906234158355,MEDIUM,Retry payment,Automatic retry,0
TXN02156,CUST1311,3448.49,Net Banking,Utilities,32,5,1,Authentication Failed,3,29.8,0,6,0,0.0,0.31946889077521295,MEDIUM,Request customer authentication,Customer notification,0
TXN03483,CUST1475,8140.58,Card,Shopping,58,6,0,Authentication Failed,2,63.6,0,22,0,0.0,0.3192570203631052,MEDIUM,Request customer authentication,Customer notification,0
TXN00851,CUST0542,1253.13,Card,Shopping,9,16,3,Insufficient Balance,3,66.3,0,22,0,0.0,0.3191651473499448,MEDIUM,Ask customer to add funds or use another method,Customer notification,0
TXN04781,CUST0658,9788.68,UPI,Food,17,18,2,Bank Declined,2,66.1,1,10,0,0.0,0.3187633806392424,MEDIUM,Suggest alternative payment method,Customer notification,0
TXN04625,CUST0277,4391.29,Wallet,Travel,20,1,0,Insufficient Balance,1,13.9,1,5,0,0.0,0.3187235311085095,MEDIUM,Ask customer to add funds or use another method,Customer notification,0
TXN03173,CUST0943,2034.05,Net Banking,Shopping,20,8,2,Timeout,2,52.8,1,2,0,0.0,0.3186087390184897,MEDIUM,Retry payment after short delay,Automatic retry,0
TXN02452,CUST1220,9054.08,UPI,Travel,30,6,2,Timeout,3,53.1,1,21,0,0.0,0.3185293074963977,MEDIUM,Retry payment after short delay,Automatic retry,0
TXN03885,CUST0488,6116.19,Card,Utilities,59,4,5,Timeout,3,1.8,1,11,0,0.0,0.3182816282694847,MEDIUM,Retry payment after short delay,Automatic retry,0
TXN04650,CUST0662,4216.17,Wallet,Entertainment,14,8,4,Authentication Failed,1,43.9,0,9,0,0.0,0.3181906613500079,MEDIUM,Request customer authentication,Customer notification,0
TXN00360,CUST1123,2308.31,Net Banking,Entertainment,36,0,0,Authentication Failed,3,24.8,0,1,0,0.0,0.3181134006693678,MEDIUM,Request customer authentication,Customer notification,0
TXN00956,CUST0086,4566.81,Net Banking,Entertainment,47,15,6,Bank Declined,3,41.4,0,15,0,0.0,0.3179499964421051,MEDIUM,Suggest alternative payment method,Customer notification,0
TXN01584,CUST0577,7413.56,UPI,Food,53,6,5,Network Error,1,59.5,0,6,0,0.0,0.3178845598039213,MEDIUM,Retry payment,Automatic retry,0
TXN02113,CUST1063,9004.18,Wallet,Entertainment,6,11,4,Network Error,3,63.4,0,5,0,0.0,0.3177939537248021,MEDIUM,Retry payment,Automatic retry,0
TXN02179,CUST1478,9382.85,Wallet,Travel,5,6,0,Authentication Failed,3,23.4,0,20,0,0.0,0.3176927863939254,MEDIUM,Request customer authentication,Customer notification,0
TXN02991,CUST0984,7865.62,Card,Shopping,31,1,6,Bank Declined,1,0.7,0,21,0,0.0,0.3176893058187543,MEDIUM,Suggest alternative payment method,Customer notification,0
TXN03601,CUST1238,1621.47,Wallet,Food,11,11,2,Insufficient Balance,1,6.6,0,5,0,0.0,0.31765738100973384,MEDIUM,Ask customer to add funds or use another method,Customer notification,0
TXN02675,CUST1285,3283.18,Net Banking,Entertainment,22,5,3,Timeout,1,53.6,0,23,0,0.0,0.3175814151758748,MEDIUM,Retry payment after short delay,Automatic retry,0
TXN01507,CUST1110,9859.11,Wallet,Entertainment,29,10,5,Network Error,3,71.9,0,6,0,0.0,0.3175437490741162,MEDIUM,Retry payment,Automatic retry,0
TXN02163,CUST0704,3138.62,Card,Shopping,11,3,0,Bank Declined,2,31.4,0,10,0,0.0,0.3172648569286454,MEDIUM,Suggest alternative payment method,Customer notification,0
TXN03997,CUST0863,8193.9,Wallet,Food,60,5,7,Authentication Failed,3,18.9,1,4,0,0.0,0.31724139781216976,MEDIUM,Request customer authentication,Customer notification,0
TXN02626,CUST0572,7288.01,UPI,Travel,30,8,2,Authentication Failed,2,68.3,0,0,0,0.0,0.3170597582273394,MEDIUM,Request customer authentication,Customer notification,0
TXN01678,CUST1340,8497.0,Wallet,Travel,46,17,7,Insufficient Balance,2,33.5,0,18,0,0.0,0.3167760622064053,MEDIUM,Ask customer to add funds or use another method,Customer notification,0
TXN03039,CUST0960,7562.31,Card,Shopping,6,10,3,Insufficient Balance,1,21.6,1,4,0,0.0,0.3167680672176836,MEDIUM,Ask customer to add funds or use another method,Customer notification,0
TXN02196,CUST0605,8709.2,Net Banking,Food,9,6,0,Bank Declined,2,40.7,1,19,0,0.0,0.31658769187233426,MEDIUM,Suggest alternative payment method,Customer notification,0
TXN01020,CUST0194,8912.37,Net Banking,Shopping,2,19,5,Insufficient Balance,2,64.1,0,10,0,0.0,0.3165178287883855,MEDIUM,Ask customer to add funds or use another method,Customer notification,0
TXN03589,CUST1304,855.39,Wallet,Travel,56,16,1,Insufficient Balance,2,21.2,0,9,0,0.0,0.31616183578569157,MEDIUM,Ask customer to add funds or use another method,Customer notification,0
TXN04922,CUST0534,5325.29,Net Banking,Entertainment,18,2,0,Timeout,1,61.6,0,9,0,0.0,0.31607268332884286,MEDIUM,Retry payment after short delay,Automatic retry,0
TXN03004,CUST0327,7165.16,UPI,Food,56,4,7,Network Error,1,0.7,1,1,0,0.0,0.31578373391955794,MEDIUM,Retry payment,Automatic retry,0
TXN00661,CUST0091,8086.9,UPI,Food,23,3,0,Bank Declined,3,4.6,1,18,0,0.0,0.3157794627592362,MEDIUM,Suggest alternative payment method,Customer notification,0
TXN00141,CUST0503,4761.59,Wallet,Food,36,13,1,Insufficient Balance,3,17.0,0,18,0,0.0,0.3156647989561138,MEDIUM,Ask customer to add funds or use another method,Customer notification,0
TXN00760,CUST1143,7698.24,Wallet,Shopping,39,0,3,Authentication Failed,2,21.4,0,20,0,0.0,0.31553354479918433,MEDIUM,Request customer authentication,Customer notification,0
TXN01905,CUST0116,6829.08,UPI,Utilities,46,15,3,Insufficient Balance,3,24.9,0,0,0,0.0,0.31545366307776823,MEDIUM,Ask customer to add funds or use another method,Customer notification,0
TXN01434,CUST1320,2494.2,UPI,Shopping,24,9,1,Authentication Failed,3,46.0,0,22,0,0.0,0.3149743835746888,MEDIUM,Request customer authentication,Customer notification,0
TXN01570,CUST0318,3625.32,UPI,Shopping,39,7,1,Bank Declined,3,7.2,0,12,0,0.0,0.3147858445668403,MEDIUM,Suggest alternative payment method,Customer notification,0
TXN00658,CUST0876,1351.23,UPI,Shopping,33,4,3,Authentication Failed,1,51.0,0,20,0,0.0,0.3146238166232937,MEDIUM,Request customer authentication,Customer notification,0
TXN00843,CUST0435,6788.65,Card,Travel,17,1,0,Authentication Failed,2,32.9,0,21,0,0.0,0.31462224693164786,MEDIUM,Request customer authentication,Customer notification,0
TXN03512,CUST1451,9736.33,Wallet,Shopping,27,18,3,Insufficient Balance,2,67.3,0,15,0,0.0,0.31462106037887644,MEDIUM,Ask customer to add funds or use another method,Customer notification,0
TXN03777,CUST0408,8557.15,Card,Travel,53,14,2,Bank Declined,3,51.9,0,20,0,0.0,0.3146173874169522,MEDIUM,Suggest alternative payment method,Customer notification,0
TXN00015,CUST1124,3688.07,Wallet,Travel,36,0,0,Timeout,3,22.8,0,15,0,0.0,0.31446905590586743,MEDIUM,Retry payment after short delay,Automatic retry,0
TXN02669,CUST1235,5240.15,Card,Utilities,31,7,2,Authentication Failed,2,63.1,1,18,0,0.0,0.31441425919072474,MEDIUM,Request customer authentication,Customer notification,0
TXN04538,CUST0331,9157.09,Net Banking,Travel,48,8,6,Timeout,2,54.2,1,21,0,0.0,0.3144126880586677,MEDIUM,Retry payment after short delay,Automatic retry,0
TXN04602,CUST1062,5381.44,Net Banking,Utilities,20,18,5,Insufficient Balance,3,53.8,1,10,0,0.0,0.3136834970224462,MEDIUM,Ask customer to add funds or use another method,Customer notification,0
TXN00370,CUST1347,2476.7,UPI,Utilities,29,5,7,Timeout,2,8.7,0,20,0,0.0,0.3136785993091598,MEDIUM,Retry payment after short delay,Automatic retry,0
TXN02727,CUST1196,8898.59,UPI,Food,2,12,2,Insufficient Balance,2,29.4,0,1,0,0.0,0.31356002572383557,MEDIUM,Ask customer to add funds or use another method,Customer notification,0
TXN02966,CUST0596,5872.37,Wallet,Entertainment,11,20,7,Insufficient Balance,3,35.3,0,5,0,0.0,0.31350619737962143,MEDIUM,Ask customer to add funds or use another method,Customer notification,0
TXN02959,CUST0906,5658.24,Wallet,Travel,46,17,3,Insufficient Balance,3,6.1,0,6,0,0.0,0.3134663729685208,MEDIUM,Ask customer to add funds or use another method,Customer notification,0
TXN00714,CUST1036,8922.88,Wallet,Entertainment,49,10,1,Insufficient Balance,3,12.7,1,20,0,0.0,0.31341525582948476,MEDIUM,Ask customer to add funds or use another method,Customer notification,0
TXN03400,CUST0584,1150.31,Wallet,Shopping,33,18,3,Insufficient Balance,3,32.7,0,23,0,0.0,0.3132971499252821,MEDIUM,Ask customer to add funds or use another method,Customer notification,0
TXN00137,CUST1486,7675.09,Card,Utilities,55,7,2,Insufficient Balance,2,37.7,0,0,0,0.0,0.3132705331245983,MEDIUM,Ask customer to add funds or use another method,Customer notification,0
TXN01403,CUST1177,2177.99,Net Banking,Utilities,27,16,2,Insufficient Balance,3,64.6,0,3,0,0.0,0.3130867639720723,MEDIUM,Ask customer to add funds or use another method,Customer notification,0
TXN03937,CUST0720,3053.54,Card,Food,18,1,6,Timeout,1,14.8,1,22,0,0.0,0.31298623578300144,MEDIUM,Retry payment after short delay,Automatic retry,0
TXN00280,CUST1123,1508.33,Card,Food,26,11,2,Insufficient Balance,2,46.6,1,23,0,0.0,0.3127798653100931,MEDIUM,Ask customer to add funds or use another method,Customer notification,0
TXN01076,CUST0798,406.22,UPI,Food,19,10,3,Authentication Failed,3,62.9,1,7,0,0.0,0.3126198209545591,MEDIUM,Request customer authentication,Customer notification,0
TXN00519,CUST0497,2849.42,Net Banking,Food,43,11,6,Insufficient Balance,1,6.8,0,3,0,0.0,0.312615916427393,MEDIUM,Ask customer to add funds or use another method,Customer notification,0
TXN01140,CUST0948,9323.81,Wallet,Shopping,39,0,5,Timeout,3,17.6,1,18,0,0.0,0.3125323084438426,MEDIUM,Retry payment after short delay,Automatic retry,0
TXN02395,CUST0354,6385.8,Card,Travel,32,11,7,Authentication Failed,2,68.4,0,19,0,0.0,0.3123909221775303,MEDIUM,Request customer authentication,Customer notification,0
TXN00554,CUST0413,2869.49,Card,Shopping,25,19,0,Insufficient Balance,3,67.3,1,1,0,0.0,0.3122972197682082,MEDIUM,Ask customer to add funds or use another method,Customer notification,0
TXN04011,CUST0005,1765.29,Card,Shopping,47,8,3,Insufficient Balance,3,36.4,0,21,0,0.0,0.31224387473449977,MEDIUM,Ask customer to add funds or use another method,Customer notification,0
TXN03801,CUST0209,1729.32,Wallet,Travel,27,10,7,Timeout,3,53.1,0,6,0,0.0,0.31216718028198664,MEDIUM,Retry payment after short delay,Automatic retry,0
TXN04590,CUST0875,205.66,Wallet,Utilities,56,11,1,Insufficient Balance,2,18.0,1,17,0,0.0,0.3119620628340505,MEDIUM,Ask customer to add funds or use another method,Customer notification,0
TXN02491,CUST1313,148.2,Card,Entertainment,9,11,7,Authentication Failed,3,19.1,0,16,0,0.0,0.3118467328862944,MEDIUM,Request customer authentication,Customer notification,0
TXN00442,CUST0936,1047.72,Wallet,Shopping,59,4,4,Authentication Failed,1,38.6,0,5,0,0.0,0.31181081208731304,MEDIUM,Request customer authentication,Customer notification,0
TXN00984,CUST0315,510.14,Wallet,Utilities,15,16,5,Insufficient Balance,2,65.6,0,6,0,0.0,0.3117113411997622,MEDIUM,Ask customer to add funds or use another method,Customer notification,0
TXN02074,CUST1131,3049.75,Card,Utilities,29,7,3,Timeout,3,38.3,0,15,0,0.0,0.3114757867256952,MEDIUM,Retry payment after short delay,Automatic retry,0
TXN02682,CUST0992,7313.51,UPI,Food,27,7,4,Authentication Failed,3,29.0,0,16,0,0.0,0.31121264877503446,MEDIUM,Request customer authentication,Customer notification,0
TXN01451,CUST1313,4182.43,Card,Shopping,15,12,6,Insufficient Balance,1,27.8,0,11,0,0.0,0.31106225893842937,MEDIUM,Ask customer to add funds or use another method,Customer notification,0
TXN02594,CUST0672,9612.21,Card,Food,26,0,6,Network Error,3,22.8,1,15,0,0.0,0.31098805652520417,MEDIUM,Retry payment,Automatic retry,0
TXN04124,CUST1041,382.85,Net Banking,Travel,58,15,6,Insufficient Balance,2,12.9,0,7,0,0.0,0.3109480228252662,MEDIUM,Ask customer to add funds or use another method,Customer notification,0
TXN01609,CUST1326,2563.31,Card,Shopping,19,8,6,Timeout,3,1.8,0,1,0,0.0,0.3109241389722935,MEDIUM,Retry payment after short delay,Automatic retry,0
TXN03928,CUST1445,7343.63,Wallet,Shopping,13,18,2,Bank Declined,2,66.3,0,19,0,0.0,0.3109048660079246,MEDIUM,Suggest alternative payment method,Customer notification,0
TXN00123,CUST0135,9843.92,UPI,Food,10,8,2,Authentication Failed,3,36.1,1,20,0,0.0,0.31090207475068715,MEDIUM,Request customer authentication,Customer notification,0
TXN03307,CUST0728,8549.31,Net Banking,Shopping,45,7,3,Insufficient Balance,1,19.7,0,22,0,0.0,0.31087064199616754,MEDIUM,Ask customer to add funds or use another method,Customer notification,0
TXN03647,CUST0082,3047.02,UPI,Shopping,34,12,6,Insufficient Balance,1,33.6,1,12,0,0.0,0.31081112580766673,MEDIUM,Ask customer to add funds or use another method,Customer notification,0
TXN02185,CUST1355,6347.39,Card,Shopping,25,0,6,Authentication Failed,2,20.7,1,6,0,0.0,0.31060897202770726,MEDIUM,Request customer authentication,Customer notification,0
TXN00087,CUST1295,840.73,UPI,Shopping,43,12,2,Insufficient Balance,3,1.2,0,7,0,0.0,0.31054535568361896,MEDIUM,Ask customer to add funds or use another method,Customer notification,0
TXN03497,CUST0679,629.24,Net Banking,Food,31,5,2,Network Error,3,44.3,0,7,0,0.0,0.3105033704919523,MEDIUM,Retry payment,Automatic retry,0
TXN02576,CUST1207,9350.76,Card,Shopping,21,18,1,Insufficient Balance,3,49.6,1,3,0,0.0,0.3103576933127977,MEDIUM,Ask customer to add funds or use another method,Customer notification,0
TXN02365,CUST0744,2210.72,Wallet,Travel,25,2,4,Timeout,1,36.0,0,5,0,0.0,0.3102552880782634,MEDIUM,Retry payment after short delay,Automatic retry,0
TXN02514,CUST1036,9804.59,UPI,Utilities,4,10,2,Timeout,3,56.5,0,6,0,0.0,0.3098063721404798,MEDIUM,Retry payment after short delay,Automatic retry,0
TXN01727,CUST1282,2600.05,UPI,Food,7,7,2,Timeout,3,30.7,0,5,0,0.0,0.30967060115712,MEDIUM,Retry payment after short delay,Automatic retry,0
TXN01345,CUST0514,4338.74,Wallet,Shopping,56,12,3,Insufficient Balance,3,48.1,1,15,0,0.0,0.3096612045254358,MEDIUM,Ask customer to add funds or use another method,Customer notification,0
TXN04841,CUST0485,1496.99,Wallet,Utilities,10,15,7,Bank Declined,2,20.6,0,19,0,0.0,0.30932111970853743,MEDIUM,Suggest alternative payment method,Customer notification,0
TXN02170,CUST0589,7185.79,Net Banking,Travel,18,19,7,Insufficient Balance,3,64.3,0,21,0,0.0,0.3092835703254037,MEDIUM,Ask customer to add funds or use another method,Customer notification,0
TXN00584,CUST0397,6516.24,Wallet,Travel,14,0,1,Network Error,3,32.5,0,18,0,0.0,0.30928001535256494,MEDIUM,Retry payment,Automatic retry,0
TXN04173,CUST0628,6064.86,UPI,Shopping,44,1,0,Timeout,2,61.2,0,6,0,0.0,0.3090020899157103,MEDIUM,Retry payment after short delay,Automatic retry,0
TXN04416,CUST1228,8381.87,Card,Food,58,12,3,Bank Declined,1,69.7,0,6,0,0.0,0.30872589689842383,MEDIUM,Suggest alternative payment method,Customer notification,0
TXN01430,CUST1395,6229.76,Card,Travel,55,9,5,Authentication Failed,2,69.7,1,7,0,0.0,0.3086332338985282,MEDIUM,Request customer authentication,Customer notification,0
TXN04148,CUST0709,4943.38,Card,Food,21,4,6,Timeout,1,32.4,1,18,0,0.0,0.308514813958853,MEDIUM,Retry payment after short delay,Automatic retry,0
TXN03670,CUST1138,6674.6,UPI,Shopping,58,17,3,Insufficient Balance,2,48.5,1,4,0,0.0,0.30850287812906046,MEDIUM,Ask customer to add funds or use another method,Customer notification,0
TXN02849,CUST0516,1502.01,Wallet,Utilities,39,2,0,Authentication Failed,2,21.6,0,4,0,0.0,0.30849719139672344,MEDIUM,Request customer authentication,Customer notification,0
TXN02112,CUST1209,4503.91,Card,Food,31,10,1,Insufficient Balance,3,41.4,0,21,0,0.0,0.30838063436029645,MEDIUM,Ask customer to add funds or use another method,Customer notification,0
TXN01812,CUST1046,9394.88,Wallet,Travel,45,3,4,Network Error,3,35.6,0,10,0,0.0,0.3083783473551913,MEDIUM,Retry payment,Automatic retry,0
TXN02528,CUST0467,898.63,UPI,Utilities,18,3,5,Authentication Failed,1,3.6,0,22,0,0.0,0.3080720390551291,MEDIUM,Request customer authentication,Customer notification,0
TXN02509,CUST0994,3064.63,Net Banking,Entertainment,36,12,5,Insufficient Balance,1,23.2,0,21,0,0.0,0.30795203541819993,MEDIUM,Ask customer to add funds or use another method,Customer notification,0
TXN02944,CUST0985,1819.35,Wallet,Shopping,38,1,0,Network Error,2,49.0,0,4,0,0.0,0.3079479896938677,MEDIUM,Retry payment,Automatic retry,0
TXN02120,CUST1452,5764.5,Card,Food,41,11,7,Authentication Failed,3,42.7,0,21,0,0.0,0.3078686484997924,MEDIUM,Request customer authentication,Customer notification,0
TXN02685,CUST1361,1189.73,Wallet,Shopping,44,5,3,Authentication Failed,3,20.8,0,22,0,0.0,0.3078179508343091,MEDIUM,Request customer authentication,Customer notification,0
TXN04597,CUST1027,8756.7,UPI,Utilities,22,20,7,Bank Declined,2,52.4,1,4,0,0.0,0.307807233711289,MEDIUM,Suggest alternative payment method,Customer notification,0
TXN00748,CUST0390,3710.24,Wallet,Shopping,39,0,3,Authentication Failed,2,9.3,0,11,0,0.0,0.3077564127666238,MEDIUM,Request customer authentication,Customer notification,0
TXN02266,CUST0644,8347.04,Card,Travel,54,8,3,Bank Declined,3,34.5,0,3,0,0.0,0.307489770222403,MEDIUM,Suggest alternative payment method,Customer notification,0
TXN02494,CUST0833,5140.66,UPI,Utilities,29,15,4,Bank Declined,3,61.7,0,13,0,0.0,0.30747712870088745,MEDIUM,Suggest alternative payment method,Customer notification,0
TXN04273,CUST0104,1010.65,Wallet,Food,39,4,5,Network Error,1,36.9,0,16,0,0.0,0.3070468621230359,MEDIUM,Retry payment,Automatic retry,0
TXN00816,CUST0268,859.56,Card,Entertainment,56,5,6,Timeout,3,36.2,0,23,0,0.0,0.3067776019406805,MEDIUM,Retry payment after short delay,Automatic retry,0
TXN04412,CUST1106,9136.6,Wallet,Travel,10,16,6,Insufficient Balance,1,31.5,1,10,0,0.0,0.30664210987544793,MEDIUM,Ask customer to add funds or use another method,Customer notification,0
TXN02686,CUST1247,3895.54,UPI,Travel,57,1,2,Timeout,3,27.6,0,9,0,0.0,0.30648459216652335,MEDIUM,Retry payment after short delay,Automatic retry,0
TXN00976,CUST0748,648.62,UPI,Entertainment,18,15,5,Bank Declined,3,45.0,1,7,0,0.0,0.30642655821445525,MEDIUM,Suggest alternative payment method,Customer notification,0
TXN01428,CUST0693,6746.92,Wallet,Shopping,51,2,2,Bank Declined,1,40.0,0,13,0,0.0,0.306337793118798,MEDIUM,Suggest alternative payment method,Customer notification,0
TXN03785,CUST1495,4442.98,Card,Entertainment,3,1,4,Timeout,2,12.6,1,21,0,0.0,0.30633021873827876,MEDIUM,Retry payment after short delay,Automatic retry,0
TXN00791,CUST1482,9086.58,Card,Shopping,59,1,7,Network Error,3,50.2,0,16,0,0.0,0.3062735851822796,MEDIUM,Retry payment,Automatic retry,0
TXN04468,CUST0560,542.15,Net Banking,Shopping,16,10,4,Authentication Failed,2,63.8,1,18,0,0.0,0.3061555280001309,MEDIUM,Request customer authentication,Customer notification,0
TXN03187,CUST0724,7694.99,UPI,Travel,27,4,0,Insufficient Balance,1,7.7,0,20,0,0.0,0.3060122429432154,MEDIUM,Ask customer to add funds or use another method,Customer notification,0
TXN00629,CUST0954,703.97,Wallet,Food,35,7,5,Timeout,2,43.6,0,18,0,0.0,0.30597733097777313,MEDIUM,Retry payment after short delay,Automatic retry,0
TXN03040,CUST0032,6257.89,UPI,Utilities,58,0,3,Network Error,1,62.0,0,4,0,0.0,0.30558290196367943,MEDIUM,Retry payment,Automatic retry,0
TXN01379,CUST0237,5074.41,Wallet,Utilities,55,6,6,Network Error,2,1.6,0,23,0,0.0,0.3055725155126642,MEDIUM,Retry payment,Automatic retry,0
TXN04175,CUST0221,8893.27,Card,Entertainment,38,16,7,Bank Declined,3,40.9,0,10,0,0.0,0.3055506029943967,MEDIUM,Suggest alternative payment method,Customer notification,0
TXN02507,CUST1416,1126.0,Net Banking,Shopping,26,10,0,Insufficient Balance,1,50.7,0,12,0,0.0,0.305526054948952,MEDIUM,Ask customer to add funds or use another method,Customer notification,0
TXN00294,CUST1251,3480.11,UPI,Utilities,31,4,1,Timeout,2,66.1,0,6,0,0.0,0.3053891711145271,MEDIUM,Retry payment after short delay,Automatic retry,0
TXN00928,CUST0526,5475.68,UPI,Shopping,45,14,5,Insufficient Balance,2,39.8,0,18,0,0.0,0.3053794242329231,MEDIUM,Ask customer to add funds or use another method,Customer notification,0
TXN04821,CUST1086,1387.26,Card,Entertainment,9,13,0,Insufficient Balance,3,15.7,0,5,0,0.0,0.3052250074963034,MEDIUM,Ask customer to add funds or use another method,Customer notification,0
TXN03906,CUST0387,3563.05,UPI,Utilities,12,10,4,Network Error,3,47.6,0,19,0,0.0,0.30512623793390103,MEDIUM,Retry payment,Automatic retry,0
TXN00066,CUST1479,2085.47,UPI,Utilities,39,14,2,Insufficient Balance,3,36.6,0,23,0,0.0,0.30495715576482685,MEDIUM,Ask customer to add funds or use another method,Customer notification,0
TXN00102,CUST0493,3094.54,Card,Shopping,43,0,3,Timeout,3,68.0,1,15,0,0.0,0.30492154096509355,MEDIUM,Retry payment after short delay,Automatic retry,0
TXN00038,CUST0700,4603.24,UPI,Entertainment,18,7,2,Timeout,3,43.6,0,13,0,0.0,0.3048877387644784,MEDIUM,Retry payment after short delay,Automatic retry,0
TXN01018,CUST0574,1894.13,Card,Food,9,15,4,Insufficient Balance,3,42.2,0,16,0,0.0,0.30449959681651934,MEDIUM,Ask customer to add funds or use another method,Customer notification,0
TXN03300,CUST1013,1861.01,Card,Food,15,11,7,Authentication Failed,3,7.5,0,6,0,0.0,0.30428228561690857,MEDIUM,Request customer authentication,Customer notification,0
TXN04917,CUST0204,7649.45,UPI,Shopping,14,4,5,Authentication Failed,2,13.6,0,23,0,0.0,0.304279742642326,MEDIUM,Request customer authentication,Customer notification,0
TXN02116,CUST0495,8229.31,UPI,Shopping,56,6,7,Bank Declined,1,12.4,1,6,0,0.0,0.30424749187899613,MEDIUM,Suggest alternative payment method,Customer notification,0
TXN00744,CUST0752,4941.45,Wallet,Shopping,2,6,3,Network Error,1,50.8,0,14,0,0.0,0.3040135904455308,MEDIUM,Retry payment,Automatic retry,0
TXN04349,CUST0840,4056.03,Net Banking,Shopping,1,9,4,Authentication Failed,1,55.5,0,19,0,0.0,0.30400369765297325,MEDIUM,Request customer authentication,Customer notification,0
TXN01031,CUST0836,7328.72,Card,Shopping,10,11,6,Timeout,3,50.5,0,1,0,0.0,0.30388202134159853,MEDIUM,Retry payment after short delay,Automatic retry,0
TXN03342,CUST1385,5922.62,Net Banking,Shopping,59,8,3,Bank Declined,3,23.7,0,15,0,0.0,0.3037563556872271,MEDIUM,Suggest alternative payment method,Customer notification,0
TXN00639,CUST0795,113.33,Card,Utilities,7,11,4,Bank Declined,2,37.6,0,13,0,0.0,0.30370673427653344,MEDIUM,Suggest alternative payment method,Customer notification,0
TXN04533,CUST0061,2416.65,Card,Utilities,55,1,2,Network Error,3,36.6,0,21,0,0.0,0.3035424377534409,MEDIUM,Retry payment,Automatic retry,0
TXN01969,CUST0914,8390.75,Card,Entertainment,8,11,1,Insufficient Balance,3,42.3,0,14,0,0.0,0.30321858219752423,MEDIUM,Ask customer to add funds or use another method,Customer notification,0
TXN04118,CUST0327,2626.8,Wallet,Food,21,3,2,Network Error,3,15.1,0,20,0,0.0,0.3029694078477428,MEDIUM,Retry payment,Automatic retry,0
TXN02501,CUST0899,8471.86,Net Banking,Utilities,21,9,5,Network Error,2,49.0,0,12,0,0.0,0.30289152298021943,MEDIUM,Retry payment,Automatic retry,0
TXN04987,CUST0138,4248.97,Wallet,Food,33,10,3,Bank Declined,3,37.1,1,21,0,0.0,0.30278491783425043,MEDIUM,Suggest alternative payment method,Customer notification,0
TXN04030,CUST0003,8360.85,UPI,Shopping,16,2,1,Authentication Failed,1,28.0,0,21,0,0.0,0.3027081024673832,MEDIUM,Request customer authentication,Customer notification,0
TXN02203,CUST1291,1183.96,Wallet,Food,26,7,4,Network Error,2,53.4,0,8,0,0.0,0.3026702359710748,MEDIUM,Retry payment,Automatic retry,0
TXN04383,CUST1474,6347.24,Wallet,Utilities,16,12,5,Authentication Failed,3,42.0,0,0,0,0.0,0.3025870028159949,MEDIUM,Request customer authentication,Customer notification,0
TXN00282,CUST0208,8510.39,UPI,Utilities,12,8,5,Network Error,1,61.5,0,2,0,0.0,0.30251312417949877,MEDIUM,Retry payment,Automatic retry,0
TXN04589,CUST0135,2214.32,Card,Travel,23,7,3,Network Error,3,54.4,1,8,0,0.0,0.30233089111214273,MEDIUM,Retry payment,Automatic retry,0
TXN01670,CUST0975,2390.44,Net Banking,Entertainment,34,5,7,Authentication Failed,1,32.1,0,8,0,0.0,0.3020964906595642,MEDIUM,Request customer authentication,Customer notification,0
TXN02663,CUST0277,1917.28,Net Banking,Shopping,39,15,7,Bank Declined,2,65.5,0,1,0,0.0,0.30206932718181584,MEDIUM,Suggest alternative payment method,Customer notification,0
TXN00567,CUST1123,5519.41,Wallet,Utilities,18,4,0,Bank Declined,2,10.7,0,1,0,0.0,0.3020272936501314,MEDIUM,Suggest alternative payment method,Customer notification,0
TXN02255,CUST0373,5781.9,Net Banking,Entertainment,1,9,4,Insufficient Balance,1,11.7,0,5,0,0.0,0.3018817530441281,MEDIUM,Ask customer to add funds or use another method,Customer notification,0
TXN00241,CUST1148,6146.63,Wallet,Travel,14,12,3,Insufficient Balance,1,64.5,0,0,0,0.0,0.3016388678844005,MEDIUM,Ask customer to add funds or use another method,Customer notification,0
TXN02869,CUST1133,5088.74,UPI,Utilities,59,8,7,Timeout,1,57.9,0,15,0,0.0,0.30157625571360197,MEDIUM,Retry payment after short delay,Automatic retry,0
TXN01165,CUST0346,8139.57,Card,Food,10,5,0,Insufficient Balance,1,51.6,0,5,0,0.0,0.30155966955303515,MEDIUM,Ask customer to add funds or use another method,Customer notification,0
TXN04316,CUST1294,8904.26,Net Banking,Entertainment,23,2,5,Network Error,2,38.5,1,11,0,0.0,0.3012654182385816,MEDIUM,Retry payment,Automatic retry,0
TXN01654,CUST0635,4082.84,Wallet,Travel,45,0,0,Timeout,3,16.8,0,5,0,0.0,0.3011989395783294,MEDIUM,Retry payment after short delay,Automatic retry,0
TXN04206,CUST0254,3622.16,Card,Food,50,9,5,Authentication Failed,1,57.2,0,19,0,0.0,0.30107000466760103,MEDIUM,Request customer authentication,Customer notification,0
TXN03135,CUST0247,4578.3,Net Banking,Food,32,7,2,Bank Declined,2,36.2,0,13,0,0.0,0.30101564794496416,MEDIUM,Suggest alternative payment method,Customer notification,0
TXN02636,CUST0802,1788.33,Wallet,Utilities,60,13,7,Network Error,3,49.3,1,9,0,0.0,0.30091714647057644,MEDIUM,Retry payment,Automatic retry,0
TXN02062,CUST0862,5514.12,UPI,Utilities,28,3,3,Authentication Failed,1,47.7,0,1,0,0.0,0.3006879603217213,MEDIUM,Request customer authentication,Customer notification,0
TXN02405,CUST0311,6305.03,Net Banking,Food,11,6,4,Bank Declined,1,23.9,1,4,0,0.0,0.3006007992421823,MEDIUM,Suggest alternative payment method,Customer notification,0
TXN04208,CUST0681,7584.06,Net Banking,Travel,10,6,1,Insufficient Balance,2,1.0,0,11,0,0.0,0.3004737220082214,MEDIUM,Ask customer to add funds or use another method,Customer notification,0
TXN04682,CUST1438,5990.04,UPI,Shopping,3,8,4,Network Error,3,40.9,0,23,0,0.0,0.3004153319215622,MEDIUM,Retry payment,Automatic retry,0
TXN04472,CUST0868,967.0,Wallet,Shopping,22,15,3,Insufficient Balance,3,19.7,1,10,0,0.0,0.30011490814447195,MEDIUM,Ask customer to add funds or use another method,Customer notification,0
TXN02027,CUST0334,3650.75,Wallet,Utilities,59,7,6,Authentication Failed,1,63.9,0,11,0,0.0,0.3001077976879855,MEDIUM,Request customer authentication,Customer notification,0
TXN02738,CUST1257,8867.04,Net Banking,Entertainment,24,2,0,Authentication Failed,3,24.1,0,4,0,0.0,0.29999248722230343,LOW,Request customer authentication,Customer notification,0
TXN00097,CUST0792,2275.1,UPI,Utilities,35,7,5,Authentication Failed,2,36.2,0,11,0,0.0,0.2998723251587387,LOW,Request customer authentication,Customer notification,0
TXN00122,CUST1052,4473.29,Net Banking,Utilities,33,16,7,Bank Declined,3,48.8,0,9,0,0.0,0.299759605442211,LOW,Suggest alternative payment method,Customer notification,0
TXN04403,CUST0218,4170.37,Wallet,Travel,5,6,4,Timeout,1,45.3,0,3,0,0.0,0.29964273989226614,LOW,Retry payment after short delay,Automatic retry,0
TXN04015,CUST0946,4640.63,Card,Food,54,6,0,Insufficient Balance,3,36.0,1,18,0,0.0,0.29952595366448526,LOW,Ask customer to add funds or use another method,Customer notification,0
TXN03870,CUST1483,7167.62,UPI,Entertainment,25,16,3,Bank Declined,3,46.0,0,8,0,0.0,0.2994105008749657,LOW,Suggest alternative payment method,Customer notification,0
TXN03029,CUST0435,8534.5,Net Banking,Food,39,12,3,Insufficient Balance,3,8.0,0,11,0,0.0,0.29936231012380393,LOW,Ask customer to add funds or use another method,Customer notification,0
TXN02935,CUST0641,2007.64,Wallet,Entertainment,34,1,3,Timeout,1,60.7,0,16,0,0.0,0.2992916260306205,LOW,Retry payment after short delay,Automatic retry,0
TXN00505,CUST1124,7269.9,UPI,Travel,6,7,4,Network Error,1,66.7,0,3,0,0.0,0.29917991500841007,LOW,Retry payment,Automatic retry,0
TXN01672,CUST0328,9933.33,Net Banking,Shopping,46,12,2,Insufficient Balance,2,25.4,0,13,0,0.0,0.29907453201194434,LOW,Ask customer to add funds or use another method,Customer notification,0
TXN00572,CUST1214,1795.82,UPI,Food,16,7,4,Network Error,2,29.2,1,7,0,0.0,0.2990357292208359,LOW,Retry payment,Automatic retry,0
TXN03181,CUST0273,4284.76,Wallet,Entertainment,12,15,4,Bank Declined,1,66.0,1,10,0,0.0,0.2989058556630206,LOW,Suggest alternative payment method,Customer notification,0
TXN03686,CUST0019,7864.37,Card,Food,55,8,7,Timeout,3,4.4,0,6,0,0.0,0.29874092095678983,LOW,Retry payment after short delay,Automatic retry,0
TXN01730,CUST1248,2139.46,Net Banking,Entertainment,1,14,5,Insufficient Balance,1,46.8,0,21,0,0.0,0.29873644923762116,LOW,Ask customer to add funds or use another method,Customer notification,0
TXN01033,CUST0225,4397.12,Card,Travel,60,4,1,Bank Declined,2,49.9,0,7,0,0.0,0.2986130576195086,LOW,Suggest alternative payment method,Customer notification,0
TXN02474,CUST0134,8545.97,UPI,Shopping,48,3,1,Timeout,3,49.1,0,22,0,0.0,0.2980606573361605,LOW,Retry payment after short delay,Automatic retry,0
TXN04484,CUST1188,4418.82,Net Banking,Travel,2,4,0,Bank Declined,3,3.4,0,13,0,0.0,0.2978470968158089,LOW,Suggest alternative payment method,Customer notification,0
TXN03077,CUST0307,999.68,Card,Utilities,35,3,3,Insufficient Balance,1,17.4,0,15,0,0.0,0.2977911392904091,LOW,Ask customer to add funds or use another method,Customer notification,0
TXN02190,CUST1089,6355.61,UPI,Travel,32,6,6,Authentication Failed,3,29.2,0,16,0,0.0,0.2976712845822457,LOW,Request customer authentication,Customer notification,0
TXN02550,CUST1104,242.29,Card,Travel,42,5,6,Bank Declined,1,5.3,0,21,0,0.0,0.2975148906666978,LOW,Suggest alternative payment method,Customer notification,0
TXN01391,CUST0610,2023.31,Card,Shopping,45,13,6,Insufficient Balance,1,33.5,0,14,0,0.0,0.2975111439222547,LOW,Ask customer to add funds or use another method,Customer notification,0
TXN04498,CUST0054,4506.56,Card,Travel,21,12,4,Insufficient Balance,2,71.4,0,8,0,0.0,0.29749130676456415,LOW,Ask customer to add funds or use another method,Customer notification,0
TXN01958,CUST1325,6633.94,Net Banking,Utilities,28,9,6,Authentication Failed,3,37.2,0,8,0,0.0,0.2974789495999504,LOW,Request customer authentication,Customer notification,0
TXN03141,CUST1022,3824.67,Net Banking,Utilities,23,1,0,Bank Declined,3,29.7,1,12,0,0.0,0.2973725508246319,LOW,Suggest alternative payment method,Customer notification,0
TXN04226,CUST1367,3060.23,Net Banking,Travel,25,14,2,Insufficient Balance,3,33.5,0,3,0,0.0,0.2973511800259779,LOW,Ask customer to add funds or use another method,Customer notification,0
TXN04974,CUST0920,3506.35,UPI,Utilities,60,15,5,Insufficient Balance,3,59.4,0,13,0,0.0,0.29716824372343215,LOW,Ask customer to add funds or use another method,Customer notification,0
TXN03149,CUST0646,3462.96,UPI,Food,17,13,3,Insufficient Balance,3,47.4,0,2,0,0.0,0.2969838145684649,LOW,Ask customer to add funds or use another method,Customer notification,0
TXN03324,CUST0406,6022.06,UPI,Utilities,13,9,3,Bank Declined,3,0.6,0,15,0,0.0,0.29688002674055897,LOW,Suggest alternative payment method,Customer notification,0
TXN02955,CUST0163,7299.96,Card,Food,32,2,2,Authentication Failed,1,59.5,0,18,0,0.0,0.2966661923377123,LOW,Request customer authentication,Customer notification,0
TXN04648,CUST0547,4534.64,UPI,Travel,2,14,2,Bank Declined,3,52.5,1,5,0,0.0,0.2966149824857522,LOW,Suggest alternative payment method,Customer notification,0
TXN04478,CUST0881,6129.39,Net Banking,Shopping,7,9,6,Insufficient Balance,1,24.5,0,14,0,0.0,0.29654930254076695,LOW,Ask customer to add funds or use another method,Customer notification,0
TXN03817,CUST0911,6321.39,Wallet,Travel,5,11,3,Insufficient Balance,1,17.1,0,6,0,0.0,0.2964339834749796,LOW,Ask customer to add funds or use another method,Customer notification,0
TXN04236,CUST0496,9745.62,Wallet,Travel,32,18,2,Bank Declined,2,56.9,0,4,0,0.0,0.2962764473382243,LOW,Suggest alternative payment method,Customer notification,0
TXN02003,CUST0866,4232.18,Card,Travel,26,16,7,Bank Declined,2,48.7,0,8,0,0.0,0.29610545946988115,LOW,Suggest alternative payment method,Customer notification,0
TXN02171,CUST1183,9730.66,Wallet,Travel,37,11,5,Bank Declined,2,50.0,1,16,0,0.0,0.29607056219791494,LOW,Suggest alternative payment method,Customer notification,0
TXN00932,CUST1240,1515.31,Wallet,Travel,17,2,4,Authentication Failed,1,24.2,1,10,0,0.0,0.29567806713500994,LOW,Request customer authentication,Customer notification,0
TXN01519,CUST0990,4695.62,Card,Entertainment,16,4,0,Insufficient Balance,1,4.7,0,10,0,0.0,0.295449241623573,LOW,Ask customer to add funds or use another method,Customer notification,0
TXN02556,CUST0101,7165.69,UPI,Travel,7,8,3,Insufficient Balance,1,39.5,0,18,0,0.0,0.2953883690731226,LOW,Ask customer to add funds or use another method,Customer notification,0
TXN03606,CUST0520,278.08,Wallet,Utilities,16,11,2,Insufficient Balance,1,35.6,0,3,0,0.0,0.29511537612500666,LOW,Ask customer to add funds or use another method,Customer notification,0
TXN03779,CUST1046,1124.78,UPI,Utilities,41,3,6,Network Error,1,45.4,1,6,0,0.0,0.2950900033569273,LOW,Retry payment,Automatic retry,0
TXN00810,CUST0250,7921.15,Card,Entertainment,17,19,7,Bank Declined,2,47.0,0,4,0,0.0,0.294906168833258,LOW,Suggest alternative payment method,Customer notification,0
TXN03210,CUST1337,7271.42,Net Banking,Shopping,12,1,2,Authentication Failed,1,62.4,1,18,0,0.0,0.29466678339047986,LOW,Request customer authentication,Customer notification,0
TXN02301,CUST0984,1117.41,Wallet,Utilities,49,0,0,Bank Declined,2,31.2,0,21,0,0.0,0.29445958850956355,LOW,Suggest alternative payment method,Customer notification,0
TXN02973,CUST0639,7506.25,UPI,Entertainment,59,6,7,Timeout,1,51.3,0,15,0,0.0,0.29444558086312644,LOW,Retry payment after short delay,Automatic retry,0
TXN02755,CUST1369,2070.21,UPI,Travel,37,16,4,Insufficient Balance,3,6.1,0,3,0,0.0,0.2944138546982209,LOW,Ask customer to add funds or use another method,Customer notification,0
TXN02210,CUST1027,4463.32,Net Banking,Utilities,58,9,7,Authentication Failed,3,26.1,0,9,0,0.0,0.29440760151874507,LOW,Request customer authentication,Customer notification,0
TXN04908,CUST0999,8810.12,Card,Utilities,49,2,5,Timeout,2,51.8,1,14,0,0.0,0.2942039425856261,LOW,Retry payment after short delay,Automatic retry,0
TXN01536,CUST0936,5402.78,UPI,Travel,54,8,0,Authentication Failed,3,62.1,0,21,0,0.0,0.2938675951394041,LOW,Request customer authentication,Customer notification,0
TXN02445,CUST0770,9126.11,Card,Shopping,43,7,2,Insufficient Balance,1,1.9,1,15,0,0.0,0.2937860398284087,LOW,Ask customer to add funds or use another method,Customer notification,0
TXN02117,CUST0427,9697.96,UPI,Travel,4,8,7,Timeout,3,19.5,0,10,0,0.0,0.29371235106729204,LOW,Retry payment after short delay,Automatic retry,0
TXN00300,CUST0914,9057.19,UPI,Food,45,15,5,Insufficient Balance,2,48.4,0,6,0,0.0,0.29371068970911685,LOW,Ask customer to add funds or use another method,Customer notification,0
TXN01793,CUST0947,3455.55,Wallet,Food,47,16,6,Insufficient Balance,1,49.6,1,15,0,0.0,0.29357107307826896,LOW,Ask customer to add funds or use another method,Customer notification,0
TXN03572,CUST1403,6791.34,UPI,Travel,53,5,0,Insufficient Balance,3,38.3,0,16,0,0.0,0.29353204168084746,LOW,Ask customer to add funds or use another method,Customer notification,0
TXN03908,CUST0614,1369.03,UPI,Shopping,35,8,1,Bank Declined,3,15.6,0,13,0,0.0,0.2935093314500672,LOW,Suggest alternative payment method,Customer notification,0
TXN00702,CUST1465,8388.9,UPI,Shopping,4,7,1,Insufficient Balance,1,30.1,1,10,0,0.0,0.29342825085651386,LOW,Ask customer to add funds or use another method,Customer notification,0
TXN00108,CUST1368,9868.62,Wallet,Shopping,58,8,4,Bank Declined,3,38.8,0,14,0,0.0,0.2932953669104851,LOW,Suggest alternative payment method,Customer notification,0
TXN02242,CUST1148,7768.26,UPI,Food,42,7,4,Authentication Failed,3,39.2,0,5,0,0.0,0.29316028191707,LOW,Request customer authentication,Customer notification,0
TXN01123,CUST1121,7385.59,Wallet,Entertainment,30,9,1,Insufficient Balance,1,52.6,1,0,0,0.0,0.2930036720403469,LOW,Ask customer to add funds or use another method,Customer notification,0
TXN03863,CUST0397,8036.03,Wallet,Entertainment,32,4,5,Bank Declined,2,6.4,1,12,0,0.0,0.2928317625924794,LOW,Suggest alternative payment method,Customer notification,0
TXN02834,CUST1178,6741.56,Net Banking,Entertainment,20,0,3,Network Error,3,24.0,0,18,0,0.0,0.29261538111248114,LOW,Retry payment,Automatic retry,0
TXN00433,CUST1220,2247.87,Card,Food,6,10,6,Authentication Failed,2,47.5,0,10,0,0.0,0.2923684338899525,LOW,Request customer authentication,Customer notification,0
TXN01132,CUST0517,343.72,UPI,Food,56,19,0,Insufficient Balance,3,66.4,1,17,0,0.0,0.29233627210786656,LOW,Ask customer to add funds or use another method,Customer notification,0
TXN00449,CUST0120,4699.67,Net Banking,Food,52,20,7,Insufficient Balance,2,7.9,0,6,0,0.0,0.29231791332140156,LOW,Ask customer to add funds or use another method,Customer notification,0
TXN00167,CUST1110,8557.18,Wallet,Entertainment,23,10,0,Insufficient Balance,3,58.7,1,7,0,0.0,0.2922954311359892,LOW,Ask customer to add funds or use another method,Customer notification,0
TXN02430,CUST0406,2764.98,Card,Shopping,6,12,7,Timeout,3,44.5,0,15,0,0.0,0.2922716582782522,LOW,Retry payment after short delay,Automatic retry,0
TXN02054,CUST1327,4028.21,Wallet,Food,60,2,7,Timeout,1,30.2,1,2,0,0.0,0.2922475273439936,LOW,Retry payment after short delay,Automatic retry,0
TXN00396,CUST0903,7642.65,Net Banking,Utilities,36,2,3,Timeout,1,61.2,0,22,0,0.0,0.29221535019802586,LOW,Retry payment after short delay,Automatic retry,0
TXN00940,CUST1031,2779.14,Wallet,Shopping,10,6,2,Network Error,1,71.6,0,15,0,0.0,0.29215359066162155,LOW,Retry payment,Automatic retry,0
TXN00600,CUST0885,1773.71,UPI,Utilities,28,11,0,Insufficient Balance,2,40.4,0,2,0,0.0,0.29199557305784835,LOW,Ask customer to add funds or use another method,Customer notification,0
TXN01092,CUST1319,3341.47,Net Banking,Entertainment,23,3,1,Insufficient Balance,1,3.1,0,22,0,0.0,0.2918519628202631,LOW,Ask customer to add funds or use another method,Customer notification,0
TXN01806,CUST0157,8582.67,Wallet,Utilities,4,3,1,Authentication Failed,2,23.8,1,22,0,0.0,0.2916761769300365,LOW,Request customer authentication,Customer notification,0
TXN03052,CUST0079,1720.39,Card,Food,21,5,6,Bank Declined,2,3.4,0,5,0,0.0,0.29143743100700314,LOW,Suggest alternative payment method,Customer notification,0
TXN02167,CUST0688,1115.04,UPI,Utilities,18,7,2,Network Error,1,64.3,0,1,0,0.0,0.29138557754892036,LOW,Retry payment,Automatic retry,0
TXN00576,CUST0217,8048.23,Wallet,Utilities,42,3,6,Network Error,1,39.6,0,11,0,0.0,0.2913314647843921,LOW,Retry payment,Automatic retry,0
TXN00877,CUST0900,9878.72,Net Banking,Utilities,37,2,3,Authentication Failed,2,38.2,0,7,0,0.0,0.29104854314283424,LOW,Request customer authentication,Customer notification,0
TXN00789,CUST0677,8946.99,Wallet,Utilities,12,9,5,Timeout,2,69.6,0,9,0,0.0,0.29085277272774496,LOW,Retry payment after short delay,Automatic retry,0
TXN02566,CUST1087,2209.05,Card,Entertainment,2,15,6,Insufficient Balance,1,50.4,0,21,0,0.0,0.2907288196296662,LOW,Ask customer to add funds or use another method,Customer notification,0
TXN04743,CUST1127,8696.14,Net Banking,Entertainment,11,5,3,Authentication Failed,3,10.8,0,17,0,0.0,0.290582505911708,LOW,Request customer authentication,Customer notification,0
TXN04672,CUST1271,6303.92,Wallet,Shopping,57,18,6,Insufficient Balance,3,23.5,1,12,0,0.0,0.2905351026910714,LOW,Ask customer to add funds or use another method,Customer notification,0
TXN04058,CUST0886,2206.0,Net Banking,Travel,14,12,6,Timeout,3,67.7,1,19,0,0.0,0.29052948811985385,LOW,Retry payment after short delay,Automatic retry,0
TXN02700,CUST0190,7023.91,Net Banking,Utilities,22,2,0,Timeout,3,51.3,1,4,0,0.0,0.2904940700576634,LOW,Retry payment after short delay,Automatic retry,0
TXN02262,CUST1444,123.0,Wallet,Food,7,0,2,Network Error,1,32.4,0,21,0,0.0,0.2903672826168665,LOW,Retry payment,Automatic retry,0
TXN02883,CUST1207,6881.56,Wallet,Entertainment,41,0,7,Timeout,2,29.4,0,4,0,0.0,0.2903069997089749,LOW,Retry payment after short delay,Automatic retry,0
TXN04585,CUST1229,3430.97,Net Banking,Utilities,56,0,5,Authentication Failed,2,16.9,0,21,0,0.0,0.2902639704513228,LOW,Request customer authentication,Customer notification,0
TXN01054,CUST1343,3372.55,UPI,Entertainment,46,3,5,Bank Declined,1,8.6,0,12,0,0.0,0.28992571304531045,LOW,Suggest alternative payment method,Customer notification,0
TXN00037,CUST1500,4590.43,Net Banking,Shopping,34,16,1,Bank Declined,3,71.2,0,7,0,0.0,0.2899206684046069,LOW,Suggest alternative payment method,Customer notification,0
TXN02456,CUST1443,6225.6,Card,Entertainment,23,14,7,Insufficient Balance,3,47.5,0,1,0,0.0,0.2895222667797351,LOW,Ask customer to add funds or use another method,Customer notification,0
TXN03904,CUST1162,5139.91,Wallet,Food,12,3,3,Network Error,2,12.1,1,13,0,0.0,0.2894457081353162,LOW,Retry payment,Automatic retry,0
TXN04320,CUST0728,9617.69,Wallet,Shopping,13,17,4,Bank Declined,3,47.8,1,2,0,0.0,0.2894438223561205,LOW,Suggest alternative payment method,Customer notification,0
TXN02045,CUST0066,8179.31,Card,Travel,37,4,2,Bank Declined,3,23.0,0,16,0,0.0,0.28934503123451266,LOW,Suggest alternative payment method,Customer notification,0
TXN00458,CUST1417,4494.65,Card,Food,35,13,1,Bank Declined,3,64.6,0,15,0,0.0,0.28907166648977023,LOW,Suggest alternative payment method,Customer notification,0
TXN02435,CUST1013,4457.79,Wallet,Utilities,37,1,5,Network Error,2,3.8,0,7,0,0.0,0.28897195589043634,LOW,Retry payment,Automatic retry,0
TXN01689,CUST0115,1729.53,UPI,Utilities,30,6,7,Timeout,2,28.5,0,20,0,0.0,0.28889663326486087,LOW,Retry payment after short delay,Automatic retry,0
TXN00077,CUST0566,6726.16,Card,Food,3,15,4,Bank Declined,3,58.1,0,14,0,0.0,0.28865849716192155,LOW,Suggest alternative payment method,Customer notification,0
TXN04988,CUST0339,7854.84,Net Banking,Entertainment,33,1,6,Authentication Failed,1,27.5,0,7,0,0.0,0.2885722677361051,LOW,Request customer authentication,Customer notification,0
TXN03630,CUST0820,3942.18,UPI,Entertainment,2,13,4,Bank Declined,1,70.8,0,11,0,0.0,0.28846335191506767,LOW,Suggest alternative payment method,Customer notification,0
TXN04555,CUST0494,9141.67,Wallet,Travel,55,14,5,Insufficient Balance,2,62.2,0,14,0,0.0,0.28819195022271055,LOW,Ask customer to add funds or use another method,Customer notification,0
TXN02545,CUST1353,9830.32,Card,Utilities,24,17,4,Insufficient Balance,1,48.2,1,11,0,0.0,0.2880581848318731,LOW,Ask customer to add funds or use another method,Customer notification,0
TXN03027,CUST0098,4918.84,Card,Shopping,11,3,1,Bank Declined,1,11.2,0,4,0,0.0,0.2878636930607224,LOW,Suggest alternative payment method,Customer notification,0
TXN03954,CUST1238,892.89,Wallet,Entertainment,31,6,2,Authentication Failed,2,66.9,0,14,0,0.0,0.2873886611705526,LOW,Request customer authentication,Customer notification,0
TXN02011,CUST0186,2614.45,Wallet,Travel,6,18,7,Bank Declined,3,25.0,0,9,0,0.0,0.28718078074992487,LOW,Suggest alternative payment method,Customer notification,0
TXN01852,CUST1177,1334.01,Wallet,Utilities,37,6,6,Authentication Failed,2,6.6,0,16,0,0.0,0.2869844310274337,LOW,Request customer authentication,Customer notification,0
TXN03439,CUST0450,4835.01,Card,Shopping,10,6,6,Bank Declined,3,56.5,0,11,1,4440.76,0.28693872686505195,LOW,Suggest alternative payment method,Customer notification,1
TXN00657,CUST0445,4172.61,UPI,Entertainment,38,6,2,Authentication Failed,3,40.8,0,23,0,0.0,0.2867571544711994,LOW,Request customer authentication,Customer notification,0
TXN04276,CUST1222,2866.75,Card,Utilities,27,6,3,Authentication Failed,2,66.5,1,2,0,0.0,0.2866538865495343,LOW,Request customer authentication,Customer notification,0
TXN01062,CUST0236,9128.4,Card,Food,38,5,6,Authentication Failed,2,39.4,0,8,0,0.0,0.2866515756332795,LOW,Request customer authentication,Customer notification,0
TXN04830,CUST1072,6087.54,UPI,Travel,9,15,7,Bank Declined,3,40.3,0,19,0,0.0,0.28662216114267147,LOW,Suggest alternative payment method,Customer notification,0
TXN01771,CUST0705,6439.77,UPI,Food,48,5,5,Network Error,1,66.2,0,5,0,0.0,0.286587263648497,LOW,Retry payment,Automatic retry,0
TXN01705,CUST0363,448.63,Card,Travel,49,3,7,Network Error,3,56.0,1,22,0,0.0,0.2864941683469959,LOW,Retry payment,Automatic retry,0
TXN01420,CUST0981,4557.8,UPI,Shopping,46,1,2,Authentication Failed,1,56.9,0,10,0,0.0,0.2862188234875747,LOW,Request customer authentication,Customer notification,0
TXN04077,CUST0008,7719.46,Card,Shopping,37,2,3,Timeout,3,27.8,0,0,0,0.0,0.2861135291548968,LOW,Retry payment after short delay,Automatic retry,0
TXN03649,CUST0772,5942.26,Wallet,Shopping,37,17,0,Bank Declined,3,69.7,0,5,0,0.0,0.28582982815069496,LOW,Suggest alternative payment method,Customer notification,0
TXN03999,CUST0491,5252.52,Net Banking,Travel,11,2,1,Authentication Failed,3,1.8,0,1,0,0.0,0.28571103106533835,LOW,Request customer authentication,Customer notification,0
TXN04889,CUST1342,6757.97,Net Banking,Food,8,8,6,Network Error,3,37.0,0,5,0,0.0,0.2856147356163063,LOW,Retry payment,Automatic retry,0
TXN00533,CUST0285,5705.53,UPI,Utilities,22,8,4,Insufficient Balance,1,7.4,0,21,0,0.0,0.285508842569224,LOW,Ask customer to add funds or use another method,Customer notification,0
TXN03379,CUST0318,641.67,Card,Shopping,10,17,4,Insufficient Balance,3,50.7,0,22,0,0.0,0.28515145584368445,LOW,Ask customer to add funds or use another method,Customer notification,0
TXN01723,CUST0363,6988.37,Wallet,Food,3,4,4,Network Error,1,34.6,0,21,0,0.0,0.28501728445089464,LOW,Retry payment,Automatic retry,0
TXN01078,CUST0725,3680.31,Wallet,Utilities,28,20,7,Insufficient Balance,2,47.1,0,16,0,0.0,0.28493816067374494,LOW,Ask customer to add funds or use another method,Customer notification,0
TXN04355,CUST0595,9550.94,Wallet,Shopping,51,3,2,Authentication Failed,3,3.0,0,19,0,0.0,0.2847911141729138,LOW,Request customer authentication,Customer notification,0
TXN02872,CUST1338,6050.8,Wallet,Shopping,44,10,4,Bank Declined,2,56.2,0,9,0,0.0,0.28443621205354835,LOW,Suggest alternative payment method,Customer notification,0
TXN02831,CUST0536,3475.38,Wallet,Shopping,4,13,4,Insufficient Balance,2,4.4,0,14,0,0.0,0.28430312812051123,LOW,Ask customer to add funds or use another method,Customer notification,0
TXN03683,CUST0057,1221.37,Card,Food,39,14,5,Insufficient Balance,2,40.6,0,23,0,0.0,0.2840025332507434,LOW,Ask customer to add funds or use another method,Customer notification,0
TXN02449,CUST0835,1393.66,Wallet,Travel,34,14,3,Insufficient Balance,3,14.5,1,13,0,0.0,0.28394444997632207,LOW,Ask customer to add funds or use another method,Customer notification,0
TXN00230,CUST0401,9964.34,Card,Food,42,4,1,Bank Declined,2,58.0,1,20,0,0.0,0.2839238366302641,LOW,Suggest alternative payment method,Customer notification,0
TXN03942,CUST1252,6866.0,Card,Travel,50,13,7,Insufficient Balance,1,53.4,0,17,0,0.0,0.28366700142052653,LOW,Ask customer to add funds or use another method,Customer notification,0
TXN03323,CUST0605,725.56,Wallet,Entertainment,28,13,5,Insufficient Balance,1,38.7,0,23,0,0.0,0.28362596909644755,LOW,Ask customer to add funds or use another method,Customer notification,0
TXN00448,CUST0657,597.12,Card,Travel,5,7,4,Timeout,2,33.8,0,0,0,0.0,0.2836128339273199,LOW,Retry payment after short delay,Automatic retry,0
TXN02134,CUST1376,314.29,UPI,Entertainment,58,12,7,Bank Declined,3,14.8,1,17,0,0.0,0.28352790287443935,LOW,Suggest alternative payment method,Customer notification,0
TXN04601,CUST1409,8137.71,Wallet,Shopping,55,3,6,Timeout,3,3.5,0,7,0,0.0,0.28343448580498576,LOW,Retry payment after short delay,Automatic retry,0
TXN00775,CUST1485,4794.23,Card,Utilities,6,11,4,Authentication Failed,3,34.0,0,2,0,0.0,0.283210132459371,LOW,Request customer authentication,Customer notification,0
TXN02413,CUST1036,8831.56,Net Banking,Shopping,44,12,3,Insufficient Balance,3,30.8,0,14,0,0.0,0.2831825620427804,LOW,Ask customer to add funds or use another method,Customer notification,0
TXN00304,CUST1187,3013.24,Net Banking,Travel,19,8,7,Timeout,1,52.4,1,19,0,0.0,0.28316808629591583,LOW,Retry payment after short delay,Automatic retry,0
TXN00923,CUST0719,8214.13,UPI,Shopping,55,6,0,Bank Declined,2,69.7,1,11,0,0.0,0.28315115102528937,LOW,Suggest alternative payment method,Customer notification,0
TXN03913,CUST0171,5611.15,Wallet,Entertainment,16,18,7,Insufficient Balance,2,42.4,1,8,0,0.0,0.28304173668774896,LOW,Ask customer to add funds or use another method,Customer notification,0
TXN03117,CUST0260,2661.18,Card,Utilities,7,1,2,Bank Declined,1,49.8,1,21,0,0.0,0.2830226110042697,LOW,Suggest alternative payment method,Customer notification,0
TXN00507,CUST1204,3471.39,Card,Utilities,28,7,4,Bank Declined,2,30.1,0,11,0,0.0,0.28286227758871557,LOW,Suggest alternative payment method,Customer notification,0
TXN00776,CUST0105,760.27,Card,Entertainment,57,8,2,Authentication Failed,3,62.1,0,1,0,0.0,0.28239624704389843,LOW,Request customer authentication,Customer notification,0
TXN01038,CUST0001,7335.71,Card,Shopping,4,7,1,Bank Declined,3,24.4,1,3,0,0.0,0.28222196661482185,LOW,Suggest alternative payment method,Customer notification,0
TXN03742,CUST0295,4037.96,Net Banking,Utilities,34,11,2,Insufficient Balance,2,4.2,0,16,0,0.0,0.28213078676331427,LOW,Ask customer to add funds or use another method,Customer notification,0
TXN01034,CUST0532,1362.94,UPI,Utilities,12,7,2,Authentication Failed,3,33.2,0,18,0,0.0,0.28203870468783687,LOW,Request customer authentication,Customer notification,0
TXN04818,CUST1438,9961.28,Net Banking,Food,24,7,2,Insufficient Balance,1,3.3,0,2,0,0.0,0.28188882566480644,LOW,Ask customer to add funds or use another method,Customer notification,0
TXN01447,CUST0758,3844.42,Card,Utilities,20,18,7,Insufficient Balance,3,42.2,0,19,0,0.0,0.28186576782709166,LOW,Ask customer to add funds or use another method,Customer notification,0
TXN04816,CUST0619,2121.96,Wallet,Travel,52,2,5,Network Error,1,41.1,0,11,0,0.0,0.2816039214819894,LOW,Retry payment,Automatic retry,0
TXN00590,CUST1257,548.42,Wallet,Shopping,49,17,0,Insufficient Balance,3,53.7,0,18,0,0.0,0.281512306891325,LOW,Ask customer to add funds or use another method,Customer notification,0
TXN02388,CUST0342,3671.98,UPI,Food,40,1,6,Authentication Failed,2,1.8,0,16,0,0.0,0.28130387645850413,LOW,Request customer authentication,Customer notification,0
TXN03809,CUST1181,654.42,UPI,Shopping,6,6,0,Bank Declined,2,37.1,0,0,0,0.0,0.2811807484519127,LOW,Suggest alternative payment method,Customer notification,0
TXN02657,CUST1409,9458.54,Wallet,Entertainment,13,11,5,Network Error,2,58.7,0,15,0,0.0,0.2811322193636171,LOW,Retry payment,Automatic retry,0
TXN01630,CUST0054,3228.37,Net Banking,Utilities,44,5,4,Timeout,3,38.1,0,13,0,0.0,0.28109476614498574,LOW,Retry payment after short delay,Automatic retry,0
TXN03198,CUST0124,786.11,Net Banking,Travel,36,7,2,Network Error,3,53.4,0,7,0,0.0,0.28091595800416674,LOW,Retry payment,Automatic retry,0
TXN01522,CUST0995,6650.87,Net Banking,Entertainment,27,10,0,Insufficient Balance,2,68.1,0,21,0,0.0,0.2807874271517501,LOW,Ask customer to add funds or use another method,Customer notification,0
TXN02462,CUST0244,4919.6,Wallet,Utilities,58,9,7,Network Error,2,52.7,0,18,0,0.0,0.28078339275871383,LOW,Retry payment,Automatic retry,0
TXN02417,CUST0515,6676.96,Net Banking,Food,5,1,3,Authentication Failed,2,25.3,0,14,0,0.0,0.2807769019005933,LOW,Request customer authentication,Customer notification,0
TXN03868,CUST0329,812.61,UPI,Shopping,52,3,3,Bank Declined,2,36.4,0,3,0,0.0,0.28073170395966873,LOW,Suggest alternative payment method,Customer notification,0
TXN00231,CUST0767,7980.47,UPI,Entertainment,35,15,6,Bank Declined,3,52.2,0,21,0,0.0,0.280730428269928,LOW,Suggest alternative payment method,Customer notification,0
TXN03192,CUST0936,7458.62,UPI,Travel,2,10,7,Insufficient Balance,1,28.3,0,8,0,0.0,0.28053050776227656,LOW,Ask customer to add funds or use another method,Customer notification,0
TXN03751,CUST0321,1534.83,Wallet,Travel,39,0,1,Timeout,3,62.5,0,17,0,0.0,0.280356610688621,LOW,Retry payment after short delay,Automatic retry,0
TXN02912,CUST0973,2755.68,Wallet,Entertainment,23,13,3,Insufficient Balance,2,1.8,1,1,0,0.0,0.2803313795801843,LOW,Ask customer to add funds or use another method,Customer notification,0
TXN00773,CUST0795,8340.93,Net Banking,Travel,15,1,3,Authentication Failed,3,30.2,1,15,0,0.0,0.2802398828951637,LOW,Request customer authentication,Customer notification,0
TXN01358,CUST1280,3214.83,Card,Shopping,30,0,1,Timeout,1,57.8,0,2,0,0.0,0.280145709823207,LOW,Retry payment after short delay,Automatic retry,0
TXN02407,CUST0618,6472.83,Wallet,Food,24,9,4,Insufficient Balance,1,71.3,0,1,0,0.0,0.28005896260866103,LOW,Ask customer to add funds or use another method,Customer notification,0
TXN04943,CUST0688,3472.79,UPI,Travel,29,4,2,Bank Declined,3,9.2,0,16,0,0.0,0.2800323031321418,LOW,Suggest alternative payment method,Customer notification,0
TXN03254,CUST0763,8050.07,Net Banking,Food,20,8,7,Timeout,1,49.3,0,19,0,0.0,0.2799795671849915,LOW,Retry payment after short delay,Automatic retry,0
TXN01786,CUST0460,6671.05,Net Banking,Shopping,54,7,1,Authentication Failed,3,67.5,0,13,0,0.0,0.27994652415337734,LOW,Request customer authentication,Customer notification,0
TXN04742,CUST0817,658.37,Card,Travel,17,12,2,Bank Declined,2,61.8,1,1,0,0.0,0.2799361934759153,LOW,Suggest alternative payment method,Customer notification,0
TXN02181,CUST1001,4516.88,Card,Travel,13,12,0,Insufficient Balance,3,71.4,1,8,0,0.0,0.2799046323440613,LOW,Ask customer to add funds or use another method,Customer notification,0
TXN00905,CUST0794,2049.19,Wallet,Travel,54,2,2,Insufficient Balance,1,1.3,1,1,0,0.0,0.2798949216848488,LOW,Ask customer to add funds or use another method,Customer notification,0
TXN01724,CUST1461,9447.67,Wallet,Food,6,10,5,Authentication Failed,3,28.1,0,23,0,0.0,0.27989450425555323,LOW,Request customer authentication,Customer notification,0
TXN04543,CUST0275,8066.79,Wallet,Entertainment,46,8,0,Authentication Failed,3,70.7,0,11,0,0.0,0.2797293481473658,LOW,Request customer authentication,Customer notification,0
TXN04431,CUST0230,9845.98,UPI,Entertainment,6,15,1,Insufficient Balance,3,50.2,0,11,0,0.0,0.2794550650951423,LOW,Ask customer to add funds or use another method,Customer notification,0
TXN03374,CUST0892,1087.66,Net Banking,Shopping,10,6,5,Insufficient Balance,1,31.9,0,21,0,0.0,0.2792092610948515,LOW,Ask customer to add funds or use another method,Customer notification,0
TXN00751,CUST0709,1283.66,Card,Travel,33,3,2,Bank Declined,2,41.8,0,4,0,0.0,0.27914878622724393,LOW,Suggest alternative payment method,Customer notification,0
TXN00040,CUST0190,9111.11,Net Banking,Entertainment,6,15,4,Insufficient Balance,1,68.5,0,18,0,0.0,0.2788771989216979,LOW,Ask customer to add funds or use another method,Customer notification,0
TXN01709,CUST0356,5419.67,Net Banking,Food,1,1,4,Network Error,2,22.2,1,0,0,0.0,0.27887132132728565,LOW,Retry payment,Automatic retry,0
TXN00059,CUST1370,5065.6,Net Banking,Shopping,39,14,4,Bank Declined,3,71.8,1,18,0,0.0,0.27859547631189047,LOW,Suggest alternative payment method,Customer notification,0
TXN03260,CUST0398,3652.8,UPI,Travel,54,4,5,Authentication Failed,2,42.9,0,9,0,0.0,0.27848089059757786,LOW,Request customer authentication,Customer notification,0
TXN01617,CUST1334,3916.98,Net Banking,Food,19,10,1,Insufficient Balance,2,41.9,0,16,0,0.0,0.27834962469577257,LOW,Ask customer to add funds or use another method,Customer notification,0
TXN01879,CUST1325,5518.32,Net Banking,Travel,3,6,2,Timeout,3,31.8,1,20,0,0.0,0.278276616523619,LOW,Retry payment after short delay,Automatic retry,0
TXN01535,CUST1195,9624.81,UPI,Entertainment,18,13,4,Insufficient Balance,1,48.2,0,10,0,0.0,0.2781831029832127,LOW,Ask customer to add funds or use another method,Customer notification,0
TXN04776,CUST0139,8991.43,Card,Shopping,32,4,7,Network Error,1,67.4,1,2,0,0.0,0.27806045755040365,LOW,Retry payment,Automatic retry,0
TXN00935,CUST0666,6020.29,Wallet,Travel,54,14,6,Insufficient Balance,2,1.0,0,22,0,0.0,0.2778571739329563,LOW,Ask customer to add funds or use another method,Customer notification,0
TXN00058,CUST0777,6008.09,Net Banking,Utilities,10,7,5,Timeout,2,44.5,0,10,0,0.0,0.2778091077138228,LOW,Retry payment after short delay,Automatic retry,0
TXN04550,CUST0870,8405.81,Card,Entertainment,12,20,6,Bank Declined,3,54.1,0,2,0,0.0,0.27773738204097675,LOW,Suggest alternative payment method,Customer notification,0
TXN02343,CUST0441,9360.71,Net Banking,Utilities,40,1,4,Authentication Failed,1,62.3,1,3,0,0.0,0.27769098515467755,LOW,Request customer authentication,Customer notification,0
TXN04265,CUST0753,432.1,Wallet,Food,16,8,0,Network Error,2,66.8,0,7,0,0.0,0.27768975064782336,LOW,Retry payment,Automatic retry,0
TXN03025,CUST1090,8843.61,UPI,Travel,13,2,5,Network Error,2,2.0,0,4,0,0.0,0.2775391570394495,LOW,Retry payment,Automatic retry,0
TXN01306,CUST0313,9186.62,Wallet,Entertainment,11,12,4,Bank Declined,2,71.3,1,20,0,0.0,0.2774913813186631,LOW,Suggest alternative payment method,Customer notification,0
TXN03380,CUST0618,5401.16,Card,Shopping,39,5,4,Insufficient Balance,1,6.7,0,23,0,0.0,0.27729833530629644,LOW,Ask customer to add funds or use another method,Customer notification,0
TXN04686,CUST0416,9851.01,Net Banking,Entertainment,18,17,6,Bank Declined,1,49.7,1,18,0,0.0,0.2772942846066247,LOW,Suggest alternative payment method,Customer notification,0
TXN04810,CUST0059,6711.28,Card,Food,42,0,2,Authentication Failed,3,15.4,0,22,0,0.0,0.2772256206038419,LOW,Request customer authentication,Customer notification,0
TXN03539,CUST0448,1757.96,Wallet,Shopping,43,5,0,Insufficient Balance,1,11.6,0,23,0,0.0,0.27712079797490974,LOW,Ask customer to add funds or use another method,Customer notification,0
TXN01608,CUST1343,345.17,UPI,Food,34,14,4,Insufficient Balance,2,44.8,0,6,0,0.0,0.2770591730801632,LOW,Ask customer to add funds or use another method,Customer notification,0
TXN02245,CUST0715,575.98,Card,Shopping,14,16,6,Insufficient Balance,3,2.7,0,0,0,0.0,0.27686117410402955,LOW,Ask customer to add funds or use another method,Customer notification,0
TXN03541,CUST0262,3600.39,Net Banking,Travel,29,13,7,Bank Declined,3,42.2,1,10,0,0.0,0.2766951248366414,LOW,Suggest alternative payment method,Customer notification,0
TXN00899,CUST0524,1358.25,Card,Food,40,7,7,Insufficient Balance,1,16.1,1,2,0,0.0,0.27668697108862544,LOW,Ask customer to add funds or use another method,Customer notification,0
TXN01275,CUST1043,2841.01,Wallet,Food,10,7,0,Network Error,2,65.9,0,1,0,0.0,0.2764678444103375,LOW,Retry payment,Automatic retry,0
TXN02854,CUST1079,7471.51,Card,Shopping,8,0,3,Network Error,3,28.1,0,12,0,0.0,0.2762491789774933,LOW,Retry payment,Automatic retry,0
TXN04438,CUST0596,8725.52,Wallet,Utilities,17,2,3,Timeout,2,43.0,0,0,0,0.0,0.27622199283019605,LOW,Retry payment after short delay,Automatic retry,0
TXN02033,CUST0553,6480.4,Wallet,Travel,21,1,4,Timeout,2,6.8,0,22,0,0.0,0.2761598859180674,LOW,Retry payment after short delay,Automatic retry,0
TXN00057,CUST0242,6937.73,UPI,Utilities,4,2,2,Bank Declined,2,7.8,0,18,0,0.0,0.2760921382693211,LOW,Suggest alternative payment method,Customer notification,0
TXN00212,CUST0113,7070.42,Net Banking,Travel,29,3,4,Authentication Failed,3,4.0,0,3,0,0.0,0.27593261494756843,LOW,Request customer authentication,Customer notification,0
TXN00570,CUST0096,4136.39,Net Banking,Entertainment,29,18,5,Insufficient Balance,2,69.0,1,7,0,0.0,0.27573967115109455,LOW,Ask customer to add funds or use another method,Customer notification,0
TXN00630,CUST0492,2949.53,Card,Entertainment,23,5,0,Authentication Failed,2,61.6,1,21,0,0.0,0.27539154619097816,LOW,Request customer authentication,Customer notification,0
TXN02708,CUST0160,7589.74,UPI,Entertainment,10,11,6,Insufficient Balance,1,11.2,0,9,0,0.0,0.27533321745617945,LOW,Ask customer to add funds or use another method,Customer notification,0
TXN00678,CUST0348,1362.11,Card,Entertainment,6,9,6,Insufficient Balance,1,18.6,0,20,0,0.0,0.27529923000179357,LOW,Ask customer to add funds or use another method,Customer notification,0
TXN01970,CUST0662,3297.6,Net Banking,Utilities,15,4,0,Bank Declined,1,71.5,0,19,0,0.0,0.2752176708962626,LOW,Suggest alternative payment method,Customer notification,0
TXN02923,CUST0049,2169.68,UPI,Travel,37,10,5,Bank Declined,2,71.0,1,5,0,0.0,0.2750967748757278,LOW,Suggest alternative payment method,Customer notification,0
TXN04525,CUST0737,2686.33,Wallet,Food,48,2,5,Timeout,3,30.2,1,23,0,0.0,0.27483746751506843,LOW,Retry payment after short delay,Automatic retry,0
TXN00451,CUST1082,3234.21,UPI,Travel,26,0,5,Network Error,1,35.3,0,20,0,0.0,0.2747240865871439,LOW,Retry payment,Automatic retry,0
TXN01057,CUST0777,2037.98,UPI,Utilities,3,8,2,Network Error,2,43.5,1,14,0,0.0,0.2743930876893189,LOW,Retry payment,Automatic retry,0
TXN00860,CUST1425,5627.69,Net Banking,Shopping,1,11,3,Bank Declined,3,7.0,0,21,0,0.0,0.27434069379291465,LOW,Suggest alternative payment method,Customer notification,0
TXN03754,CUST0437,1219.22,Wallet,Shopping,28,0,4,Timeout,3,24.4,1,5,0,0.0,0.2743363750771588,LOW,Retry payment after short delay,Automatic retry,0
TXN04731,CUST0640,1170.88,Net Banking,Travel,44,3,4,Authentication Failed,1,56.5,0,9,0,0.0,0.27428158304741773,LOW,Request customer authentication,Customer notification,0
TXN01748,CUST0586,4508.21,Card,Food,25,5,5,Authentication Failed,2,40.0,1,0,0,0.0,0.2742452885158137,LOW,Request customer authentication,Customer notification,0
TXN01634,CUST1123,6272.84,Net Banking,Travel,5,0,1,Authentication Failed,3,23.2,0,1,0,0.0,0.2740382857578284,LOW,Request customer authentication,Customer notification,0
TXN01700,CUST0092,6979.69,Wallet,Shopping,18,3,6,Timeout,1,25.1,0,1,0,0.0,0.2740031761116725,LOW,Retry payment after short delay,Automatic retry,0
TXN03772,CUST1038,4261.3,UPI,Food,12,18,7,Bank Declined,3,39.2,0,2,0,0.0,0.27379320346974334,LOW,Suggest alternative payment method,Customer notification,0
TXN04408,CUST1349,8440.32,UPI,Travel,35,8,6,Timeout,2,51.6,0,0,0,0.0,0.27368213928061613,LOW,Retry payment after short delay,Automatic retry,0
TXN03549,CUST0170,8786.33,Net Banking,Travel,23,5,5,Timeout,1,51.0,0,1,0,0.0,0.27367902044428394,LOW,Retry payment after short delay,Automatic retry,0
TXN02372,CUST0999,5194.16,UPI,Food,51,9,2,Bank Declined,1,50.1,0,1,0,0.0,0.2736717981521247,LOW,Suggest alternative payment method,Customer notification,0
TXN00742,CUST0461,4816.97,Wallet,Utilities,3,12,6,Bank Declined,1,66.0,0,2,0,0.0,0.27365472477257363,LOW,Suggest alternative payment method,Customer notification,0
TXN01190,CUST0051,632.35,Card,Shopping,14,8,3,Timeout,1,66.9,0,16,0,0.0,0.27350465681787683,LOW,Retry payment after short delay,Automatic retry,0
TXN03961,CUST0610,281.97,Net Banking,Shopping,30,3,4,Bank Declined,2,13.4,0,4,0,0.0,0.2734248586503148,LOW,Suggest alternative payment method,Customer notification,0
TXN00532,CUST1067,3704.72,UPI,Utilities,21,13,4,Insufficient Balance,2,38.1,0,7,0,0.0,0.2734207791240757,LOW,Ask customer to add funds or use another method,Customer notification,0
TXN04651,CUST0425,8518.73,Wallet,Entertainment,52,10,3,Insufficient Balance,2,66.0,1,2,0,0.0,0.27338483015275095,LOW,Ask customer to add funds or use another method,Customer notification,0
TXN01861,CUST0726,9364.68,UPI,Food,21,7,1,Bank Declined,3,7.0,1,13,0,0.0,0.2733553066723442,LOW,Suggest alternative payment method,Customer notification,0
TXN01816,CUST0748,6922.3,Net Banking,Utilities,34,3,6,Bank Declined,1,17.6,1,3,0,0.0,0.2729959328375581,LOW,Suggest alternative payment method,Customer notification,0
TXN04062,CUST0620,9531.46,Net Banking,Utilities,37,8,4,Bank Declined,3,30.5,0,8,0,0.0,0.27297367894418906,LOW,Suggest alternative payment method,Customer notification,0
TXN02951,CUST0414,2734.47,Wallet,Entertainment,22,17,5,Insufficient Balance,3,61.1,0,21,0,0.0,0.27283171273650864,LOW,Ask customer to add funds or use another method,Customer notification,0
TXN03632,CUST0582,9252.49,Card,Utilities,17,13,7,Bank Declined,1,16.4,0,9,0,0.0,0.272692332969623,LOW,Suggest alternative payment method,Customer notification,0
TXN02366,CUST0353,7839.12,UPI,Utilities,37,8,1,Bank Declined,3,42.6,1,13,0,0.0,0.2725185516109548,LOW,Suggest alternative payment method,Customer notification,0
TXN01558,CUST0546,5022.81,Wallet,Entertainment,5,13,4,Bank Declined,3,27.9,0,3,0,0.0,0.27237816476291254,LOW,Suggest alternative payment method,Customer notification,0
TXN00527,CUST0691,9472.88,UPI,Utilities,23,0,0,Timeout,1,54.9,0,6,0,0.0,0.27237514784888694,LOW,Retry payment after short delay,Automatic retry,0
TXN04698,CUST0247,1422.08,Card,Travel,57,13,7,Bank Declined,3,3.5,0,0,0,0.0,0.2723116707183352,LOW,Suggest alternative payment method,Customer notification,0
TXN04446,CUST0073,5174.58,Card,Utilities,36,8,3,Timeout,3,46.7,0,2,0,0.0,0.2722884885812662,LOW,Retry payment after short delay,Automatic retry,0
TXN00953,CUST1063,8241.16,Wallet,Shopping,25,20,2,Bank Declined,2,66.1,0,5,0,0.0,0.272283922011791,LOW,Suggest alternative payment method,Customer notification,0
TXN01898,CUST0714,7157.54,Wallet,Utilities,43,0,6,Authentication Failed,2,47.2,1,11,0,0.0,0.27220200168990355,LOW,Request customer authentication,Customer notification,0
TXN04747,CUST0171,3470.37,Net Banking,Entertainment,31,1,4,Insufficient Balance,2,22.0,1,0,0,0.0,0.27218251737959503,LOW,Ask customer to add funds or use another method,Customer notification,0
TXN02805,CUST1037,2288.61,Wallet,Travel,58,2,7,Network Error,3,23.8,0,4,0,0.0,0.27159045900895484,LOW,Retry payment,Automatic retry,0
TXN00542,CUST0849,1022.64,Card,Travel,29,12,7,Bank Declined,2,41.8,0,8,0,0.0,0.2715075382054888,LOW,Suggest alternative payment method,Customer notification,0
TXN04351,CUST1230,5052.95,UPI,Food,25,11,6,Insufficient Balance,2,10.4,1,18,0,0.0,0.2712442133289933,LOW,Ask customer to add funds or use another method,Customer notification,0
TXN02772,CUST1377,7910.56,Wallet,Utilities,4,3,0,Network Error,2,49.6,0,11,0,0.0,0.2712006741112824,LOW,Retry payment,Automatic retry,0
TXN01638,CUST0850,3438.94,Wallet,Utilities,59,2,4,Authentication Failed,1,38.1,0,1,0,0.0,0.2709370066451175,LOW,Request customer authentication,Customer notification,0
TXN00179,CUST1255,3441.06,Net Banking,Utilities,7,3,4,Authentication Failed,3,22.9,1,3,0,0.0,0.27084485924784185,LOW,Request customer authentication,Customer notification,0
TXN04978,CUST1380,9556.9,Net Banking,Travel,30,3,2,Authentication Failed,2,71.3,0,23,0,0.0,0.27055737740455843,LOW,Request customer authentication,Customer notification,0
TXN01626,CUST0937,2950.01,Wallet,Food,49,4,6,Timeout,3,41.8,1,6,0,0.0,0.27046136568528045,LOW,Retry payment after short delay,Automatic retry,0
TXN01312,CUST1263,903.53,Wallet,Utilities,27,3,7,Network Error,3,23.2,1,10,0,0.0,0.2704361959144662,LOW,Retry payment,Automatic retry,0
TXN02246,CUST0051,4887.39,Net Banking,Entertainment,37,2,2,Bank Declined,3,41.0,1,14,0,0.0,0.27033318904888265,LOW,Suggest alternative payment method,Customer notification,0
TXN03684,CUST1327,7751.52,Wallet,Entertainment,38,1,5,Timeout,3,29.1,0,15,0,0.0,0.27017498028784,LOW,Retry payment after short delay,Automatic retry,0
TXN02683,CUST0368,5327.87,Wallet,Food,43,8,7,Timeout,3,20.7,0,21,0,0.0,0.2701651034338861,LOW,Retry payment after short delay,Automatic retry,0
TXN01623,CUST0226,790.22,Card,Food,14,7,7,Network Error,2,24.0,1,5,0,0.0,0.2701354351402587,LOW,Retry payment,Automatic retry,0
TXN03139,CUST0930,8273.47,Card,Entertainment,2,6,3,Bank Declined,2,11.6,1,20,0,0.0,0.270090739849159,LOW,Suggest alternative payment method,Customer notification,0
TXN00146,CUST0393,1258.42,UPI,Food,41,2,0,Bank Declined,1,58.5,0,19,0,0.0,0.27008386849968335,LOW,Suggest alternative payment method,Customer notification,0
TXN04955,CUST0859,9698.61,Net Banking,Food,2,8,6,Authentication Failed,1,69.5,0,9,0,0.0,0.2699238985799738,LOW,Request customer authentication,Customer notification,0
TXN04481,CUST1031,4780.97,Wallet,Shopping,35,16,7,Bank Declined,3,50.0,0,8,0,0.0,0.2694686848267973,LOW,Suggest alternative payment method,Customer notification,0
TXN00780,CUST0405,5279.81,UPI,Utilities,18,0,6,Timeout,3,12.9,1,3,0,0.0,0.2694449622132035,LOW,Retry payment after short delay,Automatic retry,0
TXN01376,CUST0526,2201.63,UPI,Travel,34,0,6,Authentication Failed,2,29.9,1,6,0,0.0,0.2690981972272397,LOW,Request customer authentication,Customer notification,0
TXN04878,CUST0395,9305.6,Net Banking,Entertainment,26,1,0,Network Error,3,62.7,0,15,0,0.0,0.2690848145592441,LOW,Retry payment,Automatic retry,0
TXN01961,CUST1171,2698.6,Card,Entertainment,51,2,0,Bank Declined,1,70.4,0,7,0,0.0,0.2690796667970774,LOW,Suggest alternative payment method,Customer notification,0
TXN04588,CUST0256,7476.93,UPI,Food,41,8,6,Bank Declined,2,20.3,0,11,0,0.0,0.2690713705480099,LOW,Suggest alternative payment method,Customer notification,0
TXN04294,CUST0245,1878.49,UPI,Utilities,46,1,5,Authentication Failed,3,45.3,1,23,0,0.0,0.2690452680018676,LOW,Request customer authentication,Customer notification,0
TXN01761,CUST0484,4051.35,Wallet,Entertainment,1,6,3,Timeout,3,39.0,0,7,0,0.0,0.2690420826061098,LOW,Retry payment after short delay,Automatic retry,0
TXN00611,CUST1063,5057.04,Net Banking,Food,33,0,1,Network Error,2,62.4,0,1,0,0.0,0.269023725988152,LOW,Retry payment,Automatic retry,0
TXN00127,CUST1057,3701.72,Net Banking,Utilities,33,3,4,Authentication Failed,1,49.6,0,16,0,0.0,0.2689074764810041,LOW,Request customer authentication,Customer notification,0
TXN03905,CUST0675,8313.99,Net Banking,Entertainment,5,2,2,Authentication Failed,3,2.6,1,7,0,0.0,0.2687735650585613,LOW,Request customer authentication,Customer notification,0
TXN00689,CUST0058,8391.56,Wallet,Entertainment,30,0,2,Bank Declined,2,28.4,0,12,0,0.0,0.26876910920487956,LOW,Suggest alternative payment method,Customer notification,0
TXN01305,CUST0833,7518.85,Wallet,Travel,42,0,0,Authentication Failed,3,2.6,0,21,0,0.0,0.2687456662954093,LOW,Request customer authentication,Customer notification,0
TXN03728,CUST0936,6149.13,Wallet,Utilities,16,3,0,Insufficient Balance,2,22.3,1,4,0,0.0,0.26854320181619307,LOW,Ask customer to add funds or use another method,Customer notification,0
TXN01486,CUST0012,5831.76,UPI,Food,17,2,0,Insufficient Balance,1,39.5,0,14,0,0.0,0.2684894006867845,LOW,Ask customer to add funds or use another method,Customer notification,0
TXN03517,CUST0817,4734.61,Wallet,Shopping,39,0,7,Bank Declined,1,22.2,1,5,0,0.0,0.26847877290980643,LOW,Suggest alternative payment method,Customer notification,0
TXN00169,CUST0682,4124.91,Net Banking,Shopping,6,0,3,Network Error,1,33.7,0,10,0,0.0,0.2684758558592715,LOW,Retry payment,Automatic retry,0
TXN04360,CUST1148,8572.65,Wallet,Entertainment,59,7,1,Bank Declined,3,17.5,1,19,0,0.0,0.26810905409156166,LOW,Suggest alternative payment method,Customer notification,0
TXN04840,CUST1379,433.13,Wallet,Travel,10,3,2,Bank Declined,1,60.9,1,5,0,0.0,0.2679686931787312,LOW,Suggest alternative payment method,Customer notification,0
TXN03373,CUST0404,1878.6,Net Banking,Utilities,24,1,3,Timeout,1,45.0,0,5,0,0.0,0.2676961834612688,LOW,Retry payment after short delay,Automatic retry,0
TXN04615,CUST0803,7088.24,Wallet,Shopping,46,3,7,Authentication Failed,1,51.5,0,23,0,0.0,0.26762843172099804,LOW,Request customer authentication,Customer notification,0
TXN01683,CUST1138,1780.62,Wallet,Travel,5,15,6,Bank Declined,3,49.8,0,17,0,0.0,0.2675247004936427,LOW,Suggest alternative payment method,Customer notification,0
TXN03935,CUST0756,3050.77,Net Banking,Entertainment,19,13,4,Insufficient Balance,1,62.0,0,16,0,0.0,0.26752358498271755,LOW,Ask customer to add funds or use another method,Customer notification,0
TXN01482,CUST0817,1237.57,Wallet,Travel,56,15,6,Insufficient Balance,2,27.0,0,23,0,0.0,0.2674697797824203,LOW,Ask customer to add funds or use another method,Customer notification,0
TXN02931,CUST0743,5084.78,Wallet,Food,9,10,6,Authentication Failed,3,19.5,0,1,0,0.0,0.2674569540929993,LOW,Request customer authentication,Customer notification,0
TXN04862,CUST0844,2156.93,Card,Shopping,27,6,7,Authentication Failed,3,25.9,0,14,0,0.0,0.2674063154716392,LOW,Request customer authentication,Customer notification,0
TXN01820,CUST0303,1200.39,UPI,Utilities,37,3,7,Authentication Failed,2,2.1,0,14,0,0.0,0.26728979472927866,LOW,Request customer authentication,Customer notification,0
TXN01841,CUST0591,3820.94,Card,Utilities,8,11,7,Bank Declined,3,9.4,1,12,0,0.0,0.26718706473438775,LOW,Suggest alternative payment method,Customer notification,0
TXN02661,CUST1041,8201.18,UPI,Entertainment,38,7,7,Bank Declined,1,7.2,0,10,0,0.0,0.2671212719028793,LOW,Suggest alternative payment method,Customer notification,0
TXN02295,CUST1301,1333.69,Card,Entertainment,41,5,4,Timeout,3,49.0,0,17,0,0.0,0.2670981724342762,LOW,Retry payment after short delay,Automatic retry,0
TXN00695,CUST0080,9250.44,Net Banking,Food,33,2,1,Timeout,3,64.6,0,16,0,0.0,0.26708847381880113,LOW,Retry payment after short delay,Automatic retry,0
TXN02209,CUST0942,9668.93,Net Banking,Food,38,4,4,Timeout,2,71.6,0,22,0,0.0,0.2670636150739458,LOW,Retry payment after short delay,Automatic retry,0
TXN02001,CUST1274,6903.18,Wallet,Entertainment,8,8,2,Bank Declined,2,15.2,0,15,0,0.0,0.26689942614648243,LOW,Suggest alternative payment method,Customer notification,0
TXN04466,CUST0662,7614.06,Wallet,Utilities,22,7,1,Authentication Failed,3,59.0,0,1,0,0.0,0.26660190089457897,LOW,Request customer authentication,Customer notification,0
TXN02253,CUST0964,2608.46,Card,Entertainment,33,1,3,Network Error,3,58.2,1,3,0,0.0,0.2664462753735345,LOW,Retry payment,Automatic retry,0
TXN00027,CUST1185,4196.89,Net Banking,Travel,49,12,1,Bank Declined,3,63.8,0,7,0,0.0,0.26621842227176007,LOW,Suggest alternative payment method,Customer notification,0
TXN03981,CUST1114,2010.54,Net Banking,Food,30,3,6,Network Error,3,9.4,0,7,0,0.0,0.2659461747659819,LOW,Retry payment,Automatic retry,0
TXN01113,CUST1472,3005.99,Wallet,Shopping,16,3,4,Network Error,3,8.0,1,6,0,0.0,0.2659104210565519,LOW,Retry payment,Automatic retry,0
TXN00101,CUST0380,3601.6,UPI,Food,4,5,6,Network Error,2,7.2,0,21,0,0.0,0.2658945845106182,LOW,Retry payment,Automatic retry,0
TXN00831,CUST0075,4608.29,UPI,Food,54,9,4,Insufficient Balance,2,45.1,0,23,0,0.0,0.26582277412279776,LOW,Ask customer to add funds or use another method,Customer notification,0
TXN02267,CUST0090,4632.27,UPI,Travel,52,11,5,Insufficient Balance,3,38.6,0,13,0,0.0,0.2657501520419501,LOW,Ask customer to add funds or use another method,Customer notification,0
TXN04337,CUST0716,9245.06,Net Banking,Entertainment,11,0,2,Authentication Failed,2,33.8,0,1,0,0.0,0.2656139132733201,LOW,Request customer authentication,Customer notification,0
TXN03396,CUST0001,3299.62,Wallet,Shopping,45,11,0,Insufficient Balance,3,38.2,0,13,0,0.0,0.2656095404301611,LOW,Ask customer to add funds or use another method,Customer notification,0
TXN02406,CUST0208,385.13,Wallet,Utilities,11,3,1,Insufficient Balance,1,30.7,1,16,0,0.0,0.2655086741543956,LOW,Ask customer to add funds or use another method,Customer notification,0
TXN03916,CUST1402,1705.49,Card,Utilities,42,2,7,Authentication Failed,2,6.9,0,19,0,0.0,0.2654498457368618,LOW,Request customer authentication,Customer notification,0
TXN02073,CUST1145,5584.4,Wallet,Food,44,5,5,Network Error,2,67.2,0,15,0,0.0,0.2653327926861473,LOW,Retry payment,Automatic retry,0
TXN04453,CUST0100,5755.02,Wallet,Shopping,1,11,4,Bank Declined,3,8.9,0,8,0,0.0,0.2653284389961123,LOW,Suggest alternative payment method,Customer notification,0
TXN01554,CUST1474,4241.08,Wallet,Utilities,36,9,6,Bank Declined,3,15.7,0,16,0,0.0,0.2650447804040591,LOW,Suggest alternative payment method,Customer notification,0
TXN02963,CUST0582,4459.7,Net Banking,Utilities,39,6,7,Authentication Failed,3,2.4,0,20,0,0.0,0.26497669673885116,LOW,Request customer authentication,Customer notification,0
TXN00782,CUST0518,4051.75,Card,Travel,19,5,3,Insufficient Balance,2,31.0,0,9,0,0.0,0.26465788239820104,LOW,Ask customer to add funds or use another method,Customer notification,0
TXN03776,CUST0053,805.46,Net Banking,Entertainment,10,6,0,Authentication Failed,3,57.8,0,4,0,0.0,0.2645401943092678,LOW,Request customer authentication,Customer notification,0
TXN04950,CUST0480,7060.63,Wallet,Food,23,3,5,Timeout,3,11.2,0,11,0,0.0,0.26434524678262517,LOW,Retry payment after short delay,Automatic retry,0
TXN03229,CUST0550,821.17,Net Banking,Food,4,7,1,Insufficient Balance,2,15.9,0,1,0,0.0,0.26428814630052955,LOW,Ask customer to add funds or use another method,Customer notification,0
TXN00468,CUST1261,2570.08,Card,Travel,34,16,7,Insufficient Balance,1,69.9,0,12,0,0.0,0.2642624830739663,LOW,Ask customer to add funds or use another method,Customer notification,0
TXN02894,CUST1142,9791.3,Wallet,Shopping,7,12,0,Insufficient Balance,2,20.9,1,1,0,0.0,0.26422646934168437,LOW,Ask customer to add funds or use another method,Customer notification,0
TXN00595,CUST0735,9898.59,UPI,Entertainment,31,5,0,Insufficient Balance,1,20.7,0,12,0,0.0,0.26421024610064103,LOW,Ask customer to add funds or use another method,Customer notification,0
TXN02214,CUST1474,6900.72,Card,Travel,6,5,4,Network Error,3,41.0,1,5,0,0.0,0.2642100694312761,LOW,Retry payment,Automatic retry,0
TXN04328,CUST0193,9827.53,Card,Shopping,44,8,6,Insufficient Balance,1,13.9,1,17,0,0.0,0.26390965845501513,LOW,Ask customer to add funds or use another method,Customer notification,0
TXN00737,CUST0502,967.73,Wallet,Utilities,45,16,6,Insufficient Balance,3,43.7,0,7,0,0.0,0.26349028616289843,LOW,Ask customer to add funds or use another method,Customer notification,0
TXN03829,CUST0929,888.57,Wallet,Entertainment,47,8,5,Insufficient Balance,1,17.8,0,1,0,0.0,0.2634661809887359,LOW,Ask customer to add funds or use another method,Customer notification,0
TXN00144,CUST0871,6901.69,UPI,Entertainment,18,4,5,Authentication Failed,3,2.0,0,17,0,0.0,0.263410447963637,LOW,Request customer authentication,Customer notification,0
TXN04421,CUST1369,6648.33,UPI,Shopping,17,5,6,Network Error,1,53.0,0,21,0,0.0,0.2633294521552447,LOW,Retry payment,Automatic retry,0
TXN01752,CUST1436,4343.58,UPI,Food,59,1,4,Authentication Failed,3,23.4,0,19,0,0.0,0.2633044224365153,LOW,Request customer authentication,Customer notification,0
TXN01784,CUST0948,2963.51,Wallet,Utilities,38,2,2,Timeout,3,28.8,0,16,0,0.0,0.26322508161988695,LOW,Retry payment after short delay,Automatic retry,0
TXN03587,CUST0836,7034.5,UPI,Utilities,29,11,4,Insufficient Balance,2,69.7,1,21,0,0.0,0.26322201137974505,LOW,Ask customer to add funds or use another method,Customer notification,0
TXN00470,CUST1296,2816.41,Wallet,Travel,15,10,0,Insufficient Balance,3,13.9,0,13,0,0.0,0.2631918629072027,LOW,Ask customer to add funds or use another method,Customer notification,0
TXN03134,CUST1126,5542.67,Net Banking,Utilities,24,8,6,Network Error,3,48.7,0,1,0,0.0,0.2631526924279051,LOW,Retry payment,Automatic retry,0
TXN01071,CUST0918,3255.03,Card,Shopping,34,19,7,Bank Declined,3,47.3,0,4,0,0.0,0.26313416378119464,LOW,Suggest alternative payment method,Customer notification,0
TXN03128,CUST1013,1980.33,Wallet,Utilities,18,2,5,Timeout,2,3.5,0,22,0,0.0,0.26310775409485765,LOW,Retry payment after short delay,Automatic retry,0
TXN02458,CUST0143,2255.48,UPI,Shopping,44,0,6,Authentication Failed,2,30.8,1,16,0,0.0,0.26306001200966433,LOW,Request customer authentication,Customer notification,0
TXN01098,CUST0143,5981.09,Card,Utilities,36,1,4,Authentication Failed,3,16.3,0,8,0,0.0,0.2629393671424097,LOW,Request customer authentication,Customer notification,0
TXN02018,CUST0911,173.18,UPI,Entertainment,15,9,4,Authentication Failed,1,52.1,0,9,0,0.0,0.26290847034938203,LOW,Request customer authentication,Customer notification,0
TXN00770,CUST0063,2850.67,Wallet,Travel,19,6,4,Timeout,3,25.4,0,3,0,0.0,0.2628629859177798,LOW,Retry payment after short delay,Automatic retry,0
TXN03648,CUST0604,426.18,Net Banking,Utilities,27,15,0,Insufficient Balance,3,38.4,0,18,0,0.0,0.2626529777744388,LOW,Ask customer to add funds or use another method,Customer notification,0
TXN00035,CUST1083,347.17,Wallet,Utilities,31,19,7,Insufficient Balance,2,28.9,0,17,0,0.0,0.26250123490131794,LOW,Ask customer to add funds or use another method,Customer notification,0
TXN01925,CUST0223,2789.48,Net Banking,Utilities,40,1,3,Timeout,1,61.6,0,9,0,0.0,0.2623307426157917,LOW,Retry payment after short delay,Automatic retry,0
TXN01206,CUST0371,8052.12,Wallet,Utilities,60,2,4,Timeout,1,71.1,0,5,0,0.0,0.26211210500576804,LOW,Retry payment after short delay,Automatic retry,0
TXN04231,CUST1136,8374.25,Net Banking,Utilities,38,1,7,Authentication Failed,1,45.5,0,19,0,0.0,0.2620610873113234,LOW,Request customer authentication,Customer notification,0
TXN04746,CUST0529,2315.8,UPI,Food,21,10,2,Insufficient Balance,1,68.8,1,9,0,0.0,0.26197944772856496,LOW,Ask customer to add funds or use another method,Customer notification,0
TXN01336,CUST0775,1306.61,Card,Shopping,8,11,6,Timeout,3,54.4,0,23,0,0.0,0.26195572783471077,LOW,Retry payment after short delay,Automatic retry,0
TXN01382,CUST1225,9809.86,Wallet,Shopping,57,0,1,Authentication Failed,1,49.0,0,21,0,0.0,0.2618942920511255,LOW,Request customer authentication,Customer notification,0
TXN03163,CUST0986,4518.91,Card,Shopping,33,10,4,Insufficient Balance,3,49.8,0,14,0,0.0,0.2618876872093413,LOW,Ask customer to add funds or use another method,Customer notification,0
TXN00427,CUST0993,9626.39,Wallet,Shopping,8,5,0,Authentication Failed,3,7.3,1,22,0,0.0,0.2618513676226304,LOW,Request customer authentication,Customer notification,0
TXN01721,CUST1418,3792.7,Net Banking,Entertainment,38,9,1,Insufficient Balance,3,26.6,0,10,0,0.0,0.261821283453965,LOW,Ask customer to add funds or use another method,Customer notification,0
TXN02508,CUST0917,7053.81,Card,Travel,1,7,7,Authentication Failed,2,27.1,0,16,0,0.0,0.2618189729328822,LOW,Request customer authentication,Customer notification,0
TXN00194,CUST0318,2397.35,UPI,Shopping,28,7,5,Authentication Failed,1,71.5,0,12,0,0.0,0.2617969435398697,LOW,Request customer authentication,Customer notification,0
TXN03081,CUST0008,2173.23,Card,Entertainment,33,11,7,Insufficient Balance,2,4.8,0,15,0,0.0,0.26176593010398547,LOW,Ask customer to add funds or use another method,Customer notification,0
TXN02816,CUST1038,3344.7,UPI,Travel,57,7,3,Insufficient Balance,2,14.8,0,10,0,0.0,0.26164912434256593,LOW,Ask customer to add funds or use another method,Customer notification,0
TXN00279,CUST1257,2853.48,UPI,Utilities,49,4,1,Insufficient Balance,3,29.3,1,14,0,0.0,0.26158634888173793,LOW,Ask customer to add funds or use another method,Customer notification,0
TXN04502,CUST1151,8899.54,Card,Food,2,4,0,Timeout,2,52.8,0,12,0,0.0,0.26145666157691977,LOW,Retry payment after short delay,Automatic retry,0
TXN04899,CUST0061,2917.5,Wallet,Food,23,0,6,Timeout,1,27.5,1,17,0,0.0,0.2613736435134058,LOW,Retry payment after short delay,Automatic retry,0
TXN03347,CUST0780,2816.68,UPI,Entertainment,46,4,3,Insufficient Balance,2,9.4,0,3,0,0.0,0.26127163123684405,LOW,Ask customer to add funds or use another method,Customer notification,0
TXN04493,CUST0176,1040.04,UPI,Entertainment,2,7,5,Timeout,2,43.7,1,12,0,0.0,0.261246069517323,LOW,Retry payment after short delay,Automatic retry,0
TXN01179,CUST0356,6039.68,Wallet,Entertainment,38,3,3,Bank Declined,3,1.8,0,17,0,0.0,0.2608813400132722,LOW,Suggest alternative payment method,Customer notification,0
TXN01753,CUST0572,6322.17,Card,Utilities,12,4,4,Timeout,2,44.5,0,22,0,0.0,0.26076624284864625,LOW,Retry payment after short delay,Automatic retry,0
TXN04343,CUST0428,9333.15,Card,Entertainment,54,3,1,Bank Declined,2,45.7,0,11,0,0.0,0.26072766061182806,LOW,Suggest alternative payment method,Customer notification,0
TXN01086,CUST0132,3229.17,Net Banking,Travel,33,13,6,Insufficient Balance,2,21.0,0,15,0,0.0,0.2606509407785307,LOW,Ask customer to add funds or use another method,Customer notification,0
TXN03875,CUST0162,7729.85,Net Banking,Shopping,42,1,1,Insufficient Balance,1,29.2,0,10,0,0.0,0.26063513847441244,LOW,Ask customer to add funds or use another method,Customer notification,0
TXN00295,CUST1136,4542.91,UPI,Entertainment,8,7,0,Bank Declined,3,1.4,0,23,0,0.0,0.26043583648416857,LOW,Suggest alternative payment method,Customer notification,0
TXN02232,CUST0364,6761.03,Card,Shopping,9,8,3,Bank Declined,1,40.6,0,3,0,0.0,0.26023133411884014,LOW,Suggest alternative payment method,Customer notification,0
TXN03251,CUST1351,6849.08,Card,Shopping,22,10,2,Bank Declined,2,55.0,0,18,0,0.0,0.26021018423399644,LOW,Suggest alternative payment method,Customer notification,0
TXN01315,CUST1075,6896.49,UPI,Food,56,14,7,Bank Declined,3,42.9,1,18,0,0.0,0.25995132717443886,LOW,Suggest alternative payment method,Customer notification,0
TXN02771,CUST0421,3223.98,Card,Food,51,12,7,Insufficient Balance,2,11.1,0,21,0,0.0,0.2599209672516545,LOW,Ask customer to add funds or use another method,Customer notification,0
TXN04257,CUST0505,5865.72,Wallet,Entertainment,39,11,7,Bank Declined,3,12.8,0,1,0,0.0,0.2597799588433646,LOW,Suggest alternative payment method,Customer notification,0
TXN03635,CUST1252,292.52,UPI,Shopping,22,17,1,Insufficient Balance,3,29.1,0,0,0,0.0,0.25971650462535806,LOW,Ask customer to add funds or use another method,Customer notification,0
TXN01996,CUST0956,176.89,UPI,Travel,12,14,6,Insufficient Balance,2,58.8,1,17,0,0.0,0.2596589453900871,LOW,Ask customer to add funds or use another method,Customer notification,0
TXN00865,CUST0546,3259.32,Card,Entertainment,57,11,6,Insufficient Balance,3,42.3,0,2,0,0.0,0.25961991294201053,LOW,Ask customer to add funds or use another method,Customer notification,0
TXN00830,CUST0578,4029.78,Net Banking,Shopping,34,20,7,Insufficient Balance,2,52.0,0,14,0,0.0,0.25954335803240197,LOW,Ask customer to add funds or use another method,Customer notification,0
TXN02483,CUST0130,7177.49,Wallet,Food,51,7,7,Timeout,3,36.3,0,12,0,0.0,0.2593929113158696,LOW,Retry payment after short delay,Automatic retry,0
TXN02568,CUST0483,929.53,UPI,Food,33,5,4,Bank Declined,2,22.7,0,11,0,0.0,0.2591937400317881,LOW,Suggest alternative payment method,Customer notification,0
TXN04166,CUST0462,3194.18,Wallet,Shopping,31,18,6,Insufficient Balance,2,59.0,1,5,0,0.0,0.25915238208958785,LOW,Ask customer to add funds or use another method,Customer notification,0
TXN02286,CUST1409,1161.5,UPI,Travel,8,7,1,Insufficient Balance,1,48.3,0,21,0,0.0,0.2591344964411242,LOW,Ask customer to add funds or use another method,Customer notification,0
TXN00623,CUST0235,2030.59,UPI,Food,29,7,3,Bank Declined,3,7.8,0,18,0,0.0,0.25903793547597864,LOW,Suggest alternative payment method,Customer notification,0
TXN03641,CUST0715,8756.73,Card,Utilities,9,9,6,Insufficient Balance,1,14.5,0,6,0,0.0,0.2589753477617222,LOW,Ask customer to add funds or use another method,Customer notification,0
TXN03991,CUST0267,645.59,Card,Utilities,1,3,7,Network Error,3,3.6,1,16,0,0.0,0.25848017346618896,LOW,Retry payment,Automatic retry,0
TXN02787,CUST0362,3854.91,Net Banking,Shopping,52,1,5,Bank Declined,3,32.4,1,8,0,0.0,0.2583998634891997,LOW,Suggest alternative payment method,Customer notification,0
TXN02749,CUST0236,255.39,Card,Travel,28,16,3,Bank Declined,3,58.3,1,4,0,0.0,0.25817665408648105,LOW,Suggest alternative payment method,Customer notification,0
TXN01627,CUST0753,7274.49,Wallet,Utilities,20,13,7,Insufficient Balance,1,18.0,1,8,0,0.0,0.25815944796620227,LOW,Ask customer to add funds or use another method,Customer notification,0
TXN01501,CUST1312,3062.4,UPI,Food,2,1,2,Network Error,2,16.9,1,20,0,0.0,0.25810157428771763,LOW,Retry payment,Automatic retry,0
TXN00028,CUST0460,2121.25,Wallet,Utilities,23,4,3,Network Error,3,3.5,0,6,0,0.0,0.2580403666553299,LOW,Retry payment,Automatic retry,0
TXN00925,CUST0639,7898.65,Wallet,Entertainment,8,3,3,Network Error,3,15.8,0,7,0,0.0,0.25803564920527855,LOW,Retry payment,Automatic retry,0
TXN03716,CUST0414,2877.23,Net Banking,Travel,60,16,7,Insufficient Balance,3,66.2,1,8,0,0.0,0.2580065354901053,LOW,Ask customer to add funds or use another method,Customer notification,0
TXN01016,CUST0504,5266.65,Net Banking,Food,29,1,6,Authentication Failed,2,17.6,0,21,0,0.0,0.2577409393115274,LOW,Request customer authentication,Customer notification,0
TXN04393,CUST0128,4111.63,Card,Entertainment,25,9,7,Network Error,3,67.5,0,19,0,0.0,0.2577383052565035,LOW,Retry payment,Automatic retry,0
TXN03644,CUST0499,2652.33,Net Banking,Utilities,43,5,6,Network Error,3,25.0,0,4,0,0.0,0.25754540417385435,LOW,Retry payment,Automatic retry,0
TXN01628,CUST0506,8380.51,Wallet,Utilities,4,9,1,Bank Declined,1,66.5,0,21,0,0.0,0.25751673119392576,LOW,Suggest alternative payment method,Customer notification,0
TXN03441,CUST0910,4907.74,Net Banking,Food,15,9,2,Bank Declined,2,35.5,0,1,0,0.0,0.2574833807200695,LOW,Suggest alternative payment method,Customer notification,0
TXN00536,CUST1326,5400.14,UPI,Shopping,1,1,0,Timeout,2,47.0,1,12,0,0.0,0.2571122247180721,LOW,Retry payment after short delay,Automatic retry,0
TXN04366,CUST0140,6738.35,Wallet,Travel,14,8,0,Insufficient Balance,3,16.2,0,15,0,0.0,0.2564629061029586,LOW,Ask customer to add funds or use another method,Customer notification,0
TXN01144,CUST1181,3920.8,Net Banking,Travel,56,0,3,Timeout,3,25.8,0,16,0,0.0,0.25638886805959776,LOW,Retry payment after short delay,Automatic retry,0
TXN04272,CUST1218,256.95,Wallet,Utilities,2,10,1,Authentication Failed,3,66.0,0,6,0,0.0,0.25631817002524,LOW,Request customer authentication,Customer notification,0
TXN02213,CUST0816,7184.65,Card,Travel,28,10,5,Insufficient Balance,2,46.1,1,7,0,0.0,0.2562584672092847,LOW,Ask customer to add funds or use another method,Customer notification,0
TXN04965,CUST0950,8514.88,Net Banking,Shopping,48,12,5,Insufficient Balance,3,10.9,0,7,0,0.0,0.2561137567060422,LOW,Ask customer to add funds or use another method,Customer notification,0
TXN00342,CUST1216,7026.93,UPI,Shopping,16,2,0,Bank Declined,1,28.6,0,12,0,0.0,0.2561033440061838,LOW,Suggest alternative payment method,Customer notification,0
TXN02101,CUST1230,5289.54,Wallet,Shopping,20,16,0,Bank Declined,3,63.7,0,4,0,0.0,0.2557486509091398,LOW,Suggest alternative payment method,Customer notification,0
TXN04554,CUST0691,6899.98,Card,Food,46,6,5,Bank Declined,3,0.6,0,1,0,0.0,0.2557397232821359,LOW,Suggest alternative payment method,Customer notification,0
TXN04551,CUST0833,3046.97,Card,Shopping,51,3,7,Network Error,3,37.3,0,2,0,0.0,0.25568874930285346,LOW,Retry payment,Automatic retry,0
TXN04645,CUST1030,7799.04,Card,Travel,8,1,4,Timeout,3,25.1,1,20,0,0.0,0.25554367846896925,LOW,Retry payment after short delay,Automatic retry,0
TXN04326,CUST1192,9368.78,UPI,Travel,15,0,5,Authentication Failed,3,22.0,1,5,0,0.0,0.2554733441994123,LOW,Request customer authentication,Customer notification,0
TXN00072,CUST1105,7781.52,UPI,Entertainment,55,2,2,Authentication Failed,2,49.7,0,7,0,0.0,0.25483661510639033,LOW,Request customer authentication,Customer notification,0
TXN03127,CUST1133,6797.07,Wallet,Utilities,58,0,6,Timeout,1,47.3,0,15,0,0.0,0.2547990032781913,LOW,Retry payment after short delay,Automatic retry,0
TXN02328,CUST0673,2469.39,Net Banking,Food,60,0,3,Network Error,3,37.3,0,16,0,0.0,0.25461168733641015,LOW,Retry payment,Automatic retry,0
TXN01170,CUST0141,1517.3,Net Banking,Food,37,6,4,Bank Declined,2,30.4,0,15,0,0.0,0.25445438179844776,LOW,Suggest alternative payment method,Customer notification,0
TXN03273,CUST0089,3458.45,Wallet,Shopping,23,6,5,Timeout,3,51.0,0,3,0,0.0,0.25408066376348915,LOW,Retry payment after short delay,Automatic retry,0
TXN00046,CUST0832,6461.52,Net Banking,Utilities,30,5,7,Network Error,2,57.9,1,16,0,0.0,0.2539811396899008,LOW,Retry payment,Automatic retry,0
TXN01295,CUST1482,8774.31,UPI,Travel,56,9,6,Bank Declined,2,37.8,0,14,0,0.0,0.2539777763100266,LOW,Suggest alternative payment method,Customer notification,0
TXN01676,CUST0454,2917.54,UPI,Travel,39,0,2,Network Error,2,46.9,0,19,0,0.0,0.253904031119597,LOW,Retry payment,Automatic retry,0
TXN04193,CUST0994,5811.14,UPI,Utilities,43,1,7,Authentication Failed,2,15.1,0,4,0,0.0,0.2538374557494524,LOW,Request customer authentication,Customer notification,0
TXN01319,CUST0096,6748.72,UPI,Food,51,2,7,Authentication Failed,2,16.1,0,3,0,0.0,0.253764153166086,LOW,Request customer authentication,Customer notification,0
TXN02137,CUST0086,8805.31,Net Banking,Entertainment,31,2,2,Network Error,2,60.4,0,18,0,0.0,0.25365742151906867,LOW,Retry payment,Automatic retry,0
TXN00994,CUST0843,5918.2,Wallet,Utilities,20,11,0,Insufficient Balance,3,24.9,0,18,0,0.0,0.2530870621483373,LOW,Ask customer to add funds or use another method,Customer notification,0
TXN00299,CUST0153,694.95,Card,Travel,2,10,1,Insufficient Balance,3,46.8,0,23,0,0.0,0.253080840981674,LOW,Ask customer to add funds or use another method,Customer notification,0
TXN03317,CUST0174,1824.69,Net Banking,Utilities,17,1,4,Authentication Failed,1,25.9,0,11,0,0.0,0.25307657658300436,LOW,Request customer authentication,Customer notification,0
TXN04066,CUST1378,2834.77,Card,Food,18,7,0,Network Error,3,55.4,1,13,0,0.0,0.25302013966871334,LOW,Retry payment,Automatic retry,0
TXN02637,CUST0776,4528.77,Net Banking,Entertainment,40,12,5,Insufficient Balance,2,36.6,0,21,0,0.0,0.25300399783397404,LOW,Ask customer to add funds or use another method,Customer notification,0
TXN00827,CUST1231,6178.4,UPI,Entertainment,45,4,3,Authentication Failed,2,62.8,0,19,0,0.0,0.25271339787935576,LOW,Request customer authentication,Customer notification,0
TXN04735,CUST0071,2069.03,Net Banking,Travel,20,8,4,Insufficient Balance,2,0.5,0,4,0,0.0,0.2525647440009088,LOW,Ask customer to add funds or use another method,Customer notification,0
TXN00569,CUST1009,3530.93,Card,Shopping,16,4,7,Network Error,3,7.6,0,14,0,0.0,0.25247488821849523,LOW,Retry payment,Automatic retry,0
TXN02779,CUST1054,2752.63,Card,Travel,47,13,6,Insufficient Balance,2,28.5,0,13,0,0.0,0.25237205511863975,LOW,Ask customer to add funds or use another method,Customer notification,0
TXN02239,CUST1015,9543.97,Wallet,Entertainment,10,5,4,Network Error,3,37.7,0,23,0,0.0,0.2523371201729499,LOW,Retry payment,Automatic retry,0
TXN02067,CUST0972,3034.8,UPI,Utilities,27,6,2,Timeout,3,36.5,0,16,0,0.0,0.25233085916611525,LOW,Retry payment after short delay,Automatic retry,0
TXN04577,CUST0420,5269.05,UPI,Entertainment,19,3,7,Timeout,1,2.2,0,10,0,0.0,0.25223490421875977,LOW,Retry payment after short delay,Automatic retry,0
TXN03719,CUST1379,5134.42,UPI,Entertainment,13,6,3,Authentication Failed,3,44.1,0,21,0,0.0,0.25198588561340995,LOW,Request customer authentication,Customer notification,0
TXN01014,CUST0118,7342.46,Wallet,Entertainment,35,7,1,Bank Declined,3,18.9,0,10,0,0.0,0.2519239474037137,LOW,Suggest alternative payment method,Customer notification,0
TXN04709,CUST0958,1232.94,Wallet,Entertainment,41,10,7,Bank Declined,3,39.4,1,7,0,0.0,0.2518963562374383,LOW,Suggest alternative payment method,Customer notification,0
TXN01041,CUST0320,9392.78,Wallet,Shopping,7,10,5,Bank Declined,1,49.4,0,21,0,0.0,0.25178669711706797,LOW,Suggest alternative payment method,Customer notification,0
TXN00986,CUST1401,5543.66,Wallet,Entertainment,60,0,7,Authentication Failed,1,69.0,0,14,0,0.0,0.2517379315126839,LOW,Request customer authentication,Customer notification,0
TXN00525,CUST0380,8593.76,UPI,Shopping,1,3,6,Network Error,1,0.8,0,12,0,0.0,0.2516587166661157,LOW,Retry payment,Automatic retry,0
TXN02721,CUST0488,9956.63,UPI,Food,12,13,4,Bank Declined,1,68.2,0,21,0,0.0,0.2515950347282061,LOW,Suggest alternative payment method,Customer notification,0
TXN02938,CUST0612,5305.13,Card,Shopping,11,5,6,Bank Declined,2,9.0,0,19,0,0.0,0.2514183877618712,LOW,Suggest alternative payment method,Customer notification,0
TXN02564,CUST0422,5411.6,Net Banking,Entertainment,46,13,6,Bank Declined,3,65.5,1,21,0,0.0,0.2512425374916807,LOW,Suggest alternative payment method,Customer notification,0
TXN04675,CUST0485,7886.18,Wallet,Entertainment,52,0,7,Timeout,3,62.6,1,10,0,0.0,0.2512263916219373,LOW,Retry payment after short delay,Automatic retry,0
TXN03595,CUST0996,2668.06,Wallet,Entertainment,27,7,7,Network Error,2,47.6,0,3,0,0.0,0.25098716428057805,LOW,Retry payment,Automatic retry,0
TXN04842,CUST1235,6127.1,Net Banking,Food,18,5,6,Authentication Failed,2,31.4,0,18,0,0.0,0.250813878134392,LOW,Request customer authentication,Customer notification,0
TXN00191,CUST1480,6042.79,Net Banking,Utilities,3,1,3,Network Error,3,29.5,0,6,0,0.0,0.2507973330817855,LOW,Retry payment,Automatic retry,0
TXN00711,CUST0656,6484.54,Card,Utilities,11,2,3,Authentication Failed,3,14.5,1,18,0,0.0,0.25079026857464165,LOW,Request customer authentication,Customer notification,0
TXN04626,CUST0061,4027.6,Card,Shopping,59,4,7,Bank Declined,2,32.4,0,8,0,0.0,0.25077891780720835,LOW,Suggest alternative payment method,Customer notification,0
TXN01615,CUST0564,2649.04,Card,Utilities,44,5,2,Timeout,3,71.6,0,11,0,0.0,0.2507737628021179,LOW,Retry payment after short delay,Automatic retry,0
TXN03498,CUST1314,4512.35,Net Banking,Utilities,10,8,2,Authentication Failed,2,59.5,0,19,0,0.0,0.2505295149235376,LOW,Request customer authentication,Customer notification,0
TXN00733,CUST0732,902.28,Card,Entertainment,27,6,4,Network Error,3,50.5,1,13,0,0.0,0.25039664972509834,LOW,Retry payment,Automatic retry,0
TXN04047,CUST0696,7192.88,UPI,Utilities,2,4,5,Authentication Failed,3,13.9,0,12,0,0.0,0.25037643661590125,LOW,Request customer authentication,Customer notification,0
TXN02544,CUST0149,4056.61,UPI,Utilities,12,4,0,Timeout,2,59.8,0,1,0,0.0,0.2502405559548807,LOW,Retry payment after short delay,Automatic retry,0
TXN02607,CUST0624,1258.13,Card,Entertainment,4,4,7,Authentication Failed,1,12.2,0,8,0,0.0,0.25016643799587335,LOW,Request customer authentication,Customer notification,0
TXN03979,CUST0278,8653.15,Net Banking,Travel,20,11,1,Insufficient Balance,3,50.5,0,13,0,0.0,0.25015479983777705,LOW,Ask customer to add funds or use another method,Customer notification,0
TXN03656,CUST0116,4577.91,Net Banking,Food,44,2,5,Timeout,3,28.4,0,17,0,0.0,0.24999952986648993,LOW,Retry payment after short delay,Automatic retry,0
TXN02698,CUST0378,6243.51,Wallet,Food,10,5,6,Network Error,2,32.3,0,6,0,0.0,0.24987565152918506,LOW,Retry payment,Automatic retry,0
TXN00475,CUST0790,8302.03,Net Banking,Food,3,10,3,Bank Declined,1,56.1,0,15,0,0.0,0.24968307421592306,LOW,Suggest alternative payment method,Customer notification,0
TXN02997,CUST0425,847.78,Card,Entertainment,21,1,7,Authentication Failed,1,15.2,0,17,0,0.0,0.24958349655840217,LOW,Request customer authentication,Customer notification,0
TXN00756,CUST1266,9947.37,Wallet,Entertainment,11,8,5,Bank Declined,2,8.6,0,11,0,0.0,0.24920001105795264,LOW,Suggest alternative payment method,Customer notification,0
TXN01436,CUST0676,9680.65,Net Banking,Utilities,48,0,4,Network Error,2,45.2,0,8,0,0.0,0.24899020601119773,LOW,Retry payment,Automatic retry,0
TXN02464,CUST0012,6407.15,UPI,Utilities,39,1,4,Network Error,2,63.2,0,6,0,0.0,0.248841835241778,LOW,Retry payment,Automatic retry,0
TXN03151,CUST1401,2941.17,Card,Travel,12,0,0,Insufficient Balance,2,21.7,0,0,0,0.0,0.24880098712544962,LOW,Ask customer to add funds or use another method,Customer notification,0
TXN03694,CUST0579,9124.75,UPI,Entertainment,45,5,2,Insufficient Balance,1,63.3,0,17,0,0.0,0.24847340952733363,LOW,Ask customer to add funds or use another method,Customer notification,0
TXN02877,CUST0019,3232.9,Net Banking,Utilities,48,6,1,Authentication Failed,3,59.6,0,15,0,0.0,0.24842177347733574,LOW,Request customer authentication,Customer notification,0
TXN01936,CUST0383,2472.49,Card,Shopping,3,18,5,Insufficient Balance,3,62.8,0,16,0,0.0,0.2480704840924257,LOW,Ask customer to add funds or use another method,Customer notification,0
TXN01094,CUST0800,1893.6,Wallet,Entertainment,33,4,0,Authentication Failed,3,60.2,0,20,0,0.0,0.24801958672996133,LOW,Request customer authentication,Customer notification,0
TXN02880,CUST1374,5663.29,Card,Entertainment,31,2,2,Insufficient Balance,1,12.7,0,11,0,0.0,0.24793475678578844,LOW,Ask customer to add funds or use another method,Customer notification,0
TXN01782,CUST0763,9250.66,Card,Utilities,6,12,2,Bank Declined,2,45.6,0,8,0,0.0,0.24789417850118953,LOW,Suggest alternative payment method,Customer notification,0
TXN04032,CUST1117,7011.92,UPI,Travel,16,10,2,Bank Declined,2,62.2,0,13,0,0.0,0.24724059793407385,LOW,Suggest alternative payment method,Customer notification,0
TXN04897,CUST0678,5706.33,Net Banking,Shopping,57,4,6,Bank Declined,1,39.9,0,19,0,0.0,0.24710475546428756,LOW,Suggest alternative payment method,Customer notification,0
TXN04646,CUST1011,7414.13,Wallet,Shopping,28,12,2,Insufficient Balance,3,17.7,0,7,0,0.0,0.2469545960927713,LOW,Ask customer to add funds or use another method,Customer notification,0
TXN00698,CUST0203,4479.43,UPI,Utilities,37,4,0,Timeout,3,65.5,0,2,0,0.0,0.24694861525854467,LOW,Retry payment after short delay,Automatic retry,0
TXN00916,CUST0337,2549.26,UPI,Travel,9,8,6,Bank Declined,2,12.8,0,7,0,0.0,0.24684579202261478,LOW,Suggest alternative payment method,Customer notification,0
TXN02019,CUST0867,5140.44,Wallet,Travel,19,13,7,Insufficient Balance,1,40.2,1,11,0,0.0,0.2467920987734879,LOW,Ask customer to add funds or use another method,Customer notification,0
TXN01227,CUST0640,9814.29,Wallet,Entertainment,18,11,5,Insufficient Balance,1,15.1,1,15,0,0.0,0.2467546411935158,LOW,Ask customer to add funds or use another method,Customer notification,0
TXN00747,CUST1277,6977.07,Net Banking,Utilities,10,3,3,Insufficient Balance,1,13.6,0,4,0,0.0,0.24670462424621797,LOW,Ask customer to add funds or use another method,Customer notification,0
TXN01003,CUST1064,6904.23,UPI,Travel,6,1,1,Authentication Failed,2,54.2,1,12,0,0.0,0.2458807091901899,LOW,Request customer authentication,Customer notification,0
TXN04377,CUST1057,4649.07,UPI,Entertainment,10,9,7,Bank Declined,2,12.9,1,19,0,0.0,0.2456804401731522,LOW,Suggest alternative payment method,Customer notification,0
TXN01019,CUST1465,9576.25,UPI,Shopping,22,8,2,Insufficient Balance,2,9.3,0,18,0,0.0,0.2454199139617475,LOW,Ask customer to add funds or use another method,Customer notification,0
TXN04956,CUST0351,7487.92,Wallet,Travel,58,8,5,Insufficient Balance,3,9.0,0,15,0,0.0,0.2451431698334767,LOW,Ask customer to add funds or use another method,Customer notification,0
TXN03315,CUST0332,5231.36,Wallet,Entertainment,46,1,6,Bank Declined,2,11.2,0,5,0,0.0,0.24508557013278282,LOW,Suggest alternative payment method,Customer notification,0
TXN04259,CUST0436,4673.06,Net Banking,Food,17,5,4,Timeout,3,36.4,0,8,0,0.0,0.24508028013682426,LOW,Retry payment after short delay,Automatic retry,0
TXN04873,CUST0386,6202.96,Card,Travel,5,4,2,Authentication Failed,3,45.1,0,9,0,0.0,0.24506355040078664,LOW,Request customer authentication,Customer notification,0
TXN02916,CUST0757,1573.21,Wallet,Entertainment,30,9,5,Bank Declined,3,10.1,0,6,0,0.0,0.24497408225275857,LOW,Suggest alternative payment method,Customer notification,0
TXN03096,CUST0468,3328.45,Wallet,Shopping,17,0,2,Network Error,2,63.4,1,3,0,0.0,0.2447167410435857,LOW,Retry payment,Automatic retry,0
TXN03269,CUST0320,8004.99,Card,Shopping,15,0,0,Network Error,1,58.5,0,6,0,0.0,0.244642081080739,LOW,Retry payment,Automatic retry,0
TXN04307,CUST1152,9898.39,Wallet,Food,18,13,6,Bank Declined,3,27.7,0,0,0,0.0,0.244478556429875,LOW,Suggest alternative payment method,Customer notification,0
TXN02265,CUST0589,648.91,Net Banking,Food,8,13,5,Insufficient Balance,1,71.0,1,22,0,0.0,0.24447042394215657,LOW,Ask customer to add funds or use another method,Customer notification,0
TXN02679,CUST0520,4986.08,Card,Travel,46,5,7,Bank Declined,1,51.0,1,15,0,0.0,0.2442684595010984,LOW,Suggest alternative payment method,Customer notification,0
TXN04867,CUST0528,1334.5,Card,Utilities,17,5,2,Timeout,2,64.8,0,5,0,0.0,0.24408694380815557,LOW,Retry payment after short delay,Automatic retry,0
TXN01164,CUST0815,9222.98,Net Banking,Travel,36,6,6,Bank Declined,2,26.7,1,23,0,0.0,0.2440343006834446,LOW,Suggest alternative payment method,Customer notification,0
TXN02542,CUST0083,9652.79,Card,Travel,35,1,4,Authentication Failed,3,39.7,1,5,0,0.0,0.24398528555927934,LOW,Request customer authentication,Customer notification,0
TXN01510,CUST0335,3458.28,Wallet,Utilities,41,9,7,Bank Declined,1,40.5,0,17,0,0.0,0.24395685159524422,LOW,Suggest alternative payment method,Customer notification,0
TXN02221,CUST1157,6235.5,Card,Shopping,17,6,3,Authentication Failed,2,61.2,0,11,0,0.0,0.24387510822561864,LOW,Request customer authentication,Customer notification,0
TXN01112,CUST0554,3157.14,Net Banking,Food,19,12,2,Insufficient Balance,3,3.8,0,7,0,0.0,0.2438480554953167,LOW,Ask customer to add funds or use another method,Customer notification,0
TXN03330,CUST1479,5249.14,UPI,Utilities,19,1,3,Authentication Failed,3,31.3,1,22,0,0.0,0.2438405531866258,LOW,Request customer authentication,Customer notification,0
TXN02176,CUST1126,5060.3,Wallet,Shopping,43,1,6,Network Error,3,44.7,0,7,0,0.0,0.2434720101077655,LOW,Retry payment,Automatic retry,0
TXN04055,CUST1043,6964.48,Net Banking,Utilities,15,9,7,Bank Declined,2,34.6,1,23,0,0.0,0.24333980189865376,LOW,Suggest alternative payment method,Customer notification,0
TXN00289,CUST0587,2065.06,Net Banking,Food,55,9,1,Insufficient Balance,3,51.0,1,18,0,0.0,0.24331228248013892,LOW,Ask customer to add funds or use another method,Customer notification,0
TXN03593,CUST0866,193.26,Net Banking,Entertainment,24,18,6,Bank Declined,2,62.3,1,0,0,0.0,0.2432609932934673,LOW,Suggest alternative payment method,Customer notification,0
TXN04706,CUST0137,458.45,Net Banking,Food,12,17,5,Bank Declined,3,52.7,0,5,0,0.0,0.2430891651666982,LOW,Suggest alternative payment method,Customer notification,0
TXN03383,CUST0233,8113.33,UPI,Entertainment,18,7,6,Bank Declined,1,36.5,1,2,0,0.0,0.24289158978852737,LOW,Suggest alternative payment method,Customer notification,0
TXN03099,CUST0386,8692.87,Net Banking,Travel,54,2,7,Authentication Failed,3,10.3,0,15,0,0.0,0.2426641630632714,LOW,Request customer authentication,Customer notification,0
TXN04262,CUST0917,2720.03,Wallet,Shopping,27,13,5,Insufficient Balance,2,11.8,0,21,0,0.0,0.24252133335731113,LOW,Ask customer to add funds or use another method,Customer notification,0
TXN04837,CUST1453,8868.45,UPI,Utilities,12,12,2,Bank Declined,2,70.4,0,21,0,0.0,0.24249200705057625,LOW,Suggest alternative payment method,Customer notification,0
TXN01032,CUST0724,5760.71,Net Banking,Utilities,1,3,4,Authentication Failed,2,2.6,0,0,0,0.0,0.2424756115580176,LOW,Request customer authentication,Customer notification,0
TXN00837,CUST0806,2698.46,Wallet,Shopping,2,1,4,Network Error,2,33.6,1,21,0,0.0,0.24241569523920145,LOW,Retry payment,Automatic retry,0
TXN04690,CUST0634,2696.82,Net Banking,Utilities,30,9,7,Network Error,3,66.9,0,10,0,0.0,0.242394990588441,LOW,Retry payment,Automatic retry,0
TXN01304,CUST1032,2421.54,UPI,Entertainment,6,6,7,Network Error,1,43.3,0,5,0,0.0,0.2420640152289618,LOW,Retry payment,Automatic retry,0
TXN02962,CUST0205,9195.6,Net Banking,Food,41,11,1,Bank Declined,3,43.3,0,17,0,0.0,0.24205199874098507,LOW,Suggest alternative payment method,Customer notification,0
TXN02826,CUST0698,1986.7,Net Banking,Shopping,20,2,2,Authentication Failed,3,35.0,0,17,0,0.0,0.24167546786266075,LOW,Request customer authentication,Customer notification,0
TXN01290,CUST1288,5178.5,Card,Entertainment,59,9,5,Bank Declined,1,64.7,0,17,0,0.0,0.24150720397570535,LOW,Suggest alternative payment method,Customer notification,0
TXN00876,CUST1398,3298.69,Net Banking,Food,55,11,7,Insufficient Balance,2,36.4,1,15,0,0.0,0.24144092742003792,LOW,Ask customer to add funds or use another method,Customer notification,0
TXN04970,CUST0598,4296.91,Card,Entertainment,2,10,7,Insufficient Balance,2,35.3,0,15,0,0.0,0.24129079825058997,LOW,Ask customer to add funds or use another method,Customer notification,0
TXN00319,CUST0955,7324.15,UPI,Shopping,7,1,3,Network Error,2,38.8,1,5,0,0.0,0.24117141367212905,LOW,Retry payment,Automatic retry,0
TXN00626,CUST0588,7935.49,Card,Shopping,40,2,3,Insufficient Balance,1,11.4,1,4,0,0.0,0.24107340906533697,LOW,Ask customer to add funds or use another method,Customer notification,0
TXN03132,CUST1284,3477.38,Card,Travel,56,1,2,Insufficient Balance,1,16.4,0,8,0,0.0,0.24096745706600933,LOW,Ask customer to add funds or use another method,Customer notification,0
TXN00444,CUST0269,9689.88,UPI,Utilities,15,12,5,Insufficient Balance,2,13.2,0,0,0,0.0,0.2407685333174685,LOW,Ask customer to add funds or use another method,Customer notification,0
TXN01342,CUST1309,1456.51,UPI,Travel,28,6,4,Timeout,3,66.7,1,19,0,0.0,0.24069326220853987,LOW,Retry payment after short delay,Automatic retry,0
TXN01090,CUST0402,3027.9,Wallet,Utilities,13,17,6,Insufficient Balance,3,16.7,0,23,0,0.0,0.24057532083877997,LOW,Ask customer to add funds or use another method,Customer notification,0
TXN00891,CUST1490,8751.36,UPI,Travel,6,8,4,Authentication Failed,3,47.7,1,20,0,0.0,0.24053783337977022,LOW,Request customer authentication,Customer notification,0
TXN00933,CUST1410,7448.71,Card,Utilities,47,14,7,Insufficient Balance,3,68.5,0,19,0,0.0,0.24052374404193044,LOW,Ask customer to add funds or use another method,Customer notification,0
TXN00755,CUST0798,4316.78,UPI,Food,26,1,6,Network Error,3,4.6,0,19,0,0.0,0.2404274331148821,LOW,Retry payment,Automatic retry,0
TXN00551,CUST1220,600.54,Wallet,Travel,16,7,4,Network Error,3,50.5,1,4,0,0.0,0.24038629925011679,LOW,Retry payment,Automatic retry,0
TXN04514,CUST1065,1796.84,Net Banking,Travel,34,14,5,Bank Declined,3,56.2,0,4,0,0.0,0.24030402230739312,LOW,Suggest alternative payment method,Customer notification,0
TXN00547,CUST1022,2667.95,Wallet,Utilities,47,8,5,Insufficient Balance,1,46.6,0,1,0,0.0,0.24024795652613648,LOW,Ask customer to add funds or use another method,Customer notification,0
TXN00667,CUST0653,4976.73,Net Banking,Utilities,23,12,5,Bank Declined,3,61.6,0,21,0,0.0,0.24022936865038616,LOW,Suggest alternative payment method,Customer notification,0
TXN03951,CUST0729,339.64,UPI,Shopping,57,7,5,Insufficient Balance,2,10.1,0,5,0,0.0,0.2402093162160483,LOW,Ask customer to add funds or use another method,Customer notification,0
TXN03242,CUST0662,529.99,Card,Entertainment,31,4,5,Authentication Failed,2,44.2,0,22,0,0.0,0.23993455727878046,LOW,Request customer authentication,Customer notification,0
TXN03862,CUST0741,9665.63,Card,Entertainment,8,9,5,Network Error,2,62.9,0,15,0,0.0,0.23964341463521005,LOW,Retry payment,Automatic retry,0
TXN02496,CUST0336,4128.29,Card,Food,6,8,5,Bank Declined,2,28.1,0,19,0,0.0,0.23940099209429694,LOW,Suggest alternative payment method,Customer notification,0
TXN00089,CUST1486,5345.82,Wallet,Travel,6,0,6,Authentication Failed,1,34.6,0,21,0,0.0,0.2391809174083741,LOW,Request customer authentication,Customer notification,0
TXN04642,CUST1237,9317.16,UPI,Food,11,11,3,Bank Declined,2,65.0,1,21,0,0.0,0.23917587359306305,LOW,Suggest alternative payment method,Customer notification,0
TXN04574,CUST1212,6761.26,Net Banking,Entertainment,6,10,2,Bank Declined,3,3.8,0,8,0,0.0,0.23909799092500655,LOW,Suggest alternative payment method,Customer notification,0
TXN02189,CUST0725,6096.96,Wallet,Travel,55,0,2,Authentication Failed,3,35.0,0,18,0,0.0,0.2390306155102047,LOW,Request customer authentication,Customer notification,0
TXN04911,CUST1231,8732.65,Net Banking,Shopping,10,1,2,Authentication Failed,2,19.3,0,8,0,0.0,0.23900401883666308,LOW,Request customer authentication,Customer notification,0
TXN01728,CUST0589,4484.01,Net Banking,Travel,56,5,1,Insufficient Balance,2,9.9,0,1,0,0.0,0.23886495397225868,LOW,Ask customer to add funds or use another method,Customer notification,0
TXN02837,CUST0871,8371.85,UPI,Utilities,1,8,7,Network Error,3,34.2,0,16,0,0.0,0.23856295115265833,LOW,Retry payment,Automatic retry,0
TXN01957,CUST0909,9265.69,UPI,Food,50,13,7,Insufficient Balance,1,66.5,1,0,0,0.0,0.23854414528905962,LOW,Ask customer to add funds or use another method,Customer notification,0
TXN01599,CUST0964,7146.6,Wallet,Travel,14,7,4,Timeout,3,51.5,0,4,0,0.0,0.23848119575775897,LOW,Retry payment after short delay,Automatic retry,0
TXN01942,CUST1414,7084.35,UPI,Travel,47,5,7,Authentication Failed,2,48.3,0,21,0,0.0,0.2382095184246819,LOW,Request customer authentication,Customer notification,0
TXN01371,CUST0128,4817.61,Net Banking,Shopping,46,1,4,Authentication Failed,2,36.8,0,0,0,0.0,0.2381709346597672,LOW,Request customer authentication,Customer notification,0
TXN03385,CUST0817,9328.08,Wallet,Food,54,2,5,Timeout,3,41.4,0,1,0,0.0,0.23809301843983668,LOW,Retry payment after short delay,Automatic retry,0
TXN01927,CUST0553,3024.68,Net Banking,Travel,6,13,4,Insufficient Balance,2,66.0,1,13,0,0.0,0.23795651648496655,LOW,Ask customer to add funds or use another method,Customer notification,0
TXN03316,CUST0438,5914.74,UPI,Utilities,5,12,6,Insufficient Balance,2,28.4,1,15,0,0.0,0.23790356005143173,LOW,Ask customer to add funds or use another method,Customer notification,0
TXN03789,CUST1314,8598.86,UPI,Shopping,4,0,5,Network Error,1,1.6,0,19,0,0.0,0.23785649902547268,LOW,Retry payment,Automatic retry,0
TXN02724,CUST0985,9239.42,Wallet,Utilities,11,11,4,Insufficient Balance,2,46.7,0,12,0,0.0,0.2378554421243526,LOW,Ask customer to add funds or use another method,Customer notification,0
TXN04871,CUST1261,7607.2,Net Banking,Utilities,26,7,0,Bank Declined,2,59.1,1,9,0,0.0,0.23780167019855938,LOW,Suggest alternative payment method,Customer notification,0
TXN03146,CUST0265,8750.57,Net Banking,Travel,17,1,4,Network Error,1,70.5,0,15,0,0.0,0.2377709430153799,LOW,Retry payment,Automatic retry,0
TXN03427,CUST0485,2415.84,Net Banking,Food,21,4,3,Insufficient Balance,2,20.8,0,14,0,0.0,0.2376860278013239,LOW,Ask customer to add funds or use another method,Customer notification,0
TXN00461,CUST0634,179.79,Net Banking,Entertainment,23,2,6,Authentication Failed,1,21.9,0,7,0,0.0,0.23751109335102905,LOW,Request customer authentication,Customer notification,0
TXN04937,CUST0230,5427.56,UPI,Utilities,55,0,1,Bank Declined,2,41.7,0,23,0,0.0,0.2374351704691814,LOW,Suggest alternative payment method,Customer notification,0
TXN01680,CUST0796,2971.44,Wallet,Utilities,14,8,2,Network Error,3,65.6,1,17,0,0.0,0.2374047113977974,LOW,Retry payment,Automatic retry,0
TXN04532,CUST0203,9364.57,Net Banking,Utilities,27,7,2,Bank Declined,3,29.0,0,21,0,0.0,0.23730052456040873,LOW,Suggest alternative payment method,Customer notification,0
TXN03390,CUST1065,5224.23,UPI,Shopping,17,3,3,Insufficient Balance,2,35.8,1,7,0,0.0,0.23715303545778071,LOW,Ask customer to add funds or use another method,Customer notification,0
TXN04699,CUST0758,3174.71,UPI,Utilities,7,4,0,Bank Declined,2,33.0,1,20,0,0.0,0.23692338391899323,LOW,Suggest alternative payment method,Customer notification,0
TXN00051,CUST0167,7056.14,Card,Food,5,3,0,Insufficient Balance,2,35.8,0,0,0,0.0,0.23689869117181636,LOW,Ask customer to add funds or use another method,Customer notification,0
TXN00602,CUST1123,7640.59,Wallet,Entertainment,38,5,5,Insufficient Balance,1,9.3,1,15,0,0.0,0.23686583927195,LOW,Ask customer to add funds or use another method,Customer notification,0
TXN02705,CUST0770,9812.87,UPI,Shopping,52,4,7,Timeout,3,61.5,0,13,0,0.0,0.2368034792761004,LOW,Retry payment after short delay,Automatic retry,0
TXN02903,CUST0124,6681.7,Wallet,Entertainment,57,1,3,Bank Declined,3,18.4,0,13,0,0.0,0.23678664052694426,LOW,Suggest alternative payment method,Customer notification,0
TXN00518,CUST0258,2870.94,Net Banking,Entertainment,29,7,4,Bank Declined,2,35.0,0,7,0,0.0,0.23667096789720504,LOW,Suggest alternative payment method,Customer notification,0
TXN01715,CUST0557,4815.59,Card,Utilities,20,1,4,Network Error,1,68.2,0,9,0,0.0,0.23660452807712137,LOW,Retry payment,Automatic retry,0
TXN02323,CUST0581,5776.98,Net Banking,Entertainment,39,13,5,Insufficient Balance,3,64.7,0,4,0,0.0,0.23660340079980474,LOW,Ask customer to add funds or use another method,Customer notification,0
TXN04788,CUST0716,1765.78,UPI,Shopping,7,8,1,Network Error,2,61.7,0,19,0,0.0,0.23653845248999855,LOW,Retry payment,Automatic retry,0
TXN00616,CUST0398,1378.83,Wallet,Travel,38,0,7,Authentication Failed,3,34.7,1,18,0,0.0,0.2363970487236475,LOW,Request customer authentication,Customer notification,0
TXN03819,CUST0141,2614.91,Card,Utilities,10,13,6,Bank Declined,2,44.9,0,14,0,0.0,0.23637008536929763,LOW,Suggest alternative payment method,Customer notification,0
TXN01557,CUST1194,5205.2,Card,Entertainment,36,10,6,Insufficient Balance,1,47.2,1,17,0,0.0,0.23627038603050798,LOW,Ask customer to add funds or use another method,Customer notification,0
TXN04308,CUST1476,3836.14,Net Banking,Food,18,15,7,Insufficient Balance,3,38.1,1,9,0,0.0,0.23626750588750403,LOW,Ask customer to add funds or use another method,Customer notification,0
TXN00076,CUST1414,4020.02,UPI,Utilities,42,1,5,Insufficient Balance,1,16.4,0,18,0,0.0,0.23617831364167258,LOW,Ask customer to add funds or use another method,Customer notification,0
TXN01475,CUST0172,901.44,Wallet,Utilities,27,6,6,Authentication Failed,1,58.0,0,8,0,0.0,0.23607452892618458,LOW,Request customer authentication,Customer notification,0
TXN00637,CUST1417,7681.71,Net Banking,Entertainment,47,8,4,Bank Declined,3,71.2,1,11,0,0.0,0.23601907094407404,LOW,Suggest alternative payment method,Customer notification,0
TXN00726,CUST1372,3902.02,Net Banking,Food,53,9,7,Bank Declined,2,35.4,0,5,0,0.0,0.23598877879495528,LOW,Suggest alternative payment method,Customer notification,0
TXN01141,CUST0015,6241.68,UPI,Entertainment,60,2,0,Bank Declined,2,56.1,1,0,0,0.0,0.2359095699040707,LOW,Suggest alternative payment method,Customer notification,0
TXN04716,CUST0946,8966.96,UPI,Entertainment,5,13,3,Bank Declined,3,69.1,0,8,0,0.0,0.23589571110963692,LOW,Suggest alternative payment method,Customer notification,0
TXN04190,CUST0040,1541.12,Net Banking,Shopping,32,3,5,Authentication Failed,3,12.9,0,9,0,0.0,0.23586796425743,LOW,Request customer authentication,Customer notification,0
TXN00717,CUST0784,5588.13,Wallet,Shopping,22,8,3,Insufficient Balance,1,59.0,0,1,0,0.0,0.23557936236106286,LOW,Ask customer to add funds or use another method,Customer notification,0
TXN01891,CUST1070,7327.02,Net Banking,Food,14,17,7,Insufficient Balance,3,57.7,0,19,0,0.0,0.2355219376506065,LOW,Ask customer to add funds or use another method,Customer notification,0
TXN01464,CUST0296,4032.99,UPI,Entertainment,22,4,4,Network Error,1,62.4,0,4,0,0.0,0.2354933593311649,LOW,Retry payment,Automatic retry,0
TXN04063,CUST0883,4108.11,Net Banking,Food,20,0,3,Network Error,3,32.8,1,20,0,0.0,0.23537874930655928,LOW,Retry payment,Automatic retry,0
TXN01134,CUST1142,4221.0,Card,Shopping,56,11,5,Insufficient Balance,3,67.6,1,22,0,0.0,0.23479745898844986,LOW,Ask customer to add funds or use another method,Customer notification,0
TXN03519,CUST0576,6448.53,UPI,Food,39,2,5,Timeout,3,16.5,0,15,0,0.0,0.2347425783782346,LOW,Retry payment after short delay,Automatic retry,0
TXN02665,CUST0366,4345.96,Wallet,Entertainment,36,4,0,Authentication Failed,3,59.6,0,0,0,0.0,0.23471099509694326,LOW,Request customer authentication,Customer notification,0
TXN02591,CUST1237,1108.73,Wallet,Entertainment,2,7,7,Timeout,2,30.8,1,20,0,0.0,0.2345015129278666,LOW,Retry payment after short delay,Automatic retry,0
TXN00301,CUST0878,6510.41,UPI,Utilities,18,5,3,Network Error,3,63.4,0,16,0,0.0,0.23426796701804523,LOW,Retry payment,Automatic retry,0
TXN00323,CUST0750,8242.7,UPI,Entertainment,16,0,6,Network Error,1,36.1,0,19,0,0.0,0.2342247651789554,LOW,Retry payment,Automatic retry,0
TXN03114,CUST0928,3241.16,Wallet,Entertainment,2,7,3,Bank Declined,2,20.0,0,20,0,0.0,0.2342081480923063,LOW,Suggest alternative payment method,Customer notification,0
TXN01194,CUST1321,3129.87,Wallet,Utilities,36,3,3,Insufficient Balance,1,13.6,0,8,0,0.0,0.23417641811450074,LOW,Ask customer to add funds or use another method,Customer notification,0
TXN03659,CUST0881,3269.09,UPI,Shopping,1,11,3,Bank Declined,3,30.3,0,22,0,0.0,0.23415602368603483,LOW,Suggest alternative payment method,Customer notification,0
TXN03205,CUST0442,6059.62,Card,Entertainment,19,6,7,Bank Declined,1,21.3,1,22,0,0.0,0.23415321953028226,LOW,Suggest alternative payment method,Customer notification,0
TXN03764,CUST1047,6395.8,Net Banking,Shopping,15,12,4,Bank Declined,3,51.9,0,21,0,0.0,0.23402704653387368,LOW,Suggest alternative payment method,Customer notification,0
TXN02465,CUST1263,8996.81,Net Banking,Food,23,7,5,Timeout,2,59.8,0,21,0,0.0,0.23389548166159926,LOW,Retry payment after short delay,Automatic retry,0
TXN04304,CUST1498,6774.56,Net Banking,Entertainment,14,2,3,Timeout,1,51.8,0,1,0,0.0,0.2338267309206341,LOW,Retry payment after short delay,Automatic retry,0
TXN00345,CUST1196,9432.33,UPI,Entertainment,39,2,6,Authentication Failed,3,7.7,0,18,0,0.0,0.23371930951404335,LOW,Request customer authentication,Customer notification,0
TXN00172,CUST0646,5808.48,Card,Entertainment,21,6,7,Authentication Failed,3,29.9,0,16,0,0.0,0.2336348741049995,LOW,Request customer authentication,Customer notification,0
TXN01741,CUST0365,5103.12,Card,Utilities,37,7,4,Insufficient Balance,1,71.0,0,11,0,0.0,0.23363464864759748,LOW,Ask customer to add funds or use another method,Customer notification,0
TXN01511,CUST0629,5491.49,Card,Shopping,22,3,3,Timeout,1,63.5,0,18,0,0.0,0.23342603394938385,LOW,Retry payment after short delay,Automatic retry,0
TXN02379,CUST0160,6613.7,Wallet,Travel,17,1,0,Authentication Failed,2,49.1,0,5,0,0.0,0.23333340302272934,LOW,Request customer authentication,Customer notification,0
TXN00187,CUST0973,5267.33,Net Banking,Travel,26,9,0,Insufficient Balance,3,40.7,0,8,0,0.0,0.2331814341334192,LOW,Ask customer to add funds or use another method,Customer notification,0
TXN01133,CUST0865,2173.61,Net Banking,Food,8,0,1,Bank Declined,3,5.2,0,20,0,0.0,0.23315450958508385,LOW,Suggest alternative payment method,Customer notification,0
TXN02135,CUST1382,1008.6,Card,Shopping,46,0,6,Bank Declined,2,23.2,1,1,0,0.0,0.23308351066111704,LOW,Suggest alternative payment method,Customer notification,0
TXN03208,CUST0533,5025.54,Wallet,Food,54,14,5,Insufficient Balance,3,27.0,0,3,0,0.0,0.23302255433535823,LOW,Ask customer to add funds or use another method,Customer notification,0
TXN03008,CUST0593,1525.63,UPI,Shopping,57,2,0,Network Error,3,64.1,0,0,0,0.0,0.23283865941279927,LOW,Retry payment,Automatic retry,0
TXN01243,CUST0662,2407.42,Card,Food,8,13,5,Bank Declined,1,69.2,0,13,0,0.0,0.23283283101720934,LOW,Suggest alternative payment method,Customer notification,0
TXN01818,CUST0989,9968.41,Wallet,Utilities,21,10,5,Insufficient Balance,1,67.6,0,13,0,0.0,0.23282119546241833,LOW,Ask customer to add funds or use another method,Customer notification,0
TXN03058,CUST0680,4492.64,UPI,Food,51,6,2,Authentication Failed,3,55.7,0,6,0,0.0,0.23269538564148817,LOW,Request customer authentication,Customer notification,0
TXN04819,CUST1259,1123.44,Net Banking,Travel,47,9,3,Insufficient Balance,3,36.0,0,1,0,0.0,0.23262053870966576,LOW,Ask customer to add funds or use another method,Customer notification,0
TXN01604,CUST1404,7239.21,UPI,Travel,41,5,6,Insufficient Balance,1,16.9,0,11,0,0.0,0.23256896338845634,LOW,Ask customer to add funds or use another method,Customer notification,0
TXN02635,CUST0759,7806.44,Card,Shopping,52,1,7,Authentication Failed,2,36.4,0,9,0,0.0,0.2324481126364495,LOW,Request customer authentication,Customer notification,0
TXN01087,CUST0601,6306.99,UPI,Utilities,37,11,5,Insufficient Balance,3,43.5,0,22,0,0.0,0.23228615065260294,LOW,Ask customer to add funds or use another method,Customer notification,0
TXN04336,CUST0659,3055.62,Card,Shopping,10,0,3,Timeout,3,25.8,0,5,0,0.0,0.2322417853241227,LOW,Retry payment after short delay,Automatic retry,0
TXN04435,CUST0148,7516.66,Net Banking,Food,30,3,1,Insufficient Balance,2,21.4,0,7,0,0.0,0.23223528853849829,LOW,Ask customer to add funds or use another method,Customer notification,0
TXN01268,CUST0670,4733.01,Net Banking,Travel,24,3,7,Authentication Failed,2,11.8,0,3,0,0.0,0.2321486748202616,LOW,Request customer authentication,Customer notification,0
TXN04072,CUST0930,5658.63,Net Banking,Travel,2,3,7,Timeout,1,44.5,0,21,0,0.0,0.2320631615147857,LOW,Retry payment after short delay,Automatic retry,0
TXN00285,CUST0152,5455.93,Wallet,Food,14,5,0,Timeout,2,68.4,0,22,0,0.0,0.23191423081929805,LOW,Retry payment after short delay,Automatic retry,0
TXN02037,CUST0504,9930.14,Card,Entertainment,12,1,0,Network Error,3,61.2,0,15,0,0.0,0.23187773698620365,LOW,Retry payment,Automatic retry,0
TXN04618,CUST1153,7760.63,Wallet,Shopping,60,1,5,Timeout,2,67.8,0,16,0,0.0,0.23182268139446502,LOW,Retry payment after short delay,Automatic retry,0
TXN03231,CUST0612,4006.06,Net Banking,Travel,51,2,5,Timeout,2,65.3,0,16,0,0.0,0.2316974638993257,LOW,Retry payment after short delay,Automatic retry,0
TXN02256,CUST0494,3572.7,Wallet,Utilities,44,4,4,Insufficient Balance,1,32.3,0,19,0,0.0,0.231529752982964,LOW,Ask customer to add funds or use another method,Customer notification,0
TXN00769,CUST1306,3050.95,Card,Utilities,24,3,5,Authentication Failed,2,33.3,0,13,0,0.0,0.23140493038487708,LOW,Request customer authentication,Customer notification,0
TXN01274,CUST1448,1459.88,Wallet,Shopping,2,8,5,Authentication Failed,1,67.7,1,9,0,0.0,0.2313285686103962,LOW,Request customer authentication,Customer notification,0
TXN04868,CUST0616,5903.46,Wallet,Food,41,12,7,Insufficient Balance,2,14.4,0,1,0,0.0,0.23132683882347027,LOW,Ask customer to add funds or use another method,Customer notification,0
TXN01943,CUST1338,1956.29,Net Banking,Entertainment,48,3,5,Network Error,3,66.2,0,15,0,0.0,0.23123122416801142,LOW,Retry payment,Automatic retry,0
TXN04252,CUST0254,7218.01,Card,Shopping,11,6,4,Network Error,2,49.7,0,23,0,0.0,0.23116213825713186,LOW,Retry payment,Automatic retry,0
TXN04323,CUST0902,243.89,Card,Food,13,13,4,Insufficient Balance,3,55.3,1,3,0,0.0,0.23111130234798619,LOW,Ask customer to add funds or use another method,Customer notification,0
TXN02758,CUST1490,6422.86,Wallet,Utilities,15,8,4,Network Error,3,42.9,0,9,0,0.0,0.23104911980959028,LOW,Retry payment,Automatic retry,0
TXN02517,CUST0543,411.98,Net Banking,Food,16,6,6,Bank Declined,3,2.2,1,14,0,0.0,0.23104358617369095,LOW,Suggest alternative payment method,Customer notification,0
TXN03240,CUST0154,5279.26,Wallet,Entertainment,26,6,0,Insufficient Balance,3,14.7,1,11,0,0.0,0.2310238596251043,LOW,Ask customer to add funds or use another method,Customer notification,0
TXN01297,CUST1404,2395.23,UPI,Entertainment,38,3,6,Authentication Failed,3,23.6,0,16,0,0.0,0.23081162826196822,LOW,Request customer authentication,Customer notification,0
TXN00913,CUST0107,4714.55,Wallet,Utilities,8,4,4,Authentication Failed,2,6.7,0,11,0,0.0,0.23032063768750582,LOW,Request customer authentication,Customer notification,0
TXN02290,CUST0559,8416.19,UPI,Entertainment,4,8,1,Timeout,3,58.6,1,19,0,0.0,0.2302801240930802,LOW,Retry payment after short delay,Automatic retry,0
TXN04773,CUST0962,8127.2,UPI,Entertainment,32,4,6,Timeout,1,71.1,0,7,0,0.0,0.23023156066867198,LOW,Retry payment after short delay,Automatic retry,0
TXN04489,CUST0046,6371.29,UPI,Utilities,12,15,3,Bank Declined,3,53.7,0,1,0,0.0,0.23016379230843342,LOW,Suggest alternative payment method,Customer notification,0
TXN01365,CUST1304,305.5,Net Banking,Utilities,7,6,6,Network Error,2,41.3,0,23,0,0.0,0.22997579492076273,LOW,Retry payment,Automatic retry,0
TXN04364,CUST0331,8026.57,UPI,Travel,34,4,4,Authentication Failed,2,51.6,0,18,0,0.0,0.2299689380524144,LOW,Request customer authentication,Customer notification,0
TXN02723,CUST0124,4985.45,Net Banking,Travel,32,10,5,Bank Declined,3,24.6,0,11,0,0.0,0.2297686913654612,LOW,Suggest alternative payment method,Customer notification,0
TXN02814,CUST1036,8929.54,Wallet,Food,3,15,6,Insufficient Balance,3,41.4,0,8,0,0.0,0.2294430927074426,LOW,Ask customer to add funds or use another method,Customer notification,0
TXN02989,CUST1106,7328.29,Net Banking,Utilities,55,3,4,Authentication Failed,3,40.0,0,15,0,0.0,0.2294372411818456,LOW,Request customer authentication,Customer notification,0
TXN02546,CUST1180,5411.06,Card,Entertainment,30,3,6,Insufficient Balance,2,21.9,0,22,0,0.0,0.228903095244392,LOW,Ask customer to add funds or use another method,Customer notification,0
TXN00516,CUST0792,3115.56,UPI,Food,34,2,7,Timeout,2,39.2,0,23,0,0.0,0.22883727130990295,LOW,Retry payment after short delay,Automatic retry,0
TXN00248,CUST0955,8579.28,Net Banking,Shopping,54,2,7,Authentication Failed,3,17.6,0,4,0,0.0,0.22873040568065942,LOW,Request customer authentication,Customer notification,0
TXN00214,CUST0642,3820.47,Net Banking,Travel,10,16,7,Bank Declined,3,57.8,0,21,0,0.0,0.22867481176835702,LOW,Suggest alternative payment method,Customer notification,0
TXN04712,CUST0330,3722.6,Net Banking,Entertainment,24,3,6,Network Error,2,46.4,1,19,0,0.0,0.22852197355879855,LOW,Retry payment,Automatic retry,0
TXN02429,CUST1108,8791.99,Wallet,Utilities,9,2,1,Authentication Failed,2,12.4,0,8,0,0.0,0.22829645116526057,LOW,Request customer authentication,Customer notification,0
TXN00115,CUST0392,4837.11,UPI,Entertainment,21,11,3,Bank Declined,3,58.8,0,10,0,0.0,0.22824368414957358,LOW,Suggest alternative payment method,Customer notification,0
TXN00806,CUST1372,6793.44,Wallet,Travel,9,1,5,Authentication Failed,1,69.9,0,7,0,0.0,0.22811174620564093,LOW,Request customer authentication,Customer notification,0
TXN01773,CUST0474,7434.61,Net Banking,Shopping,16,4,5,Bank Declined,1,8.2,0,11,0,0.0,0.22794864902818607,LOW,Suggest alternative payment method,Customer notification,0
TXN01622,CUST1131,1454.77,UPI,Food,44,9,7,Authentication Failed,3,38.2,0,0,0,0.0,0.22749358505664105,LOW,Request customer authentication,Customer notification,0
TXN01860,CUST0956,4202.64,Card,Food,22,15,5,Bank Declined,3,71.4,0,2,0,0.0,0.22739643783414334,LOW,Suggest alternative payment method,Customer notification,0
TXN02541,CUST0983,3832.38,Card,Shopping,29,3,5,Bank Declined,2,14.4,0,8,0,0.0,0.22724904278933086,LOW,Suggest alternative payment method,Customer notification,0
TXN00157,CUST0485,5177.68,UPI,Entertainment,4,0,3,Authentication Failed,2,18.7,0,2,0,0.0,0.22713189096619701,LOW,Request customer authentication,Customer notification,0
TXN04133,CUST0961,1031.19,Net Banking,Entertainment,31,3,6,Network Error,3,43.0,0,8,0,0.0,0.22707752775771048,LOW,Retry payment,Automatic retry,0
TXN00931,CUST0078,222.18,Wallet,Entertainment,31,8,4,Insufficient Balance,2,13.3,1,19,0,0.0,0.22681917714690922,LOW,Ask customer to add funds or use another method,Customer notification,0
TXN04000,CUST1073,8622.03,Net Banking,Food,11,6,2,Bank Declined,3,6.1,0,2,0,0.0,0.22676576684885472,LOW,Suggest alternative payment method,Customer notification,0
TXN03340,CUST0347,248.72,UPI,Shopping,39,1,2,Insufficient Balance,2,3.0,0,8,0,0.0,0.22672024244556735,LOW,Ask customer to add funds or use another method,Customer notification,0
TXN04445,CUST1307,1028.84,Card,Entertainment,49,7,7,Insufficient Balance,3,4.9,1,19,0,0.0,0.22652630662389314,LOW,Ask customer to add funds or use another method,Customer notification,0
TXN00716,CUST0736,3294.99,Wallet,Food,12,2,4,Timeout,1,37.6,1,1,0,0.0,0.22621166711553997,LOW,Retry payment after short delay,Automatic retry,0
TXN04158,CUST1133,8880.73,Wallet,Shopping,12,0,3,Bank Declined,1,5.1,0,9,0,0.0,0.22619718322530738,LOW,Suggest alternative payment method,Customer notification,0
TXN00239,CUST0609,9231.44,Card,Travel,8,14,6,Insufficient Balance,3,47.2,1,23,0,0.0,0.22602448347464324,LOW,Ask customer to add funds or use another method,Customer notification,0
TXN00073,CUST1412,1366.58,Wallet,Travel,11,4,6,Network Error,1,38.1,0,2,0,0.0,0.22597393136105803,LOW,Retry payment,Automatic retry,0
TXN04884,CUST0396,1928.05,Wallet,Utilities,38,5,7,Network Error,3,8.6,0,2,0,0.0,0.22594861591549484,LOW,Retry payment,Automatic retry,0
TXN00192,CUST1435,629.79,UPI,Entertainment,29,9,7,Insufficient Balance,2,14.6,1,14,0,0.0,0.22587258832489698,LOW,Ask customer to add funds or use another method,Customer notification,0
TXN01953,CUST0978,6578.03,Net Banking,Entertainment,36,0,0,Insufficient Balance,2,20.9,0,16,0,0.0,0.22571530378243804,LOW,Ask customer to add funds or use another method,Customer notification,0
TXN00286,CUST0054,9849.97,Card,Entertainment,1,11,5,Insufficient Balance,1,71.3,0,5,0,0.0,0.2256990773503507,LOW,Ask customer to add funds or use another method,Customer notification,0
TXN02605,CUST0510,2962.45,Net Banking,Entertainment,12,7,3,Bank Declined,3,27.5,1,15,0,0.0,0.2256959019176582,LOW,Suggest alternative payment method,Customer notification,0
TXN00247,CUST0764,5608.92,Wallet,Food,13,1,7,Authentication Failed,1,6.7,0,16,0,0.0,0.22556986540809343,LOW,Request customer authentication,Customer notification,0
TXN01521,CUST0935,4854.91,Wallet,Entertainment,22,3,0,Insufficient Balance,2,1.1,1,20,0,0.0,0.2253039825756742,LOW,Ask customer to add funds or use another method,Customer notification,0
TXN04028,CUST0302,5618.55,Net Banking,Food,6,6,5,Network Error,3,34.9,1,19,0,0.0,0.22525859012115343,LOW,Retry payment,Automatic retry,0
TXN00175,CUST1364,7877.87,Card,Travel,27,3,7,Timeout,3,47.2,0,18,0,0.0,0.22523582984653234,LOW,Retry payment after short delay,Automatic retry,0
TXN04004,CUST1462,7775.79,Net Banking,Entertainment,5,4,1,Authentication Failed,2,56.7,1,18,0,0.0,0.22490135003392897,LOW,Request customer authentication,Customer notification,0
TXN01929,CUST0716,6713.23,Net Banking,Utilities,3,11,2,Bank Declined,2,67.4,1,20,0,0.0,0.2242556844801878,LOW,Suggest alternative payment method,Customer notification,0
TXN00164,CUST0525,1403.37,UPI,Shopping,40,7,2,Insufficient Balance,3,46.2,0,1,0,0.0,0.22417463383999575,LOW,Ask customer to add funds or use another method,Customer notification,0
TXN01198,CUST1429,4509.55,Wallet,Travel,42,6,5,Bank Declined,1,39.5,0,22,0,0.0,0.22407126893521997,LOW,Suggest alternative payment method,Customer notification,0
TXN01503,CUST1040,3190.7,UPI,Food,51,9,6,Bank Declined,3,24.5,0,7,0,0.0,0.22391725725852418,LOW,Suggest alternative payment method,Customer notification,0
TXN02233,CUST0891,5022.57,Card,Utilities,52,7,2,Bank Declined,3,53.3,1,1,0,0.0,0.2237710233832933,LOW,Suggest alternative payment method,Customer notification,0
TXN02856,CUST0900,7206.92,UPI,Food,22,0,4,Bank Declined,1,18.0,0,1,0,0.0,0.2236267598854212,LOW,Suggest alternative payment method,Customer notification,0
TXN01687,CUST0318,1801.93,Wallet,Utilities,50,10,4,Insufficient Balance,3,22.1,1,4,0,0.0,0.22350748015956617,LOW,Ask customer to add funds or use another method,Customer notification,0
TXN03669,CUST0720,4911.84,Net Banking,Utilities,47,10,6,Insufficient Balance,2,40.7,0,11,0,0.0,0.22341751445987476,LOW,Ask customer to add funds or use another method,Customer notification,0
TXN01597,CUST0817,1828.44,Wallet,Entertainment,58,7,7,Timeout,3,56.5,0,1,0,0.0,0.22341724968524726,LOW,Retry payment after short delay,Automatic retry,0
TXN03625,CUST0883,2909.08,Card,Travel,59,3,4,Timeout,3,47.7,0,12,0,0.0,0.22341562822119496,LOW,Retry payment after short delay,Automatic retry,0
TXN01028,CUST0326,7712.31,UPI,Food,19,1,7,Network Error,2,37.4,0,19,0,0.0,0.22315188570958264,LOW,Retry payment,Automatic retry,0
TXN01846,CUST0960,619.57,Net Banking,Entertainment,6,4,0,Network Error,2,71.2,0,23,0,0.0,0.22303210695577527,LOW,Retry payment,Automatic retry,0
TXN02012,CUST1270,8789.15,Net Banking,Food,31,8,6,Timeout,3,69.8,0,15,0,0.0,0.22286987231372626,LOW,Retry payment after short delay,Automatic retry,0
TXN04966,CUST0508,8478.24,Wallet,Shopping,14,8,4,Insufficient Balance,2,23.4,0,2,0,0.0,0.22284813108790946,LOW,Ask customer to add funds or use another method,Customer notification,0
TXN00228,CUST1208,8544.52,UPI,Entertainment,52,1,5,Authentication Failed,3,33.3,0,8,0,0.0,0.22284405075162175,LOW,Request customer authentication,Customer notification,0
TXN04109,CUST0740,4643.8,UPI,Entertainment,11,1,2,Bank Declined,1,24.7,0,12,0,0.0,0.22275208151764542,LOW,Suggest alternative payment method,Customer notification,0
TXN00128,CUST1072,1988.19,Net Banking,Utilities,7,1,4,Network Error,3,18.1,0,17,0,0.0,0.222634170094899,LOW,Retry payment,Automatic retry,0
TXN04519,CUST0757,9146.27,Wallet,Entertainment,25,4,6,Network Error,1,59.3,0,4,0,0.0,0.2223227493557173,LOW,Retry payment,Automatic retry,0
TXN03523,CUST1464,5138.52,Net Banking,Food,15,8,4,Timeout,2,64.0,0,1,0,0.0,0.22228296775565537,LOW,Retry payment after short delay,Automatic retry,0
TXN04824,CUST0905,5027.11,Card,Entertainment,9,8,0,Authentication Failed,2,52.2,0,22,0,0.0,0.22225955049288115,LOW,Request customer authentication,Customer notification,0
TXN04243,CUST0661,9302.11,Net Banking,Travel,32,0,5,Insufficient Balance,1,11.8,0,0,0,0.0,0.22204755439412524,LOW,Ask customer to add funds or use another method,Customer notification,0
TXN00957,CUST1498,3370.88,UPI,Food,9,15,6,Insufficient Balance,3,49.8,0,1,0,0.0,0.22203411780914808,LOW,Ask customer to add funds or use another method,Customer notification,0
TXN03857,CUST0873,6463.49,Card,Food,41,6,5,Authentication Failed,3,47.3,0,21,0,0.0,0.2220266121804758,LOW,Request customer authentication,Customer notification,0
TXN02792,CUST0449,3613.82,Card,Utilities,48,9,5,Insufficient Balance,3,14.6,0,10,0,0.0,0.2218196435583775,LOW,Ask customer to add funds or use another method,Customer notification,0
TXN00318,CUST0460,4456.57,UPI,Shopping,39,10,6,Bank Declined,1,68.7,1,1,0,0.0,0.2217975192770933,LOW,Suggest alternative payment method,Customer notification,0
TXN02448,CUST0449,4470.89,Card,Shopping,9,4,7,Authentication Failed,1,33.3,1,17,0,0.0,0.22143666163144157,LOW,Request customer authentication,Customer notification,0
TXN04748,CUST0251,9910.76,Card,Utilities,50,2,6,Insufficient Balance,1,33.4,0,1,0,0.0,0.22136780656282096,LOW,Ask customer to add funds or use another method,Customer notification,0
TXN01495,CUST1224,2691.34,UPI,Shopping,57,9,5,Authentication Failed,3,64.5,0,12,0,0.0,0.2213367865522742,LOW,Request customer authentication,Customer notification,0
TXN03884,CUST0540,2402.42,Wallet,Food,10,4,4,Timeout,3,40.4,1,13,0,0.0,0.22125818947857628,LOW,Retry payment after short delay,Automatic retry,0
TXN04153,CUST0661,4499.09,Net Banking,Food,1,2,0,Insufficient Balance,1,71.8,0,10,0,0.0,0.22120627177308358,LOW,Ask customer to add funds or use another method,Customer notification,0
TXN02627,CUST0029,9185.95,Card,Utilities,21,6,4,Bank Declined,3,8.8,0,18,0,0.0,0.2211983002005918,LOW,Suggest alternative payment method,Customer notification,0
TXN02841,CUST0942,6107.25,Net Banking,Travel,44,8,6,Bank Declined,2,47.2,1,1,0,0.0,0.2210905579274636,LOW,Suggest alternative payment method,Customer notification,0
TXN01167,CUST0363,7971.07,Net Banking,Food,35,7,7,Insufficient Balance,1,47.1,0,6,0,0.0,0.22100604880475913,LOW,Ask customer to add funds or use another method,Customer notification,0
TXN02633,CUST1308,7754.36,Net Banking,Shopping,20,1,4,Bank Declined,2,22.2,0,20,0,0.0,0.22095244630633207,LOW,Suggest alternative payment method,Customer notification,0
TXN04604,CUST1008,4623.69,UPI,Utilities,31,1,1,Bank Declined,1,56.2,0,9,0,0.0,0.22093855616599914,LOW,Suggest alternative payment method,Customer notification,0
TXN03209,CUST0227,2704.49,UPI,Utilities,30,7,3,Insufficient Balance,1,54.0,1,6,0,0.0,0.22067500933745166,LOW,Ask customer to add funds or use another method,Customer notification,0
TXN02130,CUST1365,842.1,Wallet,Utilities,49,5,2,Authentication Failed,3,66.0,0,9,0,0.0,0.22065850434302794,LOW,Request customer authentication,Customer notification,0
TXN04251,CUST0767,6246.11,Net Banking,Entertainment,10,3,1,Insufficient Balance,2,7.0,0,21,0,0.0,0.22063040247826812,LOW,Ask customer to add funds or use another method,Customer notification,0
TXN01483,CUST0957,137.99,UPI,Utilities,16,7,7,Bank Declined,1,36.6,0,9,0,0.0,0.2206261298169022,LOW,Suggest alternative payment method,Customer notification,0
TXN00452,CUST1370,2928.43,Wallet,Food,48,7,5,Bank Declined,2,31.9,0,7,0,0.0,0.22029194844209024,LOW,Suggest alternative payment method,Customer notification,0
TXN04101,CUST0790,8284.75,Wallet,Travel,6,13,7,Bank Declined,3,15.4,0,12,0,0.0,0.22028277691335305,LOW,Suggest alternative payment method,Customer notification,0
TXN04150,CUST0651,2298.61,Net Banking,Shopping,4,9,1,Bank Declined,2,46.2,0,23,0,0.0,0.22006570704499637,LOW,Suggest alternative payment method,Customer notification,0
TXN03399,CUST1356,3963.85,Wallet,Food,48,9,4,Authentication Failed,3,65.5,0,17,0,0.0,0.21994318594175,LOW,Request customer authentication,Customer notification,0
TXN00413,CUST0575,2317.43,UPI,Utilities,16,2,4,Network Error,3,20.0,0,23,0,0.0,0.21956437939072304,LOW,Retry payment,Automatic retry,0
TXN04419,CUST0778,5752.82,Wallet,Shopping,48,5,4,Insufficient Balance,1,3.5,0,21,0,0.0,0.21955871616060826,LOW,Ask customer to add funds or use another method,Customer notification,0
TXN03514,CUST1499,2505.16,Wallet,Travel,39,12,7,Insufficient Balance,2,25.7,0,11,0,0.0,0.21942539914148462,LOW,Ask customer to add funds or use another method,Customer notification,0
TXN03194,CUST0156,8196.11,UPI,Shopping,22,1,1,Insufficient Balance,1,5.2,0,1,0,0.0,0.21914176569770685,LOW,Ask customer to add funds or use another method,Customer notification,0
TXN01560,CUST0251,1170.73,Net Banking,Travel,6,12,7,Bank Declined,2,48.2,0,4,0,0.0,0.2190046185874959,LOW,Suggest alternative payment method,Customer notification,0
TXN00564,CUST0920,2165.02,UPI,Shopping,34,8,5,Insufficient Balance,3,2.7,0,16,0,0.0,0.21881725977232944,LOW,Ask customer to add funds or use another method,Customer notification,0
TXN02220,CUST0012,7616.47,Card,Travel,58,1,4,Insufficient Balance,1,42.4,0,6,0,0.0,0.21871208924707886,LOW,Ask customer to add funds or use another method,Customer notification,0
TXN02090,CUST0797,944.16,Card,Travel,8,3,6,Timeout,2,30.8,0,10,0,0.0,0.21815301535195072,LOW,Retry payment after short delay,Automatic retry,0
TXN00898,CUST0233,1252.94,Card,Food,50,0,2,Bank Declined,1,50.4,0,7,0,0.0,0.2180094239363004,LOW,Suggest alternative payment method,Customer notification,0
TXN01533,CUST0131,8075.46,Card,Food,33,3,7,Network Error,2,49.0,0,16,0,0.0,0.21789141857689184,LOW,Retry payment,Automatic retry,0
TXN04527,CUST0069,8989.19,Wallet,Food,8,3,4,Timeout,2,45.3,0,11,0,0.0,0.21746124929056707,LOW,Retry payment after short delay,Automatic retry,0
TXN04432,CUST0020,3047.77,Net Banking,Utilities,10,4,1,Bank Declined,2,38.6,0,0,0,0.0,0.21725308348004835,LOW,Suggest alternative payment method,Customer notification,0
TXN01537,CUST0986,6221.08,Card,Entertainment,48,8,6,Insufficient Balance,1,47.1,0,14,0,0.0,0.2171052831507386,LOW,Ask customer to add funds or use another method,Customer notification,0
TXN02960,CUST1424,8505.53,UPI,Food,42,4,2,Insufficient Balance,3,30.8,0,22,0,0.0,0.2170858107740729,LOW,Ask customer to add funds or use another method,Customer notification,0
TXN00794,CUST1109,7727.43,Net Banking,Shopping,24,5,7,Timeout,1,54.0,1,3,0,0.0,0.2170477886596795,LOW,Retry payment after short delay,Automatic retry,0
TXN00802,CUST0449,3099.87,Card,Food,3,2,2,Authentication Failed,2,50.4,0,4,0,0.0,0.21686191567831034,LOW,Request customer authentication,Customer notification,0
TXN00474,CUST0581,5638.11,Net Banking,Entertainment,26,4,7,Bank Declined,1,52.2,0,21,0,0.0,0.21654066765357544,LOW,Suggest alternative payment method,Customer notification,0
TXN00082,CUST0162,4220.56,UPI,Travel,39,6,4,Insufficient Balance,2,35.8,0,3,0,0.0,0.21629391311493085,LOW,Ask customer to add funds or use another method,Customer notification,0
TXN04312,CUST1443,9222.05,UPI,Entertainment,52,4,6,Bank Declined,2,24.4,0,20,0,0.0,0.2162777657328554,LOW,Suggest alternative payment method,Customer notification,0
TXN03986,CUST1049,6566.05,Wallet,Travel,56,3,7,Timeout,3,46.5,0,16,0,0.0,0.2161922167654493,LOW,Retry payment after short delay,Automatic retry,0
TXN02403,CUST1327,9111.14,Wallet,Utilities,56,7,6,Insufficient Balance,1,20.7,1,9,0,0.0,0.2161165504641618,LOW,Ask customer to add funds or use another method,Customer notification,0
TXN00926,CUST0056,2905.3,UPI,Entertainment,47,9,6,Insufficient Balance,3,4.6,0,4,0,0.0,0.21574938030054383,LOW,Ask customer to add funds or use another method,Customer notification,0
TXN02852,CUST0336,942.92,Wallet,Utilities,47,5,5,Bank Declined,1,43.2,1,19,0,0.0,0.2155569323683487,LOW,Suggest alternative payment method,Customer notification,0
TXN02100,CUST0691,4936.57,Net Banking,Shopping,25,1,0,Timeout,3,71.2,0,20,0,0.0,0.21554989756142529,LOW,Retry payment after short delay,Automatic retry,0
TXN02836,CUST0822,4582.27,Card,Shopping,50,10,2,Bank Declined,3,66.9,0,11,0,0.0,0.21550197570189297,LOW,Suggest alternative payment method,Customer notification,0
TXN01706,CUST0557,7487.18,UPI,Shopping,48,6,7,Authentication Failed,2,54.0,0,2,0,0.0,0.21546986537322366,LOW,Request customer authentication,Customer notification,0
TXN00328,CUST0438,9504.01,Net Banking,Food,23,12,6,Bank Declined,2,68.7,1,7,0,0.0,0.2154521241124554,LOW,Suggest alternative payment method,Customer notification,0
TXN04097,CUST0872,4615.97,Wallet,Travel,38,7,3,Bank Declined,3,38.1,0,20,0,0.0,0.2151955439890158,LOW,Suggest alternative payment method,Customer notification,0
TXN04291,CUST0262,7104.6,Card,Shopping,20,6,7,Timeout,1,50.9,0,9,0,0.0,0.2150993957154463,LOW,Retry payment after short delay,Automatic retry,0
TXN03831,CUST0951,4534.74,Card,Travel,22,3,0,Bank Declined,3,45.7,0,11,0,0.0,0.2150685972081077,LOW,Suggest alternative payment method,Customer notification,0
TXN03037,CUST0243,5515.92,Net Banking,Shopping,36,6,5,Bank Declined,3,18.6,0,20,0,0.0,0.21494690785351778,LOW,Suggest alternative payment method,Customer notification,0
TXN03820,CUST1107,9823.14,Card,Shopping,40,9,0,Bank Declined,2,65.9,0,18,0,0.0,0.21476236616119063,LOW,Suggest alternative payment method,Customer notification,0
TXN01075,CUST0270,702.93,UPI,Utilities,8,6,3,Network Error,2,46.0,0,5,0,0.0,0.21463527708505772,LOW,Retry payment,Automatic retry,0
TXN03386,CUST0553,7725.26,Net Banking,Travel,50,1,6,Insufficient Balance,1,30.8,0,22,0,0.0,0.21441080467486057,LOW,Ask customer to add funds or use another method,Customer notification,0
TXN03565,CUST0068,3980.78,Net Banking,Utilities,43,2,6,Network Error,2,44.8,0,12,0,0.0,0.21417007419717504,LOW,Retry payment,Automatic retry,0
TXN01579,CUST0926,5228.96,Net Banking,Shopping,47,4,5,Bank Declined,2,41.2,1,16,0,0.0,0.21415107141776768,LOW,Suggest alternative payment method,Customer notification,0
TXN00416,CUST0150,7758.36,Card,Shopping,19,6,2,Insufficient Balance,3,11.5,0,6,0,0.0,0.2139088102579532,LOW,Ask customer to add funds or use another method,Customer notification,0
TXN03712,CUST0802,863.73,Wallet,Travel,2,3,5,Timeout,1,56.2,1,19,0,0.0,0.2138362198364597,LOW,Retry payment after short delay,Automatic retry,0
TXN01685,CUST1325,4249.45,Wallet,Shopping,24,11,1,Insufficient Balance,3,67.4,0,23,0,0.0,0.21371584165250038,LOW,Ask customer to add funds or use another method,Customer notification,0
TXN02621,CUST1144,3452.25,Net Banking,Utilities,21,4,2,Bank Declined,2,37.4,0,16,0,0.0,0.21369459690719458,LOW,Suggest alternative payment method,Customer notification,0
TXN02191,CUST1100,5317.8,UPI,Entertainment,44,1,6,Network Error,3,45.5,0,7,0,0.0,0.21357250733613298,LOW,Retry payment,Automatic retry,0
TXN01462,CUST0073,2392.83,UPI,Utilities,48,6,7,Insufficient Balance,2,40.3,1,8,0,0.0,0.21342857895017975,LOW,Ask customer to add funds or use another method,Customer notification,0
TXN04558,CUST1097,9615.07,Card,Food,2,6,6,Network Error,3,44.2,0,9,0,0.0,0.21306938505142273,LOW,Retry payment,Automatic retry,0
TXN02461,CUST1125,4685.67,UPI,Travel,54,6,7,Bank Declined,1,59.2,0,10,0,0.0,0.2130205374188625,LOW,Suggest alternative payment method,Customer notification,0
TXN00011,CUST0331,9405.32,Wallet,Shopping,49,9,6,Authentication Failed,3,65.7,0,16,0,0.0,0.21299164626132178,LOW,Request customer authentication,Customer notification,0
TXN01798,CUST1309,2638.49,Wallet,Shopping,28,1,1,Insufficient Balance,1,67.0,1,13,0,0.0,0.21256106643674225,LOW,Ask customer to add funds or use another method,Customer notification,0
TXN04719,CUST0758,5045.53,Card,Utilities,30,7,2,Bank Declined,3,43.5,0,23,0,0.0,0.21241059677470037,LOW,Suggest alternative payment method,Customer notification,0
TXN02677,CUST0350,1359.53,Card,Food,36,3,6,Authentication Failed,3,13.5,0,10,0,0.0,0.21239853550115953,LOW,Request customer authentication,Customer notification,0
TXN01920,CUST0635,651.5,UPI,Shopping,39,15,6,Insufficient Balance,3,4.4,0,0,0,0.0,0.21207465828775734,LOW,Ask customer to add funds or use another method,Customer notification,0
TXN03158,CUST1250,3964.23,Card,Food,34,8,3,Bank Declined,2,64.2,1,12,0,0.0,0.21201546380582673,LOW,Suggest alternative payment method,Customer notification,0
TXN03762,CUST0337,2724.38,Net Banking,Travel,52,4,7,Insufficient Balance,1,10.2,0,16,0,0.0,0.2119411241441445,LOW,Ask customer to add funds or use another method,Customer notification,0
TXN04494,CUST1190,7309.02,UPI,Travel,21,8,5,Insufficient Balance,2,2.4,0,1,0,0.0,0.21179426078114955,LOW,Ask customer to add funds or use another method,Customer notification,0
TXN00093,CUST0720,186.19,Wallet,Travel,60,2,4,Authentication Failed,2,51.3,0,4,0,0.0,0.2116497914261582,LOW,Request customer authentication,Customer notification,0
TXN02600,CUST0395,7655.19,UPI,Utilities,56,2,1,Insufficient Balance,3,24.5,0,22,0,0.0,0.2116463472268751,LOW,Ask customer to add funds or use another method,Customer notification,0
TXN04619,CUST0196,3647.79,Wallet,Food,51,1,6,Authentication Failed,2,64.1,1,6,0,0.0,0.2114342964554519,LOW,Request customer authentication,Customer notification,0
TXN04474,CUST0414,6724.92,Net Banking,Shopping,6,16,7,Insufficient Balance,2,41.1,0,11,0,0.0,0.2114218382965346,LOW,Ask customer to add funds or use another method,Customer notification,0
TXN04838,CUST0807,6527.36,UPI,Shopping,18,7,3,Bank Declined,1,59.1,0,7,0,0.0,0.2114056484193895,LOW,Suggest alternative payment method,Customer notification,0
TXN00577,CUST0867,2540.55,Net Banking,Food,17,14,5,Insufficient Balance,3,55.8,1,17,0,0.0,0.21111457327644342,LOW,Ask customer to add funds or use another method,Customer notification,0
TXN03675,CUST0906,1140.47,Wallet,Shopping,40,3,7,Bank Declined,1,26.0,0,20,0,0.0,0.21108043939258286,LOW,Suggest alternative payment method,Customer notification,0
TXN03950,CUST0983,8959.21,UPI,Utilities,17,5,1,Insufficient Balance,2,27.7,0,15,0,0.0,0.2110787060977883,LOW,Ask customer to add funds or use another method,Customer notification,0
TXN02624,CUST0129,5920.23,Net Banking,Entertainment,56,6,6,Insufficient Balance,2,3.9,1,22,0,0.0,0.21094345506476578,LOW,Ask customer to add funds or use another method,Customer notification,0
TXN02530,CUST1011,6922.9,Wallet,Food,7,1,4,Network Error,3,42.9,1,2,0,0.0,0.21093511341934548,LOW,Retry payment,Automatic retry,0
TXN03555,CUST0201,3552.74,Card,Food,5,8,0,Bank Declined,2,71.7,0,4,0,0.0,0.21084998119963705,LOW,Suggest alternative payment method,Customer notification,0
TXN04808,CUST0206,6874.85,UPI,Entertainment,16,4,6,Authentication Failed,2,37.4,0,8,0,0.0,0.21082659157328495,LOW,Request customer authentication,Customer notification,0
TXN03351,CUST1491,8632.62,Net Banking,Utilities,3,4,6,Insufficient Balance,1,1.0,1,21,0,0.0,0.2107990486577846,LOW,Ask customer to add funds or use another method,Customer notification,0
TXN02731,CUST0113,5708.53,Card,Shopping,5,6,4,Network Error,1,68.0,0,8,0,0.0,0.21067745713903233,LOW,Retry payment,Automatic retry,0
TXN03953,CUST1069,7245.82,Wallet,Food,45,4,6,Authentication Failed,3,36.5,0,4,0,0.0,0.2106757905413437,LOW,Request customer authentication,Customer notification,0
TXN04369,CUST1121,9908.05,Card,Utilities,6,8,0,Bank Declined,2,70.7,0,13,0,0.0,0.2100377690813583,LOW,Suggest alternative payment method,Customer notification,0
TXN01176,CUST0683,2747.41,UPI,Food,45,0,4,Network Error,2,62.2,0,12,0,0.0,0.20977245832985875,LOW,Retry payment,Automatic retry,0
TXN03162,CUST0476,9028.9,UPI,Utilities,7,8,3,Insufficient Balance,2,41.4,0,3,0,0.0,0.20963883775096157,LOW,Ask customer to add funds or use another method,Customer notification,0
TXN02843,CUST1081,5457.92,Net Banking,Shopping,54,3,0,Insufficient Balance,3,7.1,0,17,0,0.0,0.2096310663901811,LOW,Ask customer to add funds or use another method,Customer notification,0
TXN01977,CUST0755,1153.48,Wallet,Entertainment,36,11,3,Insufficient Balance,3,63.2,1,12,0,0.0,0.20962073788722893,LOW,Ask customer to add funds or use another method,Customer notification,0
TXN00225,CUST0836,1321.67,Wallet,Utilities,46,3,6,Network Error,2,70.1,0,18,0,0.0,0.2095364140037031,LOW,Retry payment,Automatic retry,0
TXN03898,CUST1068,9928.43,Card,Utilities,7,9,1,Insufficient Balance,2,60.2,0,5,0,0.0,0.20914060204932286,LOW,Ask customer to add funds or use another method,Customer notification,0
TXN01779,CUST0687,1420.11,Net Banking,Utilities,32,9,5,Bank Declined,1,62.9,1,19,0,0.0,0.20902282833130684,LOW,Suggest alternative payment method,Customer notification,0
TXN02524,CUST0254,8457.44,Wallet,Travel,1,2,3,Insufficient Balance,1,39.7,0,17,0,0.0,0.2089192906346787,LOW,Ask customer to add funds or use another method,Customer notification,0
TXN02495,CUST1134,344.23,Net Banking,Utilities,23,2,5,Bank Declined,2,10.4,0,13,0,0.0,0.2088252537467381,LOW,Suggest alternative payment method,Customer notification,0
TXN04750,CUST1231,2126.67,Net Banking,Travel,4,6,7,Authentication Failed,2,52.7,0,9,0,0.0,0.20877165342284304,LOW,Request customer authentication,Customer notification,0
TXN00535,CUST0012,712.67,Wallet,Utilities,4,7,4,Bank Declined,1,64.4,1,20,0,0.0,0.20872804505563983,LOW,Suggest alternative payment method,Customer notification,0
TXN01857,CUST1260,565.88,Card,Shopping,32,11,2,Insufficient Balance,3,58.7,1,2,0,0.0,0.20867422786582485,LOW,Ask customer to add funds or use another method,Customer notification,0
TXN02451,CUST1431,8702.7,Net Banking,Utilities,51,2,7,Bank Declined,2,13.5,1,11,0,0.0,0.20840426084954394,LOW,Suggest alternative payment method,Customer notification,0
TXN00197,CUST0684,2075.1,Wallet,Food,49,9,6,Insufficient Balance,2,23.9,1,6,0,0.0,0.2083679861959599,LOW,Ask customer to add funds or use another method,Customer notification,0
TXN04102,CUST0613,8324.6,Card,Shopping,20,4,1,Insufficient Balance,1,51.9,1,21,0,0.0,0.20830080842518853,LOW,Ask customer to add funds or use another method,Customer notification,0
TXN03436,CUST0959,3429.45,UPI,Utilities,8,9,2,Bank Declined,3,38.0,0,4,0,0.0,0.20825437668554997,LOW,Suggest alternative payment method,Customer notification,0
TXN01868,CUST0395,7940.73,Wallet,Utilities,21,3,5,Bank Declined,1,3.6,0,1,0,0.0,0.20824757779170647,LOW,Suggest alternative payment method,Customer notification,0
TXN03015,CUST0177,1037.34,Wallet,Shopping,32,5,4,Authentication Failed,1,58.2,0,22,0,0.0,0.20823812568448885,LOW,Request customer authentication,Customer notification,0
TXN03278,CUST0222,224.52,Wallet,Food,47,0,3,Authentication Failed,3,39.9,0,14,0,0.0,0.20819069138179,LOW,Request customer authentication,Customer notification,0
TXN00557,CUST0729,8719.28,Net Banking,Utilities,5,4,2,Bank Declined,1,67.9,0,23,0,0.0,0.20807226017761868,LOW,Suggest alternative payment method,Customer notification,0
TXN03955,CUST1083,1913.38,Wallet,Entertainment,28,0,1,Insufficient Balance,2,15.4,0,12,0,0.0,0.2080026386623041,LOW,Ask customer to add funds or use another method,Customer notification,0
TXN00936,CUST0526,3912.52,Net Banking,Entertainment,19,0,7,Insufficient Balance,1,18.6,1,12,0,0.0,0.2079597188277255,LOW,Ask customer to add funds or use another method,Customer notification,0
TXN04339,CUST1482,7520.21,Net Banking,Travel,33,6,2,Bank Declined,3,43.2,0,7,0,0.0,0.20782617715761453,LOW,Suggest alternative payment method,Customer notification,0
TXN04449,CUST0560,7345.55,UPI,Food,42,0,3,Timeout,3,53.8,0,5,0,0.0,0.20763024810380423,LOW,Retry payment after short delay,Automatic retry,0
TXN04248,CUST0032,5042.5,Net Banking,Travel,4,18,7,Insufficient Balance,2,50.9,0,17,0,0.0,0.2075887447952082,LOW,Ask customer to add funds or use another method,Customer notification,0
TXN00242,CUST0187,2078.43,Net Banking,Entertainment,34,11,6,Bank Declined,1,54.2,0,1,0,0.0,0.20753575775058092,LOW,Suggest alternative payment method,Customer notification,0
TXN01404,CUST0998,2683.09,Card,Utilities,21,5,4,Timeout,1,56.8,0,4,0,0.0,0.20747737867950974,LOW,Retry payment after short delay,Automatic retry,0
TXN04229,CUST0869,411.31,Net Banking,Entertainment,58,3,4,Insufficient Balance,2,35.5,0,4,0,0.0,0.20740096848986017,LOW,Ask customer to add funds or use another method,Customer notification,0
TXN04609,CUST0021,8077.35,UPI,Entertainment,10,14,3,Bank Declined,3,70.4,0,4,0,0.0,0.20736946863965713,LOW,Suggest alternative payment method,Customer notification,0
TXN01545,CUST0921,3403.24,Card,Food,34,2,4,Insufficient Balance,2,10.1,0,13,0,0.0,0.20735572432937907,LOW,Ask customer to add funds or use another method,Customer notification,0
TXN04992,CUST0019,8727.92,Net Banking,Utilities,14,12,6,Insufficient Balance,2,29.3,0,8,0,0.0,0.20729855023599333,LOW,Ask customer to add funds or use another method,Customer notification,0
TXN00223,CUST1440,4736.47,UPI,Travel,4,0,6,Network Error,1,68.9,1,13,0,0.0,0.20675357406896278,LOW,Retry payment,Automatic retry,0
TXN01083,CUST0078,4995.76,Wallet,Travel,42,4,1,Insufficient Balance,2,45.0,0,7,0,0.0,0.20649674506152096,LOW,Ask customer to add funds or use another method,Customer notification,0
TXN04108,CUST0010,9617.21,Wallet,Food,35,2,5,Authentication Failed,2,42.4,0,4,0,0.0,0.20643351802440574,LOW,Request customer authentication,Customer notification,0
TXN02583,CUST1495,2680.68,Wallet,Food,37,4,0,Bank Declined,2,71.0,0,18,0,0.0,0.20643188495254947,LOW,Suggest alternative payment method,Customer notification,0
TXN01611,CUST0011,2868.4,Net Banking,Shopping,37,1,6,Timeout,1,55.8,0,13,0,0.0,0.20638846510290104,LOW,Retry payment after short delay,Automatic retry,0
TXN04168,CUST0791,8422.26,Card,Entertainment,26,9,1,Insufficient Balance,2,66.2,0,1,0,0.0,0.2063460844174463,LOW,Ask customer to add funds or use another method,Customer notification,0
TXN04895,CUST0239,4343.78,Net Banking,Shopping,12,9,4,Insufficient Balance,2,49.7,1,21,0,0.0,0.20592139794530234,LOW,Ask customer to add funds or use another method,Customer notification,0
TXN04918,CUST0161,8350.44,UPI,Entertainment,27,9,4,Bank Declined,3,51.8,1,0,0,0.0,0.2057968338405843,LOW,Suggest alternative payment method,Customer notification,0
TXN02333,CUST0805,136.65,Net Banking,Shopping,28,2,7,Bank Declined,1,11.2,0,20,0,0.0,0.20577201023499178,LOW,Suggest alternative payment method,Customer notification,0
TXN00883,CUST0667,4284.29,Net Banking,Food,44,6,1,Insufficient Balance,3,48.5,0,4,0,0.0,0.20576785804205172,LOW,Ask customer to add funds or use another method,Customer notification,0
TXN00400,CUST0321,265.89,Card,Entertainment,44,11,5,Bank Declined,1,69.8,1,0,0,0.0,0.2057479354042443,LOW,Suggest alternative payment method,Customer notification,0
TXN00768,CUST0853,2894.4,Card,Shopping,8,8,7,Bank Declined,1,35.2,0,11,0,0.0,0.2054811122607191,LOW,Suggest alternative payment method,Customer notification,0
TXN03161,CUST0588,7714.17,UPI,Food,40,8,7,Insufficient Balance,2,15.9,0,3,0,0.0,0.20544355042637355,LOW,Ask customer to add funds or use another method,Customer notification,0
TXN02128,CUST0375,6576.78,Card,Travel,23,0,6,Authentication Failed,2,25.7,0,9,0,0.0,0.20541904008730139,LOW,Request customer authentication,Customer notification,0
TXN03046,CUST1092,4117.54,UPI,Utilities,32,11,7,Bank Declined,3,52.1,0,20,0,0.0,0.2053440702102364,LOW,Suggest alternative payment method,Customer notification,0
TXN00098,CUST0217,303.16,Net Banking,Shopping,36,3,7,Timeout,3,64.2,0,13,0,0.0,0.2053320430350562,LOW,Retry payment after short delay,Automatic retry,0
TXN04264,CUST1126,1089.85,Wallet,Travel,16,15,6,Insufficient Balance,3,7.7,0,0,0,0.0,0.20523111810030373,LOW,Ask customer to add funds or use another method,Customer notification,0
TXN02094,CUST0198,2724.62,Net Banking,Food,55,0,5,Network Error,2,57.4,0,0,0,0.0,0.20454485103090672,LOW,Retry payment,Automatic retry,0
TXN03197,CUST0201,9483.85,Net Banking,Utilities,25,2,6,Authentication Failed,2,49.9,1,16,0,0.0,0.20451886129056684,LOW,Request customer authentication,Customer notification,0
TXN03739,CUST0111,9622.69,Net Banking,Shopping,38,10,5,Bank Declined,1,65.5,0,5,0,0.0,0.2042779964685715,LOW,Suggest alternative payment method,Customer notification,0
TXN00315,CUST0640,3021.22,UPI,Entertainment,36,9,0,Insufficient Balance,2,62.8,0,12,0,0.0,0.2042252975887694,LOW,Ask customer to add funds or use another method,Customer notification,0
TXN04859,CUST0490,8318.91,Card,Utilities,7,3,6,Authentication Failed,3,36.1,0,22,0,0.0,0.20421705763694187,LOW,Request customer authentication,Customer notification,0
TXN02638,CUST0726,2183.55,Card,Shopping,11,4,1,Authentication Failed,2,68.5,0,2,0,0.0,0.20403578533176256,LOW,Request customer authentication,Customer notification,0
TXN03720,CUST0910,3252.67,Wallet,Shopping,55,9,5,Insufficient Balance,3,29.5,1,12,0,0.0,0.20385302723912907,LOW,Ask customer to add funds or use another method,Customer notification,0
TXN01285,CUST1137,5750.54,UPI,Shopping,6,2,4,Insufficient Balance,2,2.1,0,23,0,0.0,0.20369698769902939,LOW,Ask customer to add funds or use another method,Customer notification,0
TXN04131,CUST1106,2820.5,UPI,Food,2,0,3,Insufficient Balance,1,10.8,0,19,0,0.0,0.20362174439389286,LOW,Ask customer to add funds or use another method,Customer notification,0
TXN02919,CUST1326,4530.25,UPI,Entertainment,57,0,5,Timeout,2,63.2,0,9,0,0.0,0.20359387616479843,LOW,Retry payment after short delay,Automatic retry,0
TXN00662,CUST0714,8435.96,Card,Utilities,10,0,5,Bank Declined,1,18.2,0,3,0,0.0,0.20329020812462095,LOW,Suggest alternative payment method,Customer notification,0
TXN02609,CUST0744,8546.44,Wallet,Travel,9,11,6,Insufficient Balance,3,52.5,0,20,0,0.0,0.20325918943352786,LOW,Ask customer to add funds or use another method,Customer notification,0
TXN02974,CUST1423,2161.95,Card,Travel,48,8,7,Authentication Failed,2,51.5,0,4,0,0.0,0.20309972436887253,LOW,Request customer authentication,Customer notification,0
TXN03145,CUST1500,9134.73,UPI,Travel,43,8,0,Insufficient Balance,3,69.4,0,18,0,0.0,0.20304095785403287,LOW,Ask customer to add funds or use another method,Customer notification,0
TXN03223,CUST0219,5641.2,Net Banking,Food,30,2,7,Authentication Failed,3,57.3,1,6,0,0.0,0.20294349062654146,LOW,Request customer authentication,Customer notification,0
TXN03473,CUST1462,9043.03,Card,Shopping,16,10,7,Insufficient Balance,2,39.0,0,14,0,0.0,0.20231888727098613,LOW,Ask customer to add funds or use another method,Customer notification,0
TXN01673,CUST1275,8698.71,Card,Travel,33,6,5,Bank Declined,1,45.9,0,19,0,0.0,0.20215636703896445,LOW,Suggest alternative payment method,Customer notification,0
TXN00587,CUST0177,1496.97,Net Banking,Entertainment,25,1,3,Timeout,3,61.0,0,12,0,0.0,0.201861250683992,LOW,Retry payment after short delay,Automatic retry,0
TXN04122,CUST1383,5778.92,Wallet,Food,7,4,7,Network Error,2,29.7,1,5,0,0.0,0.20171089954361066,LOW,Retry payment,Automatic retry,0
TXN00339,CUST0816,1147.95,Net Banking,Food,41,10,5,Insufficient Balance,3,14.4,0,21,0,0.0,0.20159541814862095,LOW,Ask customer to add funds or use another method,Customer notification,0
TXN02870,CUST1100,233.79,Net Banking,Shopping,13,13,5,Insufficient Balance,3,40.5,0,0,0,0.0,0.20152121092765987,LOW,Ask customer to add funds or use another method,Customer notification,0
TXN00104,CUST1181,1784.14,Wallet,Utilities,3,5,1,Insufficient Balance,3,22.9,1,0,0,0.0,0.20152036570606527,LOW,Ask customer to add funds or use another method,Customer notification,0
TXN01488,CUST0216,3209.03,Net Banking,Travel,8,15,6,Insufficient Balance,3,50.7,1,1,0,0.0,0.2014672587567712,LOW,Ask customer to add funds or use another method,Customer notification,0
TXN02187,CUST0822,7235.18,Card,Shopping,4,4,7,Insufficient Balance,2,2.4,0,23,0,0.0,0.20140522058656912,LOW,Ask customer to add funds or use another method,Customer notification,0
TXN02585,CUST0901,106.21,Wallet,Entertainment,31,6,3,Insufficient Balance,3,26.1,1,17,0,0.0,0.2013833520967866,LOW,Ask customer to add funds or use another method,Customer notification,0
TXN03506,CUST0559,146.65,Card,Shopping,18,3,5,Bank Declined,2,26.3,1,20,0,0.0,0.2012612368450223,LOW,Suggest alternative payment method,Customer notification,0
TXN00375,CUST1347,2260.77,Wallet,Entertainment,9,13,6,Insufficient Balance,2,21.2,0,11,0,0.0,0.20119832189410394,LOW,Ask customer to add funds or use another method,Customer notification,0
TXN01490,CUST0661,2244.13,Card,Entertainment,31,1,2,Network Error,3,48.4,0,7,0,0.0,0.2011844446642156,LOW,Retry payment,Automatic retry,0
TXN02408,CUST0446,2843.73,UPI,Shopping,14,0,7,Timeout,1,26.9,0,19,0,0.0,0.20114348409750768,LOW,Retry payment after short delay,Automatic retry,0
TXN03272,CUST0820,2350.49,Card,Entertainment,2,4,3,Network Error,3,34.5,0,5,0,0.0,0.20095091314354005,LOW,Retry payment,Automatic retry,0
TXN01662,CUST1487,3993.29,Wallet,Shopping,1,6,3,Authentication Failed,2,66.0,0,2,0,0.0,0.20086820525049506,LOW,Request customer authentication,Customer notification,0
TXN01658,CUST0738,5520.43,Net Banking,Utilities,19,4,4,Timeout,2,46.6,0,18,0,0.0,0.20068600483907797,LOW,Retry payment after short delay,Automatic retry,0
TXN02174,CUST1348,8706.59,UPI,Shopping,4,8,5,Authentication Failed,2,48.7,0,0,0,0.0,0.20050434270683617,LOW,Request customer authentication,Customer notification,0
TXN02691,CUST0463,1240.04,Wallet,Food,9,0,1,Timeout,2,50.8,0,8,0,0.0,0.2004255234788228,LOW,Retry payment after short delay,Automatic retry,0
TXN02819,CUST1401,468.49,UPI,Travel,58,0,3,Bank Declined,1,52.8,1,6,0,0.0,0.2002596968189904,LOW,Suggest alternative payment method,Customer notification,0
TXN03048,CUST0214,1212.62,UPI,Shopping,11,10,6,Insufficient Balance,1,58.8,1,11,0,0.0,0.19997203304213404,LOW,Ask customer to add funds or use another method,Customer notification,0
TXN02516,CUST0092,7446.02,Net Banking,Entertainment,2,2,5,Network Error,3,38.8,1,6,0,0.0,0.19983103236456476,LOW,Retry payment,Automatic retry,0
TXN00054,CUST0601,9165.16,Net Banking,Shopping,11,6,5,Bank Declined,1,36.1,0,17,0,0.0,0.19981280439554627,LOW,Suggest alternative payment method,Customer notification,0
TXN04509,CUST0915,9691.28,Card,Utilities,12,7,6,Authentication Failed,3,68.3,1,11,0,0.0,0.1994480619221778,LOW,Request customer authentication,Customer notification,0
TXN02208,CUST0962,9948.27,Wallet,Shopping,1,13,7,Bank Declined,3,25.3,0,14,0,0.0,0.19939906070444655,LOW,Suggest alternative payment method,Customer notification,0
TXN02579,CUST0246,8677.87,Wallet,Utilities,51,8,4,Authentication Failed,3,69.2,0,7,0,0.0,0.19931430950087,LOW,Request customer authentication,Customer notification,0
TXN03295,CUST1493,209.03,Card,Travel,51,2,6,Timeout,3,68.0,0,1,0,0.0,0.19892686595484854,LOW,Retry payment after short delay,Automatic retry,0
TXN03479,CUST0073,7575.1,Net Banking,Shopping,17,2,7,Timeout,1,64.2,1,20,0,0.0,0.1988830920200034,LOW,Retry payment after short delay,Automatic retry,0
TXN03673,CUST1373,7267.49,UPI,Food,21,0,0,Insufficient Balance,3,8.8,1,13,0,0.0,0.19882279412844525,LOW,Ask customer to add funds or use another method,Customer notification,0
TXN03443,CUST0563,394.93,UPI,Entertainment,26,3,6,Authentication Failed,1,49.7,0,21,0,0.0,0.19876083507580106,LOW,Request customer authentication,Customer notification,0
TXN03011,CUST0028,4366.78,Wallet,Entertainment,33,5,1,Insufficient Balance,3,7.8,0,2,0,0.0,0.19874574784792806,LOW,Ask customer to add funds or use another method,Customer notification,0
TXN01610,CUST1368,4138.11,Net Banking,Utilities,58,2,3,Insufficient Balance,1,52.3,1,21,0,0.0,0.19863196402123015,LOW,Ask customer to add funds or use another method,Customer notification,0
TXN03914,CUST0409,6493.02,Wallet,Food,30,10,7,Insufficient Balance,3,23.6,0,4,0,0.0,0.19858768278581515,LOW,Ask customer to add funds or use another method,Customer notification,0
TXN00043,CUST0958,8827.99,Wallet,Travel,1,5,5,Authentication Failed,3,48.3,1,21,0,0.0,0.1984899393501503,LOW,Request customer authentication,Customer notification,0
TXN02747,CUST0647,3956.21,Wallet,Travel,40,6,2,Bank Declined,2,67.7,1,13,0,0.0,0.19831268582900777,LOW,Suggest alternative payment method,Customer notification,0
TXN04469,CUST0917,3164.64,Wallet,Entertainment,28,5,6,Insufficient Balance,1,27.5,0,7,0,0.0,0.1982368677363514,LOW,Ask customer to add funds or use another method,Customer notification,0
TXN02468,CUST0678,9306.36,UPI,Shopping,57,1,5,Insufficient Balance,2,41.0,1,8,0,0.0,0.19802249380482725,LOW,Ask customer to add funds or use another method,Customer notification,0
TXN01241,CUST0063,3562.98,Net Banking,Utilities,3,1,2,Bank Declined,2,36.5,0,7,0,0.0,0.19787562327964442,LOW,Suggest alternative payment method,Customer notification,0
TXN03392,CUST0779,9625.74,Wallet,Utilities,36,11,5,Insufficient Balance,2,66.5,0,16,0,0.0,0.19779857675987006,LOW,Ask customer to add funds or use another method,Customer notification,0
TXN02642,CUST0956,911.91,Wallet,Utilities,40,10,4,Insufficient Balance,3,27.5,1,15,0,0.0,0.19769151604160864,LOW,Ask customer to add funds or use another method,Customer notification,0
TXN03794,CUST1465,824.11,Net Banking,Travel,16,10,4,Bank Declined,2,47.2,0,16,0,0.0,0.19766947378928554,LOW,Suggest alternative payment method,Customer notification,0
TXN03322,CUST0820,4705.53,UPI,Food,18,0,0,Insufficient Balance,2,4.8,0,6,0,0.0,0.19764704614842413,LOW,Ask customer to add funds or use another method,Customer notification,0
TXN01220,CUST0537,6798.78,Card,Entertainment,1,7,4,Insufficient Balance,1,70.0,1,12,0,0.0,0.1972169341595378,LOW,Ask customer to add funds or use another method,Customer notification,0
TXN01196,CUST1431,1853.56,UPI,Travel,38,7,6,Insufficient Balance,2,15.4,1,7,0,0.0,0.1971501040066123,LOW,Ask customer to add funds or use another method,Customer notification,0
TXN04864,CUST1293,4846.22,Wallet,Utilities,22,9,3,Insufficient Balance,2,62.0,0,6,0,0.0,0.19683311620162486,LOW,Ask customer to add funds or use another method,Customer notification,0
TXN02801,CUST0923,4252.87,UPI,Shopping,23,1,4,Timeout,1,48.0,0,2,0,0.0,0.19660805151827532,LOW,Retry payment after short delay,Automatic retry,0
TXN04507,CUST0379,1536.55,Wallet,Shopping,20,10,6,Insufficient Balance,2,71.4,1,11,0,0.0,0.19654881826792917,LOW,Ask customer to add funds or use another method,Customer notification,0
TXN02519,CUST0989,6367.54,Wallet,Food,53,7,6,Insufficient Balance,2,44.9,1,20,0,0.0,0.19654508750259936,LOW,Ask customer to add funds or use another method,Customer notification,0
TXN01302,CUST1415,7465.88,Wallet,Utilities,12,2,2,Bank Declined,1,35.7,0,2,0,0.0,0.1965251619508487,LOW,Suggest alternative payment method,Customer notification,0
TXN03828,CUST0218,7474.17,Net Banking,Travel,13,11,5,Insufficient Balance,3,46.0,0,11,0,0.0,0.19624779557225516,LOW,Ask customer to add funds or use another method,Customer notification,0
TXN03155,CUST1388,6981.69,Net Banking,Shopping,23,0,5,Timeout,2,66.5,0,7,0,0.0,0.19622547010715582,LOW,Retry payment after short delay,Automatic retry,0
TXN00120,CUST1018,1825.01,UPI,Food,32,6,6,Bank Declined,3,23.3,1,1,0,0.0,0.1959690921438985,LOW,Suggest alternative payment method,Customer notification,0
TXN02064,CUST1281,4501.81,Net Banking,Food,19,5,5,Insufficient Balance,2,4.0,0,13,0,0.0,0.19563643241133666,LOW,Ask customer to add funds or use another method,Customer notification,0
TXN03022,CUST0022,6883.49,Wallet,Utilities,25,2,4,Timeout,3,45.0,0,14,0,0.0,0.19544131005583434,LOW,Retry payment after short delay,Automatic retry,0
TXN03005,CUST0598,2598.78,Card,Shopping,35,4,5,Bank Declined,1,42.5,0,0,0,0.0,0.19523307359446165,LOW,Suggest alternative payment method,Customer notification,0
TXN00907,CUST0047,2074.17,Card,Food,8,2,0,Timeout,2,53.3,0,23,0,0.0,0.19517121302927345,LOW,Retry payment after short delay,Automatic retry,0
TXN00713,CUST0971,3057.95,Wallet,Utilities,59,4,2,Insufficient Balance,2,48.1,0,17,0,0.0,0.19515293830028707,LOW,Ask customer to add funds or use another method,Customer notification,0
TXN02390,CUST0727,5050.34,Net Banking,Food,26,5,0,Bank Declined,2,64.0,0,0,0,0.0,0.1950716909960567,LOW,Suggest alternative payment method,Customer notification,0
TXN04144,CUST1302,3773.95,Wallet,Utilities,22,13,5,Insufficient Balance,3,35.1,0,6,0,0.0,0.19499645447459416,LOW,Ask customer to add funds or use another method,Customer notification,0
TXN02510,CUST0964,2761.68,UPI,Food,44,9,7,Authentication Failed,3,48.5,0,22,0,0.0,0.19496597806237873,LOW,Request customer authentication,Customer notification,0
TXN04075,CUST1165,4989.11,Card,Travel,35,9,2,Bank Declined,2,65.5,0,6,0,0.0,0.1948842977044979,LOW,Suggest alternative payment method,Customer notification,0
TXN04665,CUST1263,7653.63,Wallet,Entertainment,3,10,4,Bank Declined,2,65.1,0,23,0,0.0,0.19468765197504298,LOW,Suggest alternative payment method,Customer notification,0
TXN03305,CUST0977,7920.75,Wallet,Entertainment,34,9,7,Bank Declined,3,40.2,0,16,0,0.0,0.194441098737911,LOW,Suggest alternative payment method,Customer notification,0
TXN03408,CUST0602,3376.82,Card,Shopping,58,6,1,Bank Declined,3,63.0,0,18,0,0.0,0.19440516778244019,LOW,Suggest alternative payment method,Customer notification,0
TXN04856,CUST0899,1023.65,UPI,Food,45,3,7,Timeout,2,62.9,0,22,0,0.0,0.19420595826052495,LOW,Retry payment after short delay,Automatic retry,0
TXN01851,CUST0527,5263.35,UPI,Utilities,17,0,7,Network Error,1,46.8,1,0,0,0.0,0.1940141250203852,LOW,Retry payment,Automatic retry,0
TXN02095,CUST0485,4376.9,Card,Entertainment,35,3,4,Bank Declined,1,40.9,0,5,0,0.0,0.19395233656096889,LOW,Suggest alternative payment method,Customer notification,0
TXN02716,CUST0783,7275.39,Card,Food,15,3,4,Authentication Failed,3,67.1,1,22,0,0.0,0.19383885353297942,LOW,Request customer authentication,Customer notification,0
TXN04363,CUST1150,2766.66,Card,Entertainment,5,4,5,Timeout,2,58.2,0,5,0,0.0,0.19361166448705422,LOW,Retry payment after short delay,Automatic retry,0
TXN01056,CUST0785,4182.79,UPI,Food,4,1,0,Network Error,2,70.8,0,12,0,0.0,0.19349119468924594,LOW,Retry payment,Automatic retry,0
TXN04465,CUST1339,7838.7,Net Banking,Travel,16,1,4,Network Error,2,49.5,0,0,0,0.0,0.19347315837686221,LOW,Retry payment,Automatic retry,0
TXN02036,CUST0014,6392.76,Wallet,Shopping,9,7,6,Insufficient Balance,2,19.0,0,14,0,0.0,0.19290874673475375,LOW,Ask customer to add funds or use another method,Customer notification,0
TXN04113,CUST0667,1142.13,Net Banking,Utilities,50,3,0,Bank Declined,2,70.2,0,1,0,0.0,0.1928067981033416,LOW,Suggest alternative payment method,Customer notification,0
TXN03159,CUST0982,9099.72,Wallet,Utilities,16,7,4,Authentication Failed,3,57.8,0,12,0,0.0,0.19256206482937194,LOW,Request customer authentication,Customer notification,0
TXN02775,CUST0703,6955.89,UPI,Food,49,1,4,Bank Declined,2,44.6,1,15,0,0.0,0.1922607165002602,LOW,Suggest alternative payment method,Customer notification,0
TXN02821,CUST0587,6763.8,Net Banking,Utilities,16,5,6,Insufficient Balance,2,9.5,1,18,0,0.0,0.19216130304601436,LOW,Ask customer to add funds or use another method,Customer notification,0
TXN01168,CUST0396,3304.94,Net Banking,Utilities,53,4,7,Insufficient Balance,1,57.2,0,2,0,0.0,0.1921524888134972,LOW,Ask customer to add funds or use another method,Customer notification,0
TXN03426,CUST0594,8164.2,Card,Shopping,16,4,7,Network Error,2,71.6,0,16,0,0.0,0.19203121567020942,LOW,Retry payment,Automatic retry,0
TXN04744,CUST0821,3017.68,Card,Food,34,3,2,Insufficient Balance,3,5.7,0,5,0,0.0,0.191973228522309,LOW,Ask customer to add funds or use another method,Customer notification,0
TXN02230,CUST1350,6637.84,Card,Food,6,7,2,Bank Declined,3,37.3,0,7,0,0.0,0.19193523438093762,LOW,Suggest alternative payment method,Customer notification,0
TXN03213,CUST0460,4366.32,Net Banking,Food,16,9,7,Bank Declined,1,55.3,0,16,0,0.0,0.19184823832999495,LOW,Suggest alternative payment method,Customer notification,0
TXN03164,CUST1301,5551.84,Card,Entertainment,4,3,6,Authentication Failed,2,28.1,0,3,0,0.0,0.1917611119750728,LOW,Request customer authentication,Customer notification,0
TXN04340,CUST1113,6342.54,Card,Shopping,6,3,2,Insufficient Balance,3,26.0,1,9,0,0.0,0.19137643692515602,LOW,Ask customer to add funds or use another method,Customer notification,0
TXN02392,CUST0770,5864.15,Net Banking,Shopping,6,2,1,Bank Declined,1,72.0,0,12,0,0.0,0.19123897655732466,LOW,Suggest alternative payment method,Customer notification,0
TXN04756,CUST0025,1290.48,Net Banking,Food,49,3,4,Insufficient Balance,2,36.4,0,5,0,0.0,0.19088838803562225,LOW,Ask customer to add funds or use another method,Customer notification,0
TXN04622,CUST0283,3344.93,UPI,Travel,9,8,5,Network Error,2,70.4,0,7,0,0.0,0.1907081294035972,LOW,Retry payment,Automatic retry,0
TXN00382,CUST0490,856.75,Net Banking,Food,12,3,4,Timeout,3,41.2,0,4,0,0.0,0.1903892260165007,LOW,Retry payment after short delay,Automatic retry,0
TXN03454,CUST0296,5155.76,Net Banking,Shopping,28,4,4,Insufficient Balance,1,45.1,0,17,0,0.0,0.19012892758073946,LOW,Ask customer to add funds or use another method,Customer notification,0
TXN02597,CUST0995,1056.74,Wallet,Utilities,14,3,7,Timeout,3,19.1,0,20,0,0.0,0.19003405005692867,LOW,Retry payment after short delay,Automatic retry,0
TXN03057,CUST1001,3947.88,UPI,Entertainment,12,2,6,Timeout,3,29.5,0,12,0,0.0,0.18978717138734014,LOW,Retry payment after short delay,Automatic retry,0
TXN03167,CUST0190,5249.33,Net Banking,Food,7,6,6,Insufficient Balance,2,41.2,0,1,0,0.0,0.18951230995859647,LOW,Ask customer to add funds or use another method,Customer notification,0
TXN00571,CUST0663,1343.1,Wallet,Food,33,8,6,Bank Declined,3,3.9,0,1,0,0.0,0.1894428571731481,LOW,Suggest alternative payment method,Customer notification,0
TXN04905,CUST0923,1336.71,Card,Entertainment,25,5,2,Bank Declined,3,63.9,1,3,0,0.0,0.18940657687304965,LOW,Suggest alternative payment method,Customer notification,0
TXN00952,CUST0714,7800.33,Card,Utilities,24,0,7,Insufficient Balance,1,1.2,0,22,0,0.0,0.18932855762452708,LOW,Ask customer to add funds or use another method,Customer notification,0
TXN04210,CUST0700,1286.89,Wallet,Utilities,30,0,3,Network Error,3,57.6,0,20,0,0.0,0.18918878531101094,LOW,Retry payment,Automatic retry,0
TXN00221,CUST1077,2344.74,Net Banking,Food,38,2,7,Authentication Failed,1,61.6,0,14,0,0.0,0.18887382943470143,LOW,Request customer authentication,Customer notification,0
TXN00873,CUST1207,3139.03,Net Banking,Shopping,1,3,6,Bank Declined,1,1.5,0,8,0,0.0,0.18883661493664028,LOW,Suggest alternative payment method,Customer notification,0
TXN00173,CUST0796,5631.78,Net Banking,Utilities,24,5,3,Insufficient Balance,1,53.1,1,23,0,0.0,0.1888124395891057,LOW,Ask customer to add funds or use another method,Customer notification,0
TXN01577,CUST0377,1491.42,Net Banking,Travel,23,0,5,Timeout,1,63.8,0,8,0,0.0,0.1887102476313312,LOW,Retry payment after short delay,Automatic retry,0
TXN04234,CUST1209,1828.65,Net Banking,Travel,54,3,3,Authentication Failed,3,61.9,0,5,0,0.0,0.18870813722862903,LOW,Request customer authentication,Customer notification,0
TXN04643,CUST0829,9519.28,UPI,Utilities,57,2,1,Insufficient Balance,2,71.5,1,20,0,0.0,0.18858511860872876,LOW,Ask customer to add funds or use another method,Customer notification,0
TXN00697,CUST1237,1364.97,Net Banking,Utilities,19,6,7,Timeout,2,51.3,0,0,0,0.0,0.18830216384677012,LOW,Retry payment after short delay,Automatic retry,0
TXN03191,CUST0483,3522.0,Card,Utilities,24,0,1,Insufficient Balance,2,42.7,0,17,0,0.0,0.1882570111437984,LOW,Ask customer to add funds or use another method,Customer notification,0
TXN04235,CUST1406,3290.38,Wallet,Shopping,2,4,1,Authentication Failed,3,58.5,0,3,0,0.0,0.18804085620509978,LOW,Request customer authentication,Customer notification,0
TXN02853,CUST0698,3099.16,Card,Utilities,6,4,2,Timeout,3,60.9,0,14,0,0.0,0.18800766341059055,LOW,Retry payment after short delay,Automatic retry,0
TXN03633,CUST1023,5265.26,Card,Food,9,6,7,Timeout,2,51.7,0,15,0,0.0,0.18798028417709067,LOW,Retry payment after short delay,Automatic retry,0
TXN03495,CUST1142,5164.75,Net Banking,Entertainment,17,0,1,Bank Declined,3,29.7,0,8,0,0.0,0.18793660181716387,LOW,Suggest alternative payment method,Customer notification,0
TXN03120,CUST0366,5584.3,Card,Travel,4,2,6,Insufficient Balance,1,21.1,1,1,0,0.0,0.1878024439815277,LOW,Ask customer to add funds or use another method,Customer notification,0
TXN00879,CUST0900,4001.95,Net Banking,Entertainment,53,5,4,Bank Declined,1,48.8,0,2,0,0.0,0.18774267424302352,LOW,Suggest alternative payment method,Customer notification,0
TXN00700,CUST1253,6877.8,Net Banking,Shopping,3,0,4,Timeout,3,37.0,0,18,0,0.0,0.1875231608863201,LOW,Retry payment after short delay,Automatic retry,0
TXN01377,CUST0521,1244.03,Net Banking,Utilities,14,2,2,Network Error,3,43.1,1,14,0,0.0,0.18728851967848023,LOW,Retry payment,Automatic retry,0
TXN01440,CUST0744,5906.47,UPI,Utilities,7,3,1,Authentication Failed,2,65.5,0,3,0,0.0,0.1872097999429021,LOW,Request customer authentication,Customer notification,0
TXN03237,CUST0424,8323.29,Card,Food,36,1,6,Authentication Failed,3,26.7,0,13,0,0.0,0.1871349121728377,LOW,Request customer authentication,Customer notification,0
TXN04902,CUST0685,6118.8,Card,Utilities,13,6,7,Bank Declined,1,59.6,1,17,0,0.0,0.18713171893396965,LOW,Suggest alternative payment method,Customer notification,0
TXN00581,CUST0596,3187.93,Wallet,Travel,51,4,3,Insufficient Balance,3,6.8,0,4,0,0.0,0.18712830360824698,LOW,Ask customer to add funds or use another method,Customer notification,0
TXN00563,CUST0457,2240.88,Wallet,Food,48,3,3,Insufficient Balance,3,29.3,0,20,0,0.0,0.18693361292857483,LOW,Ask customer to add funds or use another method,Customer notification,0
TXN03274,CUST1227,5032.17,Card,Utilities,43,4,0,Bank Declined,3,64.5,1,22,0,0.0,0.18685966799459444,LOW,Suggest alternative payment method,Customer notification,0
TXN02065,CUST0133,368.1,Wallet,Entertainment,57,4,5,Insufficient Balance,2,7.6,0,21,0,0.0,0.1868112901262805,LOW,Ask customer to add funds or use another method,Customer notification,0
TXN03353,CUST0362,4161.9,UPI,Shopping,17,1,5,Timeout,2,53.0,1,5,0,0.0,0.18677459555309095,LOW,Retry payment after short delay,Automatic retry,0
TXN03294,CUST0494,140.65,Card,Entertainment,43,7,6,Authentication Failed,2,56.9,0,19,0,0.0,0.18668071694160393,LOW,Request customer authentication,Customer notification,0
TXN04418,CUST0387,1438.89,UPI,Food,52,7,5,Insufficient Balance,3,21.8,1,18,0,0.0,0.1866183924978569,LOW,Ask customer to add funds or use another method,Customer notification,0
TXN03244,CUST0947,8770.05,UPI,Utilities,5,10,5,Insufficient Balance,3,50.8,0,21,0,0.0,0.1865846261982376,LOW,Ask customer to add funds or use another method,Customer notification,0
TXN04836,CUST1392,1424.23,Net Banking,Travel,10,6,3,Network Error,2,47.7,0,20,0,0.0,0.186442342507872,LOW,Retry payment,Automatic retry,0
TXN00188,CUST1283,5930.44,UPI,Entertainment,23,1,6,Authentication Failed,2,56.9,1,0,0,0.0,0.186441126811321,LOW,Request customer authentication,Customer notification,0
TXN00421,CUST0682,6845.39,UPI,Travel,55,7,7,Insufficient Balance,1,56.9,1,11,0,0.0,0.18642449788667453,LOW,Ask customer to add funds or use another method,Customer notification,0
TXN04172,CUST0754,8076.89,Net Banking,Shopping,28,4,5,Bank Declined,2,31.6,0,16,0,0.0,0.1864064640884092,LOW,Suggest alternative payment method,Customer notification,0
TXN04123,CUST0718,8233.2,Net Banking,Travel,5,1,5,Bank Declined,3,8.3,1,17,0,0.0,0.18620053791891386,LOW,Suggest alternative payment method,Customer notification,0
TXN04409,CUST1436,2361.87,UPI,Food,1,1,3,Network Error,2,39.1,1,13,0,0.0,0.1861183863338037,LOW,Retry payment,Automatic retry,0
TXN04021,CUST0453,9611.08,Card,Utilities,54,6,7,Bank Declined,3,47.0,0,20,0,0.0,0.18599301790563735,LOW,Suggest alternative payment method,Customer notification,0
TXN03218,CUST1231,5897.06,Wallet,Shopping,48,1,4,Authentication Failed,2,49.1,0,18,0,0.0,0.18596049446103574,LOW,Request customer authentication,Customer notification,0
TXN02655,CUST0087,2932.29,Net Banking,Utilities,50,2,3,Insufficient Balance,2,24.6,0,14,0,0.0,0.18575066246853236,LOW,Ask customer to add funds or use another method,Customer notification,0
TXN04357,CUST1234,9346.12,UPI,Entertainment,3,9,7,Insufficient Balance,3,21.1,0,3,0,0.0,0.18562817551231914,LOW,Ask customer to add funds or use another method,Customer notification,0
TXN00817,CUST1078,1743.92,UPI,Utilities,16,0,5,Insufficient Balance,1,18.6,1,12,0,0.0,0.1853270565945097,LOW,Ask customer to add funds or use another method,Customer notification,0
TXN00627,CUST1033,6064.45,Wallet,Entertainment,26,1,1,Insufficient Balance,2,34.3,0,2,0,0.0,0.18525715118792785,LOW,Ask customer to add funds or use another method,Customer notification,0
TXN03215,CUST0551,4436.42,Net Banking,Travel,46,3,4,Bank Declined,3,34.5,0,15,0,0.0,0.1852467944469967,LOW,Suggest alternative payment method,Customer notification,0
TXN04009,CUST1266,8439.48,Net Banking,Food,57,2,1,Insufficient Balance,3,55.7,1,5,0,0.0,0.185134974217028,LOW,Ask customer to add funds or use another method,Customer notification,0
TXN00596,CUST1408,397.21,Net Banking,Food,19,8,5,Insufficient Balance,3,8.5,0,12,0,0.0,0.18504934840863968,LOW,Ask customer to add funds or use another method,Customer notification,0
TXN04250,CUST0162,1777.03,Card,Shopping,28,11,6,Bank Declined,2,66.2,0,23,0,0.0,0.1847067184375077,LOW,Suggest alternative payment method,Customer notification,0
TXN02058,CUST0630,2681.02,Net Banking,Travel,56,2,2,Bank Declined,1,70.0,0,18,0,0.0,0.18465844518944186,LOW,Suggest alternative payment method,Customer notification,0
TXN00275,CUST1061,5475.91,Card,Travel,6,1,0,Authentication Failed,2,66.2,0,16,0,0.0,0.18450571630568824,LOW,Request customer authentication,Customer notification,0
TXN04809,CUST0040,3663.15,Wallet,Shopping,57,3,6,Bank Declined,2,34.9,0,15,0,0.0,0.18448494401418639,LOW,Suggest alternative payment method,Customer notification,0
TXN04617,CUST0069,6559.6,Card,Shopping,10,8,5,Authentication Failed,3,61.4,0,16,0,0.0,0.1839080150926974,LOW,Request customer authentication,Customer notification,0
TXN03626,CUST0147,4422.16,Card,Entertainment,52,5,6,Authentication Failed,3,55.9,0,23,0,0.0,0.18344145799471864,LOW,Request customer authentication,Customer notification,0
TXN02274,CUST1063,2308.55,Wallet,Entertainment,35,3,4,Insufficient Balance,1,41.3,0,9,0,0.0,0.1832120971499357,LOW,Ask customer to add funds or use another method,Customer notification,0
TXN01330,CUST0910,8642.93,Net Banking,Food,6,2,7,Network Error,3,36.5,1,10,0,0.0,0.18316743195800142,LOW,Retry payment,Automatic retry,0
TXN02536,CUST0690,9685.27,Card,Travel,1,4,6,Timeout,3,46.6,0,6,0,0.0,0.1831423106233881,LOW,Retry payment after short delay,Automatic retry,0
TXN03690,CUST0113,791.01,UPI,Travel,4,4,3,Network Error,2,50.0,0,5,0,0.0,0.18297773492780478,LOW,Retry payment,Automatic retry,0
TXN02525,CUST1154,1479.09,Net Banking,Utilities,15,5,5,Insufficient Balance,2,20.1,0,14,0,0.0,0.1829590158868448,LOW,Ask customer to add funds or use another method,Customer notification,0
TXN01978,CUST0035,8235.35,Net Banking,Entertainment,18,0,2,Insufficient Balance,3,24.8,0,20,0,0.0,0.18252609176068268,LOW,Ask customer to add funds or use another method,Customer notification,0
TXN03532,CUST1368,4201.84,Card,Shopping,15,13,1,Bank Declined,3,71.0,0,0,0,0.0,0.18252452124794982,LOW,Suggest alternative payment method,Customer notification,0
TXN01956,CUST0087,4556.09,UPI,Entertainment,6,10,3,Bank Declined,3,45.7,0,10,0,0.0,0.18233279967099758,LOW,Suggest alternative payment method,Customer notification,0
TXN01415,CUST0821,4829.65,Card,Utilities,11,3,3,Bank Declined,2,29.7,0,5,0,0.0,0.18202016369067572,LOW,Suggest alternative payment method,Customer notification,0
TXN03438,CUST0202,2920.64,Wallet,Travel,16,3,6,Insufficient Balance,1,17.3,0,23,0,0.0,0.18162349991776497,LOW,Ask customer to add funds or use another method,Customer notification,0
TXN03588,CUST1409,4077.95,UPI,Utilities,21,10,0,Bank Declined,3,62.4,0,20,0,0.0,0.18144128463335898,LOW,Suggest alternative payment method,Customer notification,0
TXN02023,CUST0478,4241.62,Card,Travel,2,4,6,Timeout,1,54.3,0,21,0,0.0,0.181150043702814,LOW,Retry payment after short delay,Automatic retry,0
TXN02795,CUST0874,139.2,Wallet,Food,14,1,1,Timeout,3,45.5,0,22,0,0.0,0.1810933563924811,LOW,Retry payment after short delay,Automatic retry,0
TXN02414,CUST0657,9594.93,Card,Travel,35,8,2,Insufficient Balance,3,50.6,0,5,0,0.0,0.1809786440558092,LOW,Ask customer to add funds or use another method,Customer notification,0
TXN04078,CUST0478,4934.27,UPI,Food,7,1,4,Bank Declined,2,17.6,0,9,0,0.0,0.18088049275401274,LOW,Suggest alternative payment method,Customer notification,0
TXN02803,CUST0937,6691.73,Wallet,Utilities,8,10,4,Bank Declined,2,58.9,0,4,0,0.0,0.180764933608952,LOW,Suggest alternative payment method,Customer notification,0
TXN00488,CUST1009,7823.87,UPI,Utilities,14,6,5,Authentication Failed,2,63.5,0,0,0,0.0,0.180574656938192,LOW,Request customer authentication,Customer notification,0
TXN03642,CUST0704,5753.82,Net Banking,Entertainment,46,11,6,Bank Declined,3,55.4,0,1,0,0.0,0.18040968586419,LOW,Suggest alternative payment method,Customer notification,0
TXN00117,CUST0289,3105.88,Card,Utilities,18,4,0,Insufficient Balance,2,68.0,0,23,0,0.0,0.18034266894580772,LOW,Ask customer to add funds or use another method,Customer notification,0
TXN02394,CUST1233,440.59,Net Banking,Utilities,56,4,5,Bank Declined,1,48.7,1,7,0,0.0,0.18030610828151228,LOW,Suggest alternative payment method,Customer notification,0
TXN04382,CUST0197,796.64,Wallet,Shopping,37,3,0,Insufficient Balance,2,18.2,0,15,0,0.0,0.1801595125282417,LOW,Ask customer to add funds or use another method,Customer notification,0
TXN01291,CUST0925,2885.79,Net Banking,Food,3,8,4,Bank Declined,2,33.4,0,20,0,0.0,0.1801008001137379,LOW,Suggest alternative payment method,Customer notification,0
TXN00036,CUST0511,1797.2,Wallet,Shopping,1,6,4,Insufficient Balance,1,70.9,0,22,0,0.0,0.1800279214936672,LOW,Ask customer to add funds or use another method,Customer notification,0
TXN04404,CUST0202,2442.02,Net Banking,Utilities,9,7,6,Timeout,2,59.4,0,13,0,0.0,0.17986544357636244,LOW,Retry payment after short delay,Automatic retry,0
TXN03061,CUST0881,1537.73,Card,Entertainment,54,4,5,Bank Declined,2,45.3,0,20,0,0.0,0.1795387030065841,LOW,Suggest alternative payment method,Customer notification,0
TXN01934,CUST0111,8967.69,Card,Entertainment,38,10,7,Insufficient Balance,1,63.3,0,17,0,0.0,0.17951081241571715,LOW,Ask customer to add funds or use another method,Customer notification,0
TXN04064,CUST0797,5112.87,Card,Travel,10,0,3,Bank Declined,3,43.5,1,0,0,0.0,0.1792737020873915,LOW,Suggest alternative payment method,Customer notification,0
TXN02419,CUST1303,289.08,Net Banking,Shopping,2,3,7,Authentication Failed,1,47.3,1,16,0,0.0,0.1789907514269074,LOW,Request customer authentication,Customer notification,0
TXN04080,CUST0495,5537.76,Wallet,Travel,27,0,6,Authentication Failed,3,12.3,0,10,0,0.0,0.1789028071900393,LOW,Request customer authentication,Customer notification,0
TXN00807,CUST0095,3141.67,UPI,Shopping,21,6,4,Bank Declined,3,29.9,1,13,0,0.0,0.1788707541126986,LOW,Suggest alternative payment method,Customer notification,0
TXN02236,CUST0021,289.76,UPI,Food,3,6,4,Bank Declined,1,44.7,1,13,0,0.0,0.17873385733060634,LOW,Suggest alternative payment method,Customer notification,0
TXN03552,CUST1111,3752.98,Card,Travel,7,7,5,Bank Declined,1,48.4,0,2,0,0.0,0.17852693292670987,LOW,Suggest alternative payment method,Customer notification,0
TXN03987,CUST1418,1569.98,Net Banking,Shopping,40,7,7,Insufficient Balance,2,37.4,0,9,0,0.0,0.17851363377847254,LOW,Ask customer to add funds or use another method,Customer notification,0
TXN00592,CUST0265,5398.01,Wallet,Travel,10,5,0,Insufficient Balance,3,71.9,1,22,0,0.0,0.17838632083480344,LOW,Ask customer to add funds or use another method,Customer notification,0
TXN00310,CUST0816,2569.64,Wallet,Utilities,25,1,4,Bank Declined,2,25.0,0,6,0,0.0,0.17823845155781,LOW,Suggest alternative payment method,Customer notification,0
TXN02678,CUST1376,9155.48,Wallet,Travel,9,4,6,Timeout,2,63.3,0,17,0,0.0,0.17799153534354561,LOW,Retry payment after short delay,Automatic retry,0
TXN01979,CUST0445,1475.79,UPI,Entertainment,14,6,7,Network Error,3,39.3,0,1,0,0.0,0.17797583325444757,LOW,Retry payment,Automatic retry,0
TXN00133,CUST0684,2072.53,Card,Utilities,32,3,4,Network Error,3,52.2,0,14,0,0.0,0.17790835675766123,LOW,Retry payment,Automatic retry,0
TXN03281,CUST0988,2512.02,Net Banking,Food,25,2,4,Insufficient Balance,2,3.1,0,9,0,0.0,0.17785542186742567,LOW,Ask customer to add funds or use another method,Customer notification,0
TXN01081,CUST0851,6456.66,UPI,Entertainment,27,1,1,Bank Declined,2,46.1,0,0,0,0.0,0.1777619085150895,LOW,Suggest alternative payment method,Customer notification,0
TXN00804,CUST0488,6318.38,UPI,Utilities,23,10,7,Insufficient Balance,2,69.1,0,20,0,0.0,0.17771324476662606,LOW,Ask customer to add funds or use another method,Customer notification,0
TXN04641,CUST0881,5375.48,Net Banking,Food,45,7,2,Insufficient Balance,2,65.3,1,23,0,0.0,0.1776966221185164,LOW,Ask customer to add funds or use another method,Customer notification,0
TXN04086,CUST0754,9595.21,Net Banking,Food,6,11,4,Insufficient Balance,3,69.2,1,10,0,0.0,0.17720246010014648,LOW,Ask customer to add funds or use another method,Customer notification,0
TXN00431,CUST0005,5424.05,Wallet,Food,13,0,1,Authentication Failed,2,53.1,0,5,0,0.0,0.17686761739367046,LOW,Request customer authentication,Customer notification,0
TXN01125,CUST0997,1415.99,Wallet,Utilities,10,7,6,Bank Declined,1,60.2,0,23,0,0.0,0.17664000109263067,LOW,Suggest alternative payment method,Customer notification,0
TXN03713,CUST0942,3131.34,Card,Entertainment,24,1,6,Network Error,2,56.0,0,22,0,0.0,0.17663424729400123,LOW,Retry payment,Automatic retry,0
TXN00732,CUST0540,1466.35,Card,Shopping,13,5,7,Insufficient Balance,1,71.2,0,3,0,0.0,0.17662414842411242,LOW,Ask customer to add funds or use another method,Customer notification,0
TXN04844,CUST0571,2335.05,Wallet,Shopping,1,0,6,Authentication Failed,1,33.6,1,3,0,0.0,0.17655595113165684,LOW,Request customer authentication,Customer notification,0
TXN01512,CUST0137,506.57,Wallet,Shopping,6,6,4,Bank Declined,3,33.8,0,2,0,0.0,0.17654738312074295,LOW,Suggest alternative payment method,Customer notification,0
TXN03680,CUST0194,3336.24,Card,Utilities,34,1,2,Authentication Failed,3,70.8,0,11,0,0.0,0.17642423932165793,LOW,Request customer authentication,Customer notification,0
TXN03710,CUST1128,8922.89,UPI,Shopping,6,5,2,Bank Declined,2,42.1,0,19,0,0.0,0.1763934889881301,LOW,Suggest alternative payment method,Customer notification,0
TXN03329,CUST0132,5641.98,Wallet,Shopping,50,2,7,Insufficient Balance,1,27.3,0,8,0,0.0,0.17639051777050457,LOW,Ask customer to add funds or use another method,Customer notification,0
TXN01657,CUST0921,7218.85,Net Banking,Utilities,17,5,7,Bank Declined,3,23.3,0,23,0,0.0,0.1763148685019785,LOW,Suggest alternative payment method,Customer notification,0
TXN00944,CUST0363,355.51,Card,Utilities,18,2,6,Authentication Failed,1,50.9,0,21,0,0.0,0.17611013481769447,LOW,Request customer authentication,Customer notification,0
TXN02043,CUST0891,1456.82,UPI,Utilities,5,7,5,Timeout,2,52.2,0,4,0,0.0,0.1760769149968175,LOW,Retry payment after short delay,Automatic retry,0
TXN00390,CUST0759,3647.51,UPI,Entertainment,14,8,5,Network Error,2,55.2,1,8,0,0.0,0.1760698843141573,LOW,Retry payment,Automatic retry,0
TXN01264,CUST0952,4792.66,UPI,Entertainment,17,3,6,Insufficient Balance,1,9.2,0,3,0,0.0,0.1759850581607392,LOW,Ask customer to add funds or use another method,Customer notification,0
TXN01697,CUST1171,7460.01,UPI,Entertainment,18,1,3,Network Error,3,52.4,1,18,0,0.0,0.1757623315219627,LOW,Retry payment,Automatic retry,0
TXN04770,CUST1437,9473.74,Wallet,Travel,60,1,5,Bank Declined,3,68.2,1,9,0,0.0,0.17552539593751113,LOW,Suggest alternative payment method,Customer notification,0
TXN03516,CUST0395,1021.76,Net Banking,Shopping,19,1,7,Bank Declined,1,7.3,0,10,0,0.0,0.1755008095364384,LOW,Suggest alternative payment method,Customer notification,0
TXN04128,CUST0861,3986.62,Net Banking,Travel,14,5,4,Timeout,2,66.9,1,3,0,0.0,0.1754603497383744,LOW,Retry payment after short delay,Automatic retry,0
TXN00001,CUST1127,8697.27,Net Banking,Shopping,23,7,2,Bank Declined,2,50.7,0,12,0,0.0,0.17532327949634197,LOW,Suggest alternative payment method,Customer notification,0
TXN02145,CUST0114,1060.48,Wallet,Entertainment,14,3,4,Insufficient Balance,2,9.7,1,21,0,0.0,0.17507061486219316,LOW,Ask customer to add funds or use another method,Customer notification,0
TXN00061,CUST0898,6866.19,Net Banking,Food,59,0,3,Authentication Failed,2,60.7,0,23,0,0.0,0.17492049498075157,LOW,Request customer authentication,Customer notification,0
TXN04961,CUST1012,2827.03,Wallet,Food,19,5,7,Authentication Failed,2,46.9,0,13,0,0.0,0.1747687016584064,LOW,Request customer authentication,Customer notification,0
TXN02436,CUST0784,786.15,Card,Entertainment,32,4,4,Authentication Failed,3,56.1,0,6,0,0.0,0.17452926436448166,LOW,Request customer authentication,Customer notification,0
TXN02590,CUST0493,4530.28,Wallet,Travel,5,12,6,Insufficient Balance,3,66.1,1,1,0,0.0,0.1739972160922658,LOW,Ask customer to add funds or use another method,Customer notification,0
TXN03590,CUST0483,7353.73,Net Banking,Food,7,10,5,Bank Declined,3,48.8,1,17,0,0.0,0.1737960322716798,LOW,Suggest alternative payment method,Customer notification,0
TXN01102,CUST1249,1855.53,Card,Entertainment,44,2,2,Insufficient Balance,1,56.7,0,16,0,0.0,0.17350612297986576,LOW,Ask customer to add funds or use another method,Customer notification,0
TXN04209,CUST0825,6437.92,Wallet,Food,17,7,5,Bank Declined,3,42.8,1,9,0,0.0,0.17329237227226987,LOW,Suggest alternative payment method,Customer notification,0
TXN03477,CUST1453,6519.7,Net Banking,Shopping,17,7,0,Insufficient Balance,2,64.9,0,17,0,0.0,0.17323340983348745,LOW,Ask customer to add funds or use another method,Customer notification,0
TXN04179,CUST0112,6421.58,Card,Utilities,8,1,4,Timeout,3,32.5,0,16,0,0.0,0.17299715002653557,LOW,Retry payment after short delay,Automatic retry,0
TXN04705,CUST0363,4087.48,UPI,Food,44,1,2,Insufficient Balance,3,36.0,0,1,0,0.0,0.17267145297315012,LOW,Ask customer to add funds or use another method,Customer notification,0
TXN00374,CUST0570,5283.51,Wallet,Entertainment,41,6,0,Insufficient Balance,3,53.6,0,20,0,0.0,0.1726603318272738,LOW,Ask customer to add funds or use another method,Customer notification,0
TXN04297,CUST1100,3481.54,Wallet,Entertainment,59,0,7,Insufficient Balance,2,27.8,0,2,0,0.0,0.17250964043206665,LOW,Ask customer to add funds or use another method,Customer notification,0
TXN02005,CUST0335,9384.48,Wallet,Utilities,50,10,6,Insufficient Balance,2,59.4,0,18,0,0.0,0.1722792227211226,LOW,Ask customer to add funds or use another method,Customer notification,0
TXN04052,CUST1163,8849.24,Net Banking,Food,45,8,5,Insufficient Balance,1,57.9,0,15,0,0.0,0.17216002719456913,LOW,Ask customer to add funds or use another method,Customer notification,0
TXN00176,CUST1355,2602.7,Wallet,Shopping,32,7,6,Authentication Failed,3,59.6,0,14,0,0.0,0.1721158428356192,LOW,Request customer authentication,Customer notification,0
TXN02839,CUST0202,7773.31,Card,Food,18,3,4,Insufficient Balance,3,11.7,1,14,0,0.0,0.17183887116357602,LOW,Ask customer to add funds or use another method,Customer notification,0
TXN02900,CUST1071,4202.9,Wallet,Entertainment,22,8,5,Insufficient Balance,1,65.9,1,19,0,0.0,0.17176920146002994,LOW,Ask customer to add funds or use another method,Customer notification,0
TXN02330,CUST0661,4793.36,UPI,Utilities,26,2,7,Bank Declined,3,8.1,0,9,0,0.0,0.17158798334381103,LOW,Suggest alternative payment method,Customer notification,0
TXN03153,CUST1474,3626.87,Card,Food,16,1,2,Network Error,3,43.1,0,15,0,0.0,0.17143297326229504,LOW,Retry payment,Automatic retry,0
TXN03851,CUST0540,9503.31,Net Banking,Travel,19,12,6,Insufficient Balance,3,58.8,1,2,0,0.0,0.17121094631415187,LOW,Ask customer to add funds or use another method,Customer notification,0
TXN00259,CUST0641,3388.84,Wallet,Utilities,47,6,5,Bank Declined,3,29.6,0,7,0,0.0,0.17118731859498282,LOW,Suggest alternative payment method,Customer notification,0
TXN01344,CUST0082,1930.71,UPI,Utilities,4,6,6,Bank Declined,1,56.3,1,21,0,0.0,0.1711568068565326,LOW,Suggest alternative payment method,Customer notification,0
TXN04233,CUST0206,7672.3,Net Banking,Entertainment,39,4,4,Insufficient Balance,2,19.1,0,8,0,0.0,0.17060340726315032,LOW,Ask customer to add funds or use another method,Customer notification,0
TXN02056,CUST1419,5736.05,UPI,Utilities,47,1,7,Bank Declined,3,41.0,1,18,0,0.0,0.1705828075439756,LOW,Suggest alternative payment method,Customer notification,0
TXN02825,CUST1125,5244.88,Wallet,Shopping,38,2,5,Bank Declined,3,12.4,0,16,0,0.0,0.1705270878509629,LOW,Suggest alternative payment method,Customer notification,0
TXN02830,CUST1044,8649.21,UPI,Shopping,45,4,5,Bank Declined,2,40.8,1,18,0,0.0,0.1701798763114935,LOW,Suggest alternative payment method,Customer notification,0
TXN03985,CUST0026,1961.36,Wallet,Travel,3,3,7,Authentication Failed,2,15.5,0,3,0,0.0,0.17008856247296528,LOW,Request customer authentication,Customer notification,0
TXN00604,CUST1049,6415.23,UPI,Utilities,12,6,4,Bank Declined,1,58.6,0,19,0,0.0,0.17007733434265274,LOW,Suggest alternative payment method,Customer notification,0
TXN03252,CUST1087,2157.13,Wallet,Utilities,9,9,3,Insufficient Balance,3,24.8,0,6,0,0.0,0.16987794763421385,LOW,Ask customer to add funds or use another method,Customer notification,0
TXN04019,CUST1146,2978.15,UPI,Food,21,6,7,Insufficient Balance,2,14.5,0,14,0,0.0,0.1698770055869058,LOW,Ask customer to add funds or use another method,Customer notification,0
TXN04381,CUST0726,6567.57,Card,Shopping,16,1,3,Insufficient Balance,1,24.9,0,10,0,0.0,0.16983401765946332,LOW,Ask customer to add funds or use another method,Customer notification,0
TXN01073,CUST0873,1373.11,UPI,Shopping,1,3,6,Authentication Failed,3,25.5,0,11,0,0.0,0.16977375093195562,LOW,Request customer authentication,Customer notification,0
TXN01146,CUST0324,8874.25,Card,Entertainment,50,0,0,Bank Declined,3,49.3,0,1,0,0.0,0.16953990336209615,LOW,Suggest alternative payment method,Customer notification,0
TXN01058,CUST0911,5180.43,UPI,Utilities,25,8,4,Insufficient Balance,2,49.9,1,6,0,0.0,0.16950564409567742,LOW,Ask customer to add funds or use another method,Customer notification,0
TXN00351,CUST0518,3679.26,Card,Entertainment,11,0,2,Insufficient Balance,2,12.5,0,8,0,0.0,0.16881880723171147,LOW,Ask customer to add funds or use another method,Customer notification,0
TXN00550,CUST0617,2013.17,Card,Shopping,25,2,2,Insufficient Balance,1,64.9,0,11,0,0.0,0.16874987647246442,LOW,Ask customer to add funds or use another method,Customer notification,0
TXN01223,CUST1234,5820.5,Card,Shopping,8,10,4,Bank Declined,3,55.4,0,18,0,0.0,0.16861435873168545,LOW,Suggest alternative payment method,Customer notification,0
TXN03034,CUST1318,2274.85,Wallet,Food,17,11,6,Insufficient Balance,3,21.1,1,13,0,0.0,0.16838794015513925,LOW,Ask customer to add funds or use another method,Customer notification,0
TXN01877,CUST0166,9316.89,Wallet,Food,3,0,5,Insufficient Balance,1,25.5,1,12,0,0.0,0.16835845350930215,LOW,Ask customer to add funds or use another method,Customer notification,0
TXN03620,CUST0977,4605.73,UPI,Entertainment,44,9,2,Bank Declined,3,62.2,0,6,0,0.0,0.1683583441839986,LOW,Suggest alternative payment method,Customer notification,0
TXN04890,CUST0736,7072.16,Wallet,Utilities,17,2,6,Bank Declined,1,24.6,0,18,0,0.0,0.1681997725987905,LOW,Suggest alternative payment method,Customer notification,0
TXN04125,CUST0274,6345.43,Card,Travel,29,5,1,Insufficient Balance,3,58.5,1,1,0,0.0,0.1681597718182016,LOW,Ask customer to add funds or use another method,Customer notification,0
TXN00752,CUST0450,5769.16,Card,Utilities,58,0,5,Bank Declined,1,46.7,0,18,0,0.0,0.1680220264800808,LOW,Suggest alternative payment method,Customer notification,0
TXN04903,CUST0156,5800.27,UPI,Entertainment,35,5,5,Bank Declined,2,41.9,0,20,0,0.0,0.16799039423171297,LOW,Suggest alternative payment method,Customer notification,0
TXN00219,CUST1427,549.98,Net Banking,Travel,13,3,2,Bank Declined,2,68.7,1,9,0,0.0,0.16795062664360338,LOW,Suggest alternative payment method,Customer notification,0
TXN03605,CUST0999,5107.15,Net Banking,Food,5,4,4,Authentication Failed,2,53.7,0,14,0,0.0,0.1676898069496035,LOW,Request customer authentication,Customer notification,0
TXN00917,CUST1050,8676.3,Net Banking,Food,13,12,7,Insufficient Balance,3,59.9,0,17,0,0.0,0.167616368221447,LOW,Ask customer to add funds or use another method,Customer notification,0
TXN04925,CUST0405,3681.52,Net Banking,Utilities,6,4,0,Insufficient Balance,3,59.8,1,12,0,0.0,0.16754802857780818,LOW,Ask customer to add funds or use another method,Customer notification,0
TXN03624,CUST1018,250.22,Wallet,Utilities,3,3,3,Authentication Failed,3,33.4,0,7,0,0.0,0.16754726896436792,LOW,Request customer authentication,Customer notification,0
TXN04940,CUST0331,2845.73,Wallet,Entertainment,37,11,6,Insufficient Balance,3,58.6,1,3,0,0.0,0.16750665253972813,LOW,Ask customer to add funds or use another method,Customer notification,0
TXN01711,CUST0422,7220.42,UPI,Shopping,33,5,4,Insufficient Balance,3,39.0,0,17,0,0.0,0.16671095987642073,LOW,Ask customer to add funds or use another method,Customer notification,0
TXN02756,CUST0534,9998.51,Net Banking,Entertainment,8,0,5,Network Error,2,65.1,1,6,0,0.0,0.16659303384802368,LOW,Retry payment,Automatic retry,0
TXN03899,CUST0053,7857.48,UPI,Entertainment,33,3,6,Bank Declined,2,36.9,1,17,0,0.0,0.16645770422644562,LOW,Suggest alternative payment method,Customer notification,0
TXN04053,CUST0357,9339.96,Wallet,Shopping,54,5,5,Insufficient Balance,3,10.3,1,21,0,0.0,0.16621970389026355,LOW,Ask customer to add funds or use another method,Customer notification,0
TXN01389,CUST0029,5962.99,Wallet,Travel,31,4,7,Authentication Failed,2,59.9,0,9,0,0.0,0.1661354300824965,LOW,Request customer authentication,Customer notification,0
TXN03562,CUST0109,8226.32,UPI,Shopping,17,5,3,Bank Declined,3,34.0,0,15,0,0.0,0.16610461446676505,LOW,Suggest alternative payment method,Customer notification,0
TXN02006,CUST1442,6803.74,Card,Utilities,41,6,6,Bank Declined,1,62.1,0,4,0,0.0,0.16582522575951558,LOW,Suggest alternative payment method,Customer notification,0
TXN04359,CUST0464,1554.25,Wallet,Travel,10,5,6,Timeout,3,68.7,0,2,0,0.0,0.16542410090398418,LOW,Retry payment after short delay,Automatic retry,0
TXN02051,CUST0460,5732.93,Wallet,Food,53,6,6,Bank Declined,3,27.5,0,15,0,0.0,0.1653354837582924,LOW,Suggest alternative payment method,Customer notification,0
TXN00963,CUST0025,7985.2,UPI,Entertainment,8,9,2,Insufficient Balance,3,61.8,0,10,0,0.0,0.16527649824113425,LOW,Ask customer to add funds or use another method,Customer notification,0
TXN04458,CUST1476,4881.82,Wallet,Entertainment,14,6,2,Insufficient Balance,3,40.9,0,16,0,0.0,0.16510801567435698,LOW,Ask customer to add funds or use another method,Customer notification,0
TXN02656,CUST0043,7255.41,Net Banking,Utilities,11,6,6,Authentication Failed,3,57.8,0,7,0,0.0,0.16502088923701164,LOW,Request customer authentication,Customer notification,0
TXN04740,CUST1031,2060.51,Wallet,Shopping,10,1,5,Timeout,1,69.3,0,1,0,0.0,0.16460255573971147,LOW,Retry payment after short delay,Automatic retry,0
TXN03511,CUST1443,7137.85,Card,Food,58,4,2,Insufficient Balance,3,68.0,0,0,0,0.0,0.16430883877231992,LOW,Ask customer to add funds or use another method,Customer notification,0
TXN02091,CUST1025,8675.22,UPI,Utilities,51,4,6,Bank Declined,3,48.9,0,20,0,0.0,0.1642840125625874,LOW,Suggest alternative payment method,Customer notification,0
TXN03263,CUST1461,3114.78,Net Banking,Travel,5,7,1,Bank Declined,3,49.6,0,22,0,0.0,0.1640365183209995,LOW,Suggest alternative payment method,Customer notification,0
TXN03103,CUST0877,6271.78,Wallet,Travel,16,5,5,Authentication Failed,3,40.4,0,0,0,0.0,0.1640310980586123,LOW,Request customer authentication,Customer notification,0
TXN03412,CUST1477,4072.4,Wallet,Food,12,7,5,Timeout,3,47.7,0,1,0,0.0,0.16388228133073426,LOW,Retry payment after short delay,Automatic retry,0
TXN03168,CUST1441,4799.74,Wallet,Travel,18,3,7,Insufficient Balance,1,33.1,1,14,0,0.0,0.16358848892454453,LOW,Ask customer to add funds or use another method,Customer notification,0
TXN02314,CUST1084,8881.72,UPI,Entertainment,3,6,5,Network Error,2,65.3,0,7,0,0.0,0.16314321574784166,LOW,Retry payment,Automatic retry,0
TXN03250,CUST0173,3044.19,UPI,Entertainment,12,7,4,Authentication Failed,2,63.3,1,20,0,0.0,0.16313709628051892,LOW,Request customer authentication,Customer notification,0
TXN00825,CUST1327,9859.47,Card,Utilities,38,3,4,Bank Declined,3,47.6,1,10,0,0.0,0.16301318212256588,LOW,Suggest alternative payment method,Customer notification,0
TXN00439,CUST0047,2278.88,Wallet,Travel,51,9,6,Bank Declined,2,71.2,0,19,0,0.0,0.1629509619776221,LOW,Suggest alternative payment method,Customer notification,0
TXN01043,CUST0845,2513.64,Card,Utilities,13,9,4,Bank Declined,1,59.3,0,14,0,0.0,0.16289968926718643,LOW,Suggest alternative payment method,Customer notification,0
TXN02604,CUST0629,540.64,Card,Shopping,4,5,6,Authentication Failed,1,71.1,0,13,0,0.0,0.16289292610522668,LOW,Request customer authentication,Customer notification,0
TXN02444,CUST0341,651.71,Card,Food,33,0,5,Bank Declined,2,37.8,0,16,0,0.0,0.1628851727778336,LOW,Suggest alternative payment method,Customer notification,0
TXN04633,CUST1413,2484.69,Wallet,Utilities,19,3,4,Network Error,2,54.0,0,3,0,0.0,0.16263008555084146,LOW,Retry payment,Automatic retry,0
TXN02359,CUST0554,6338.73,Card,Entertainment,5,8,6,Insufficient Balance,3,60.0,1,3,0,0.0,0.16217926175418007,LOW,Ask customer to add funds or use another method,Customer notification,0
TXN00676,CUST1025,5512.29,UPI,Entertainment,34,5,7,Insufficient Balance,1,54.1,0,2,0,0.0,0.16203793595516858,LOW,Ask customer to add funds or use another method,Customer notification,0
TXN04497,CUST0370,469.79,Card,Entertainment,51,8,6,Insufficient Balance,3,52.9,1,18,0,0.0,0.1617330153447698,LOW,Ask customer to add funds or use another method,Customer notification,0
TXN03784,CUST1083,9736.6,UPI,Utilities,14,3,4,Network Error,3,66.2,1,2,0,0.0,0.16169222903040065,LOW,Retry payment,Automatic retry,0
TXN03356,CUST0093,1154.86,Net Banking,Shopping,43,0,3,Authentication Failed,3,49.2,0,15,0,0.0,0.16168294258529495,LOW,Request customer authentication,Customer notification,0
TXN03341,CUST0951,3195.86,Net Banking,Travel,47,2,7,Bank Declined,3,10.6,0,2,0,0.0,0.161668719438856,LOW,Suggest alternative payment method,Customer notification,0
TXN03737,CUST1037,3628.27,UPI,Entertainment,18,1,4,Timeout,1,69.2,0,2,0,0.0,0.1614820593260367,LOW,Retry payment after short delay,Automatic retry,0
TXN03878,CUST0274,6718.2,Card,Food,56,2,6,Authentication Failed,3,49.4,0,18,0,0.0,0.1613528917230449,LOW,Request customer authentication,Customer notification,0
TXN04813,CUST0644,7929.41,UPI,Entertainment,24,9,7,Insufficient Balance,1,64.0,0,17,0,0.0,0.16131675249686317,LOW,Ask customer to add funds or use another method,Customer notification,0
TXN02970,CUST0196,333.56,Wallet,Utilities,7,2,7,Timeout,3,33.8,0,22,0,0.0,0.16124697543506458,LOW,Retry payment after short delay,Automatic retry,0
TXN02574,CUST0598,1282.54,Card,Travel,52,1,0,Insufficient Balance,3,48.9,0,19,0,0.0,0.1610757693206113,LOW,Ask customer to add funds or use another method,Customer notification,0
TXN01161,CUST1158,4042.98,Card,Utilities,57,1,6,Bank Declined,3,29.5,0,21,0,0.0,0.16097708364706953,LOW,Suggest alternative payment method,Customer notification,0
TXN00288,CUST0628,4582.86,Net Banking,Shopping,33,2,2,Insufficient Balance,3,10.6,0,21,0,0.0,0.16089909495879529,LOW,Ask customer to add funds or use another method,Customer notification,0
TXN02248,CUST0789,9219.32,Wallet,Food,41,7,6,Insufficient Balance,3,10.6,0,14,0,0.0,0.16084282166376518,LOW,Ask customer to add funds or use another method,Customer notification,0
TXN03219,CUST0210,5259.62,UPI,Food,11,3,4,Authentication Failed,2,69.1,1,7,0,0.0,0.16079929673441012,LOW,Request customer authentication,Customer notification,0
TXN04583,CUST1163,2141.35,UPI,Utilities,17,2,4,Timeout,3,46.5,1,17,0,0.0,0.16069207969769383,LOW,Retry payment after short delay,Automatic retry,0
TXN03621,CUST1208,5603.53,Net Banking,Shopping,8,2,7,Authentication Failed,3,68.6,1,16,0,0.0,0.16066836415495622,LOW,Request customer authentication,Customer notification,0
TXN04305,CUST1124,1421.34,Card,Travel,10,1,4,Authentication Failed,3,34.4,0,7,0,0.0,0.16065100236536126,LOW,Request customer authentication,Customer notification,0
TXN01466,CUST1241,8142.03,Net Banking,Travel,48,3,7,Bank Declined,3,20.9,0,4,0,0.0,0.160598433547807,LOW,Suggest alternative payment method,Customer notification,0
TXN02767,CUST0088,2700.43,UPI,Travel,18,4,4,Network Error,3,68.1,0,6,0,0.0,0.1601627058829566,LOW,Retry payment,Automatic retry,0
TXN03787,CUST1490,9682.9,Wallet,Shopping,33,5,6,Authentication Failed,2,69.4,0,5,0,0.0,0.15999810876010134,LOW,Request customer authentication,Customer notification,0
TXN04981,CUST1466,1743.27,UPI,Food,21,6,7,Bank Declined,1,35.1,1,2,0,0.0,0.15997837038310128,LOW,Suggest alternative payment method,Customer notification,0
TXN00365,CUST0253,2537.82,UPI,Shopping,4,2,3,Insufficient Balance,2,18.6,0,6,0,0.0,0.1597328041497486,LOW,Ask customer to add funds or use another method,Customer notification,0
TXN04439,CUST0367,252.93,Net Banking,Entertainment,27,3,5,Bank Declined,1,38.8,0,3,0,0.0,0.1595551049867693,LOW,Suggest alternative payment method,Customer notification,0
TXN02561,CUST0820,2180.9,Net Banking,Entertainment,49,5,4,Bank Declined,1,68.2,0,16,0,0.0,0.1595079185576306,LOW,Suggest alternative payment method,Customer notification,0
TXN01592,CUST0432,1103.66,Wallet,Food,43,7,4,Bank Declined,3,44.1,0,10,0,0.0,0.15947898715189487,LOW,Suggest alternative payment method,Customer notification,0
TXN01768,CUST0918,4110.97,Card,Shopping,34,1,7,Bank Declined,1,43.2,0,21,0,0.0,0.1593265867654007,LOW,Suggest alternative payment method,Customer notification,0
TXN04031,CUST0990,8346.76,Net Banking,Utilities,28,1,3,Bank Declined,2,61.6,1,12,0,0.0,0.15906605359273385,LOW,Suggest alternative payment method,Customer notification,0
TXN03035,CUST0571,4545.93,Wallet,Shopping,57,1,6,Insufficient Balance,2,24.2,1,10,0,0.0,0.15904866573625015,LOW,Ask customer to add funds or use another method,Customer notification,0
TXN01543,CUST1373,318.65,Net Banking,Food,14,3,5,Network Error,1,67.0,1,10,0,0.0,0.15877792086047027,LOW,Retry payment,Automatic retry,0
TXN04666,CUST0653,3922.94,UPI,Entertainment,2,0,7,Authentication Failed,3,20.7,0,1,0,0.0,0.1587132291471923,LOW,Request customer authentication,Customer notification,0
TXN00644,CUST1446,9436.31,Wallet,Shopping,2,4,3,Insufficient Balance,1,25.0,0,9,0,0.0,0.1586284917451669,LOW,Ask customer to add funds or use another method,Customer notification,0
TXN03854,CUST1327,9622.46,UPI,Utilities,1,4,5,Authentication Failed,3,42.5,0,11,0,0.0,0.15860368999571217,LOW,Request customer authentication,Customer notification,0
TXN02015,CUST1261,2784.31,UPI,Food,54,0,3,Authentication Failed,3,48.8,0,18,0,0.0,0.15855745396194273,LOW,Request customer authentication,Customer notification,0
TXN03563,CUST1008,2439.79,UPI,Utilities,20,3,2,Network Error,3,45.5,0,7,0,0.0,0.1583185377491845,LOW,Retry payment,Automatic retry,0
TXN01731,CUST1070,9525.75,Net Banking,Food,6,4,6,Network Error,3,51.0,1,9,0,0.0,0.1582416388538122,LOW,Retry payment,Automatic retry,0
TXN01432,CUST0029,6919.22,UPI,Food,17,2,2,Insufficient Balance,2,46.4,1,11,0,0.0,0.15813558474590259,LOW,Ask customer to add funds or use another method,Customer notification,0
TXN00796,CUST0457,9421.61,Net Banking,Entertainment,36,2,7,Insufficient Balance,2,17.8,1,23,0,0.0,0.1581024687252727,LOW,Ask customer to add funds or use another method,Customer notification,0
TXN01131,CUST0598,9041.91,UPI,Entertainment,50,3,6,Insufficient Balance,2,1.0,0,19,0,0.0,0.1579200169956789,LOW,Ask customer to add funds or use another method,Customer notification,0
TXN04242,CUST0310,2742.3,Wallet,Food,26,13,7,Insufficient Balance,3,28.6,0,21,0,0.0,0.15756636139633126,LOW,Ask customer to add funds or use another method,Customer notification,0
TXN00818,CUST0236,704.94,Net Banking,Travel,57,2,7,Network Error,2,54.8,0,17,0,0.0,0.15751342280917024,LOW,Retry payment,Automatic retry,0
TXN02634,CUST0715,1152.03,Wallet,Utilities,22,0,2,Bank Declined,3,26.4,0,0,0,0.0,0.15750247064171197,LOW,Suggest alternative payment method,Customer notification,0
TXN04035,CUST0493,3153.85,Card,Travel,3,6,6,Network Error,2,70.3,0,13,0,0.0,0.15667754339879816,LOW,Retry payment,Automatic retry,0
TXN01213,CUST0202,3140.74,Wallet,Entertainment,18,1,6,Timeout,2,68.5,0,0,0,0.0,0.15646026974479926,LOW,Retry payment after short delay,Automatic retry,0
TXN03432,CUST0332,1607.67,Wallet,Food,8,13,7,Insufficient Balance,3,64.9,0,12,0,0.0,0.15635706157658863,LOW,Ask customer to add funds or use another method,Customer notification,0
TXN00139,CUST1029,256.65,UPI,Food,14,3,3,Network Error,2,71.9,0,8,0,0.0,0.15620787405201583,LOW,Retry payment,Automatic retry,0
TXN02988,CUST0021,1118.76,UPI,Entertainment,9,1,1,Authentication Failed,3,62.5,0,14,0,0.0,0.15617878409263433,LOW,Request customer authentication,Customer notification,0
TXN02050,CUST1448,1133.71,UPI,Shopping,6,4,5,Authentication Failed,2,62.0,1,7,0,0.0,0.15612096877018053,LOW,Request customer authentication,Customer notification,0
TXN03361,CUST1315,1960.47,Net Banking,Food,6,5,6,Timeout,2,53.2,1,2,0,0.0,0.1555669302099216,LOW,Retry payment after short delay,Automatic retry,0
TXN03469,CUST1303,3626.99,UPI,Utilities,14,4,4,Insufficient Balance,1,62.9,0,1,0,0.0,0.15536527896088032,LOW,Ask customer to add funds or use another method,Customer notification,0
TXN03938,CUST0555,2703.96,Net Banking,Travel,18,8,6,Insufficient Balance,3,5.7,0,3,0,0.0,0.15526282412505185,LOW,Ask customer to add funds or use another method,Customer notification,0
TXN01955,CUST1036,2517.06,Wallet,Utilities,18,6,6,Network Error,3,38.7,0,1,0,0.0,0.1552452383742874,LOW,Retry payment,Automatic retry,0
TXN04295,CUST1361,9599.98,UPI,Food,27,3,3,Insufficient Balance,2,48.1,0,5,0,0.0,0.15517314373220606,LOW,Ask customer to add funds or use another method,Customer notification,0
TXN00429,CUST1077,7525.28,Card,Food,35,4,2,Bank Declined,3,47.9,0,14,0,0.0,0.15514429200499674,LOW,Suggest alternative payment method,Customer notification,0
TXN02539,CUST1487,1910.64,Wallet,Utilities,22,1,5,Authentication Failed,3,24.1,0,0,0,0.0,0.15498912704071952,LOW,Request customer authentication,Customer notification,0
TXN01787,CUST1031,1270.56,Net Banking,Travel,60,3,7,Bank Declined,3,29.5,0,13,0,0.0,0.15486911430212813,LOW,Suggest alternative payment method,Customer notification,0
TXN01335,CUST0330,9545.02,Wallet,Entertainment,59,1,4,Insufficient Balance,2,54.7,0,18,0,0.0,0.1545563142207806,LOW,Ask customer to add funds or use another method,Customer notification,0
TXN00246,CUST0660,2186.74,UPI,Shopping,7,1,7,Network Error,1,58.8,0,12,0,0.0,0.15444971646863728,LOW,Retry payment,Automatic retry,0
TXN03320,CUST0659,1857.82,UPI,Food,41,9,7,Bank Declined,1,65.8,0,16,0,0.0,0.15438966451901848,LOW,Suggest alternative payment method,Customer notification,0
TXN03031,CUST1110,2687.83,Card,Entertainment,38,3,3,Bank Declined,3,48.3,0,23,0,0.0,0.15426687733941694,LOW,Suggest alternative payment method,Customer notification,0
TXN01166,CUST0302,8269.59,Net Banking,Food,50,5,4,Insufficient Balance,3,45.4,0,2,0,0.0,0.15424400122239093,LOW,Ask customer to add funds or use another method,Customer notification,0
TXN02298,CUST1050,2261.2,Wallet,Entertainment,21,13,6,Insufficient Balance,3,46.2,1,2,0,0.0,0.1539191959874112,LOW,Ask customer to add funds or use another method,Customer notification,0
TXN04766,CUST0947,1198.11,Card,Entertainment,15,4,7,Timeout,1,52.7,0,5,0,0.0,0.15387365428023553,LOW,Retry payment after short delay,Automatic retry,0
TXN01356,CUST0805,7118.1,Wallet,Utilities,10,3,5,Authentication Failed,3,33.5,0,19,0,0.0,0.15384326492957184,LOW,Request customer authentication,Customer notification,0
TXN00071,CUST0206,9413.66,Wallet,Entertainment,2,3,5,Bank Declined,3,2.1,1,16,0,0.0,0.15360482371836426,LOW,Suggest alternative payment method,Customer notification,0
TXN00252,CUST1172,3248.69,Wallet,Utilities,11,3,5,Bank Declined,3,7.2,0,21,0,0.0,0.15348681864508365,LOW,Suggest alternative payment method,Customer notification,0
TXN04286,CUST0681,1185.4,UPI,Utilities,56,5,1,Insufficient Balance,2,58.2,0,10,0,0.0,0.15346313533073436,LOW,Ask customer to add funds or use another method,Customer notification,0
TXN03964,CUST1229,6297.24,Net Banking,Travel,51,6,7,Insufficient Balance,3,19.5,0,2,0,0.0,0.15336059276437397,LOW,Ask customer to add funds or use another method,Customer notification,0
TXN04279,CUST0407,1531.34,Wallet,Utilities,7,7,5,Insufficient Balance,1,57.0,1,15,0,0.0,0.1533288092067058,LOW,Ask customer to add funds or use another method,Customer notification,0
TXN03531,CUST1400,8519.25,Net Banking,Food,58,0,3,Bank Declined,1,63.0,0,1,0,0.0,0.15322026752489448,LOW,Suggest alternative payment method,Customer notification,0
TXN01231,CUST0763,4741.02,Card,Shopping,5,6,5,Insufficient Balance,1,55.7,1,12,0,0.0,0.1530016911860229,LOW,Ask customer to add funds or use another method,Customer notification,0
TXN01289,CUST0831,5582.85,UPI,Entertainment,13,7,3,Insufficient Balance,3,47.0,0,20,0,0.0,0.15283716438588446,LOW,Ask customer to add funds or use another method,Customer notification,0
TXN03409,CUST0103,8390.76,Wallet,Food,6,1,5,Bank Declined,1,28.5,0,4,0,0.0,0.15276361861147822,LOW,Suggest alternative payment method,Customer notification,0
TXN04254,CUST0977,7409.68,UPI,Travel,23,0,7,Timeout,3,68.5,0,3,0,0.0,0.15271542592383516,LOW,Retry payment after short delay,Automatic retry,0
TXN00712,CUST0471,2953.69,Wallet,Travel,6,5,6,Bank Declined,2,33.4,0,17,0,0.0,0.15262370860387967,LOW,Suggest alternative payment method,Customer notification,0
TXN02798,CUST1429,9723.59,UPI,Utilities,12,6,0,Bank Declined,3,59.3,0,7,0,0.0,0.15254547079523376,LOW,Suggest alternative payment method,Customer notification,0
TXN03543,CUST0911,6755.6,UPI,Food,49,7,6,Bank Declined,2,65.6,0,8,0,0.0,0.15240937683400463,LOW,Suggest alternative payment method,Customer notification,0
TXN01789,CUST0907,8669.16,UPI,Food,46,6,7,Bank Declined,1,52.8,0,11,0,0.0,0.15231498458106585,LOW,Suggest alternative payment method,Customer notification,0
TXN04096,CUST0170,1571.47,Net Banking,Food,57,3,5,Insufficient Balance,1,70.5,0,18,0,0.0,0.15198820120100756,LOW,Ask customer to add funds or use another method,Customer notification,0
TXN03172,CUST0307,7841.13,Wallet,Shopping,43,2,0,Bank Declined,3,61.0,0,1,0,0.0,0.1519261674522809,LOW,Suggest alternative payment method,Customer notification,0
TXN02713,CUST1250,1831.35,UPI,Travel,56,6,6,Bank Declined,3,42.1,0,13,0,0.0,0.1518181738931891,LOW,Suggest alternative payment method,Customer notification,0
TXN02807,CUST0500,5052.88,Net Banking,Food,24,8,6,Bank Declined,2,43.0,0,17,0,0.0,0.1517781476681902,LOW,Suggest alternative payment method,Customer notification,0
TXN04139,CUST0315,2315.41,Card,Travel,17,10,7,Bank Declined,2,69.9,0,12,0,0.0,0.15162063747221663,LOW,Suggest alternative payment method,Customer notification,0
TXN03834,CUST0023,1348.92,Wallet,Food,27,0,7,Authentication Failed,1,57.0,0,2,0,0.0,0.15148314857412085,LOW,Request customer authentication,Customer notification,0
TXN00227,CUST0203,2856.86,UPI,Utilities,49,6,6,Authentication Failed,3,68.6,0,14,0,0.0,0.1514810074720243,LOW,Request customer authentication,Customer notification,0
TXN00002,CUST1460,3853.36,Net Banking,Utilities,14,0,2,Authentication Failed,3,68.8,0,10,0,0.0,0.15133442332381727,LOW,Request customer authentication,Customer notification,0
TXN03259,CUST1012,7223.83,Wallet,Shopping,27,3,0,Insufficient Balance,3,66.7,1,2,0,0.0,0.15114724853661296,LOW,Ask customer to add funds or use another method,Customer notification,0
TXN01648,CUST0329,2628.0,Net Banking,Entertainment,10,3,4,Insufficient Balance,3,9.5,0,17,0,0.0,0.15083709080763325,LOW,Ask customer to add funds or use another method,Customer notification,0
TXN01442,CUST1334,7617.18,UPI,Food,11,8,7,Bank Declined,3,10.1,0,19,0,0.0,0.1507489496975557,LOW,Suggest alternative payment method,Customer notification,0
TXN04414,CUST1492,6493.02,Wallet,Travel,39,2,0,Insufficient Balance,3,50.5,1,6,0,0.0,0.15037732203155493,LOW,Ask customer to add funds or use another method,Customer notification,0
TXN02770,CUST0278,4888.54,Card,Travel,58,0,7,Bank Declined,1,64.6,0,11,0,0.0,0.15026972480299905,LOW,Suggest alternative payment method,Customer notification,0
TXN00800,CUST0717,9754.28,UPI,Entertainment,17,2,3,Insufficient Balance,1,56.3,0,17,0,0.0,0.1500569367763605,LOW,Ask customer to add funds or use another method,Customer notification,0
TXN03671,CUST0480,5327.67,Card,Travel,7,3,6,Authentication Failed,2,41.2,0,3,0,0.0,0.14995825861510048,LOW,Request customer authentication,Customer notification,0
TXN00425,CUST0444,4437.95,UPI,Entertainment,40,6,5,Authentication Failed,3,68.2,0,6,0,0.0,0.14992604204559165,LOW,Request customer authentication,Customer notification,0
TXN03724,CUST0083,794.0,Net Banking,Food,14,4,5,Timeout,2,53.1,1,8,0,0.0,0.1496668898912652,LOW,Retry payment after short delay,Automatic retry,0
TXN02943,CUST0188,1151.83,Card,Travel,15,2,4,Network Error,2,57.6,1,6,0,0.0,0.1496207758454778,LOW,Retry payment,Automatic retry,0
TXN01637,CUST0690,6760.28,Card,Entertainment,6,1,5,Insufficient Balance,1,42.3,0,4,0,0.0,0.14959435067885252,LOW,Ask customer to add funds or use another method,Customer notification,0
TXN02992,CUST0305,4979.67,Net Banking,Utilities,17,3,7,Timeout,3,45.5,0,10,0,0.0,0.14954924670501094,LOW,Retry payment after short delay,Automatic retry,0
TXN04631,CUST0544,8220.74,Wallet,Entertainment,38,1,5,Bank Declined,2,38.4,0,2,0,0.0,0.14946873872302086,LOW,Suggest alternative payment method,Customer notification,0
TXN01470,CUST0025,5857.49,Wallet,Travel,48,7,4,Bank Declined,3,48.6,0,10,0,0.0,0.14839285117864723,LOW,Suggest alternative payment method,Customer notification,0
TXN03957,CUST0616,5643.94,UPI,Food,48,3,6,Authentication Failed,2,71.2,0,15,0,0.0,0.14830586877917884,LOW,Request customer authentication,Customer notification,0
TXN00897,CUST0645,338.69,Wallet,Travel,12,2,1,Authentication Failed,3,65.8,0,22,0,0.0,0.1481973211656203,LOW,Request customer authentication,Customer notification,0
TXN00699,CUST0764,520.45,Card,Utilities,50,0,6,Bank Declined,1,60.6,1,3,0,0.0,0.14810403455879306,LOW,Suggest alternative payment method,Customer notification,0
TXN04443,CUST0918,4218.3,UPI,Travel,2,6,5,Insufficient Balance,3,23.1,1,5,0,0.0,0.14768837912792473,LOW,Ask customer to add funds or use another method,Customer notification,0
TXN01104,CUST0503,7749.44,UPI,Shopping,2,6,3,Bank Declined,3,18.9,1,14,0,0.0,0.14753868404941659,LOW,Suggest alternative payment method,Customer notification,0
TXN01897,CUST0673,4775.04,Net Banking,Travel,47,3,4,Insufficient Balance,2,69.4,1,16,0,0.0,0.14716958522552967,LOW,Ask customer to add funds or use another method,Customer notification,0
TXN04912,CUST0388,1070.77,Card,Utilities,17,2,2,Insufficient Balance,2,50.2,1,15,0,0.0,0.14702227910868904,LOW,Ask customer to add funds or use another method,Customer notification,0
TXN01233,CUST1206,9229.7,Wallet,Entertainment,4,2,6,Bank Declined,1,12.0,0,17,0,0.0,0.1469628688653038,LOW,Suggest alternative payment method,Customer notification,0
TXN02693,CUST0963,6702.96,UPI,Shopping,28,6,0,Insufficient Balance,3,60.2,0,19,0,0.0,0.14694671428658684,LOW,Ask customer to add funds or use another method,Customer notification,0
TXN03430,CUST1108,3218.03,Card,Entertainment,24,8,6,Bank Declined,3,63.3,1,6,0,0.0,0.14673149567249794,LOW,Suggest alternative payment method,Customer notification,0
TXN04331,CUST1360,8419.96,UPI,Utilities,45,0,4,Insufficient Balance,3,58.3,1,19,0,0.0,0.14662283355065045,LOW,Ask customer to add funds or use another method,Customer notification,0
TXN04866,CUST0054,2478.6,Card,Travel,13,11,4,Bank Declined,3,70.7,0,1,0,0.0,0.14638225868196394,LOW,Suggest alternative payment method,Customer notification,0
TXN00919,CUST1281,4209.74,Wallet,Utilities,31,4,2,Insufficient Balance,3,43.7,0,23,0,0.0,0.1463315423054553,LOW,Ask customer to add funds or use another method,Customer notification,0
TXN01015,CUST0881,3783.99,UPI,Food,1,6,6,Bank Declined,3,17.2,1,22,0,0.0,0.1459811043943864,LOW,Suggest alternative payment method,Customer notification,0
TXN04001,CUST0564,153.89,Card,Travel,36,0,5,Insufficient Balance,1,44.0,0,2,0,0.0,0.14561504700388034,LOW,Ask customer to add funds or use another method,Customer notification,0
TXN00631,CUST0913,1023.39,UPI,Utilities,4,3,5,Insufficient Balance,1,53.2,0,3,0,0.0,0.1455727020139221,LOW,Ask customer to add funds or use another method,Customer notification,0
TXN01964,CUST0685,1331.78,UPI,Entertainment,4,4,1,Bank Declined,3,47.7,0,8,0,0.0,0.14536815310854642,LOW,Suggest alternative payment method,Customer notification,0
TXN04793,CUST0732,144.59,Card,Food,2,7,6,Bank Declined,3,43.2,0,9,0,0.0,0.14520967585543892,LOW,Suggest alternative payment method,Customer notification,0
TXN04424,CUST0166,2969.82,UPI,Utilities,58,2,5,Insufficient Balance,3,6.4,0,16,0,0.0,0.1451762545668941,LOW,Ask customer to add funds or use another method,Customer notification,0
TXN02630,CUST0242,5324.84,Net Banking,Food,58,11,7,Insufficient Balance,3,63.2,1,22,0,0.0,0.14457473164795062,LOW,Ask customer to add funds or use another method,Customer notification,0
TXN00510,CUST0442,1680.29,Wallet,Shopping,36,7,1,Insufficient Balance,3,67.3,0,10,0,0.0,0.1445736889270098,LOW,Ask customer to add funds or use another method,Customer notification,0
TXN01815,CUST1406,7593.58,Wallet,Utilities,42,2,5,Bank Declined,2,40.8,0,16,0,0.0,0.14452117045015722,LOW,Suggest alternative payment method,Customer notification,0
TXN00053,CUST0388,2384.87,Card,Shopping,5,5,4,Authentication Failed,2,68.8,0,2,0,0.0,0.14449832684852082,LOW,Request customer authentication,Customer notification,0
TXN00943,CUST0750,172.61,Card,Utilities,40,5,5,Bank Declined,1,58.0,0,18,0,0.0,0.1444886996804288,LOW,Suggest alternative payment method,Customer notification,0
TXN02077,CUST0165,3110.83,UPI,Shopping,40,4,6,Insufficient Balance,3,45.2,1,13,0,0.0,0.14448515558562477,LOW,Ask customer to add funds or use another method,Customer notification,0
TXN02754,CUST0235,1099.32,Card,Travel,8,4,7,Timeout,1,61.2,0,5,0,0.0,0.14437513969811613,LOW,Retry payment after short delay,Automatic retry,0
TXN00553,CUST1099,2944.53,Net Banking,Utilities,36,0,3,Bank Declined,3,41.3,0,14,0,0.0,0.14407688088324705,LOW,Suggest alternative payment method,Customer notification,0
TXN00085,CUST0270,646.7,UPI,Utilities,7,0,4,Network Error,3,36.0,0,4,0,0.0,0.1438477846430592,LOW,Retry payment,Automatic retry,0
TXN00537,CUST1277,5704.11,UPI,Shopping,51,3,6,Insufficient Balance,2,5.1,0,13,0,0.0,0.14378727593375323,LOW,Ask customer to add funds or use another method,Customer notification,0
TXN04246,CUST0938,5599.7,Wallet,Entertainment,1,3,0,Insufficient Balance,3,43.3,0,9,0,0.0,0.1436498676506011,LOW,Ask customer to add funds or use another method,Customer notification,0
TXN03890,CUST1276,6649.75,Wallet,Travel,25,1,7,Bank Declined,3,60.3,1,0,0,0.0,0.14357320851215286,LOW,Suggest alternative payment method,Customer notification,0
TXN04667,CUST0672,9548.53,Wallet,Utilities,4,5,5,Authentication Failed,3,69.5,1,22,0,0.0,0.14356709769527903,LOW,Request customer authentication,Customer notification,0
TXN03458,CUST0419,4885.68,Wallet,Shopping,9,0,2,Bank Declined,3,36.5,0,3,0,0.0,0.14340228375652436,LOW,Suggest alternative payment method,Customer notification,0
TXN04142,CUST1217,6341.44,Wallet,Food,12,3,7,Timeout,3,50.8,1,13,0,0.0,0.14319057032031005,LOW,Retry payment after short delay,Automatic retry,0
TXN04503,CUST1433,578.41,Wallet,Travel,17,6,2,Insufficient Balance,2,67.1,0,0,0,0.0,0.1430069058046345,LOW,Ask customer to add funds or use another method,Customer notification,0
TXN04657,CUST0076,1431.45,UPI,Food,1,8,3,Insufficient Balance,3,58.2,0,23,0,0.0,0.14295357719347057,LOW,Ask customer to add funds or use another method,Customer notification,0
TXN01035,CUST0113,4149.94,UPI,Food,43,5,7,Authentication Failed,3,49.8,0,22,0,0.0,0.1427268206189671,LOW,Request customer authentication,Customer notification,0
TXN04948,CUST0799,5667.55,Card,Travel,37,5,6,Insufficient Balance,2,47.6,0,20,0,0.0,0.14267678078248133,LOW,Ask customer to add funds or use another method,Customer notification,0
TXN04073,CUST1271,1940.74,Card,Food,38,8,7,Insufficient Balance,2,46.7,1,15,0,0.0,0.14267079973597566,LOW,Ask customer to add funds or use another method,Customer notification,0
TXN00531,CUST1192,7007.39,Card,Entertainment,1,2,7,Insufficient Balance,3,2.5,0,20,0,0.0,0.14259953591085295,LOW,Ask customer to add funds or use another method,Customer notification,0
TXN02578,CUST0405,7376.76,Wallet,Travel,8,4,5,Authentication Failed,3,53.0,0,2,0,0.0,0.1424162402466174,LOW,Request customer authentication,Customer notification,0
TXN01452,CUST0751,815.54,Wallet,Food,26,0,5,Bank Declined,2,33.8,0,17,0,0.0,0.14170805168439074,LOW,Suggest alternative payment method,Customer notification,0
TXN00640,CUST0634,3843.2,Wallet,Utilities,8,1,4,Bank Declined,2,26.7,0,12,0,0.0,0.14062888629184123,LOW,Suggest alternative payment method,Customer notification,0
TXN04971,CUST0166,758.08,Net Banking,Food,44,1,0,Insufficient Balance,3,60.2,0,21,0,0.0,0.14056290263477947,LOW,Ask customer to add funds or use another method,Customer notification,0
TXN00846,CUST0249,7012.16,Net Banking,Entertainment,33,4,6,Bank Declined,3,28.4,0,0,0,0.0,0.14029612386596457,LOW,Suggest alternative payment method,Customer notification,0
TXN04042,CUST0863,179.28,UPI,Food,19,8,4,Bank Declined,1,65.9,0,6,0,0.0,0.14009634219719933,LOW,Suggest alternative payment method,Customer notification,0
TXN01171,CUST0958,6611.39,Wallet,Shopping,48,2,5,Bank Declined,3,28.4,0,13,0,0.0,0.13981182483928647,LOW,Suggest alternative payment method,Customer notification,0
TXN01601,CUST0187,5868.59,Wallet,Entertainment,2,1,3,Bank Declined,2,32.1,0,1,0,0.0,0.13953972835498946,LOW,Suggest alternative payment method,Customer notification,0
TXN00862,CUST0785,3778.31,UPI,Food,55,2,0,Insufficient Balance,2,54.9,1,15,0,0.0,0.13952995549964534,LOW,Ask customer to add funds or use another method,Customer notification,0
TXN03291,CUST0268,5541.88,Wallet,Travel,45,1,7,Insufficient Balance,1,69.8,1,12,0,0.0,0.13935866391557003,LOW,Ask customer to add funds or use another method,Customer notification,0
TXN04119,CUST0980,6788.88,Card,Travel,49,5,4,Bank Declined,3,52.1,0,7,0,0.0,0.139119666083066,LOW,Suggest alternative payment method,Customer notification,0
TXN04081,CUST0833,7508.77,Net Banking,Entertainment,10,10,1,Bank Declined,3,71.5,0,4,0,0.0,0.1390670221692619,LOW,Suggest alternative payment method,Customer notification,0
TXN04146,CUST1016,6792.33,Net Banking,Travel,1,7,1,Bank Declined,3,67.1,1,11,0,0.0,0.13867285806283505,LOW,Suggest alternative payment method,Customer notification,0
TXN02715,CUST0522,1816.62,Wallet,Entertainment,13,4,7,Bank Declined,1,36.4,0,8,0,0.0,0.1385517269020291,LOW,Suggest alternative payment method,Customer notification,0
TXN01066,CUST1161,3258.55,UPI,Travel,40,1,6,Insufficient Balance,3,9.7,0,21,0,0.0,0.13829759936878097,LOW,Ask customer to add funds or use another method,Customer notification,0
TXN01739,CUST0448,3087.91,Card,Shopping,45,0,5,Insufficient Balance,1,57.6,1,13,0,0.0,0.1382156101871113,LOW,Ask customer to add funds or use another method,Customer notification,0
TXN00109,CUST1153,2786.52,UPI,Utilities,1,6,6,Bank Declined,2,51.5,0,16,0,0.0,0.13790959925298477,LOW,Suggest alternative payment method,Customer notification,0
TXN00811,CUST0674,3248.03,UPI,Food,16,0,3,Insufficient Balance,3,33.2,0,16,0,0.0,0.13768627729523658,LOW,Ask customer to add funds or use another method,Customer notification,0
TXN04870,CUST1064,9932.23,UPI,Utilities,13,0,6,Insufficient Balance,2,43.5,1,14,0,0.0,0.1376810259901903,LOW,Ask customer to add funds or use another method,Customer notification,0
TXN01101,CUST0145,8332.25,Wallet,Entertainment,23,6,6,Bank Declined,3,46.8,1,11,0,0.0,0.13755050676190897,LOW,Suggest alternative payment method,Customer notification,0
TXN00407,CUST1116,2572.74,Wallet,Travel,12,9,7,Insufficient Balance,2,51.0,0,4,0,0.0,0.13736332762886502,LOW,Ask customer to add funds or use another method,Customer notification,0
TXN04960,CUST0803,3642.35,Net Banking,Food,18,2,5,Bank Declined,3,9.0,0,16,0,0.0,0.13730345732041588,LOW,Suggest alternative payment method,Customer notification,0
TXN01717,CUST0761,4083.49,UPI,Shopping,52,0,6,Authentication Failed,3,45.4,0,10,0,0.0,0.13685281783627057,LOW,Request customer authentication,Customer notification,0
TXN04083,CUST1063,3313.63,Wallet,Travel,43,2,0,Insufficient Balance,3,64.8,0,23,0,0.0,0.1367071519738643,LOW,Ask customer to add funds or use another method,Customer notification,0
TXN04345,CUST1400,2954.13,Net Banking,Travel,12,0,4,Insufficient Balance,2,30.7,0,16,0,0.0,0.13657217190606458,LOW,Ask customer to add funds or use another method,Customer notification,0
TXN03975,CUST0434,3622.35,Card,Shopping,18,3,7,Insufficient Balance,2,25.8,0,3,0,0.0,0.1365135701747927,LOW,Ask customer to add funds or use another method,Customer notification,0
TXN00709,CUST1397,3250.79,Wallet,Entertainment,16,3,3,Insufficient Balance,1,62.3,1,6,0,0.0,0.13587301525418927,LOW,Ask customer to add funds or use another method,Customer notification,0
TXN04603,CUST1365,622.29,UPI,Utilities,33,1,3,Insufficient Balance,1,70.6,0,17,0,0.0,0.13568801010620932,LOW,Ask customer to add funds or use another method,Customer notification,0
TXN00308,CUST0398,4677.67,Net Banking,Shopping,19,0,6,Insufficient Balance,3,4.8,0,0,0,0.0,0.13553680169518365,LOW,Ask customer to add funds or use another method,Customer notification,0
TXN02324,CUST0687,1073.61,UPI,Utilities,20,6,7,Insufficient Balance,3,7.7,0,22,0,0.0,0.1355075956951266,LOW,Ask customer to add funds or use another method,Customer notification,0
TXN02334,CUST0419,1709.36,UPI,Shopping,5,9,5,Bank Declined,3,55.7,0,0,0,0.0,0.13533393696164098,LOW,Suggest alternative payment method,Customer notification,0
TXN03663,CUST1347,9680.63,Wallet,Entertainment,15,3,5,Network Error,2,66.8,1,7,0,0.0,0.1353292448275644,LOW,Retry payment,Automatic retry,0
TXN03115,CUST0688,4888.77,UPI,Shopping,8,0,6,Timeout,2,53.3,0,0,0,0.0,0.13517915978093842,LOW,Retry payment after short delay,Automatic retry,0
TXN04946,CUST0299,760.15,Net Banking,Utilities,32,0,4,Insufficient Balance,3,68.1,1,10,0,0.0,0.1349915611981637,LOW,Ask customer to add funds or use another method,Customer notification,0
TXN04835,CUST0314,4998.07,UPI,Shopping,35,8,6,Insufficient Balance,3,58.6,0,10,0,0.0,0.13455469659906602,LOW,Ask customer to add funds or use another method,Customer notification,0
TXN01873,CUST1344,7873.38,Wallet,Shopping,42,1,5,Insufficient Balance,2,16.2,0,18,0,0.0,0.13407691648827672,LOW,Ask customer to add funds or use another method,Customer notification,0
TXN02376,CUST0956,638.05,Net Banking,Entertainment,32,4,6,Bank Declined,3,69.5,1,9,0,0.0,0.13378263397716608,LOW,Suggest alternative payment method,Customer notification,0
TXN01825,CUST1281,1668.64,Net Banking,Shopping,2,3,6,Authentication Failed,1,56.3,0,1,0,0.0,0.13373205658819864,LOW,Request customer authentication,Customer notification,0
TXN01603,CUST0939,1302.01,Net Banking,Entertainment,39,0,4,Authentication Failed,2,67.3,0,4,0,0.0,0.13362508310075186,LOW,Request customer authentication,Customer notification,0
TXN01954,CUST1014,8737.95,UPI,Shopping,7,3,5,Authentication Failed,2,64.1,0,4,0,0.0,0.13353562971699523,LOW,Request customer authentication,Customer notification,0
TXN02885,CUST1170,3663.92,Card,Shopping,35,3,5,Bank Declined,2,39.8,0,12,0,0.0,0.13329271983977684,LOW,Suggest alternative payment method,Customer notification,0
TXN01982,CUST0353,9490.35,Card,Entertainment,25,0,0,Insufficient Balance,3,49.7,1,0,0,0.0,0.1331870065903519,LOW,Ask customer to add funds or use another method,Customer notification,0
TXN03225,CUST1467,8102.74,UPI,Shopping,9,0,7,Bank Declined,1,45.6,1,2,0,0.0,0.1331560582228967,LOW,Suggest alternative payment method,Customer notification,0
TXN01270,CUST1329,8194.47,UPI,Utilities,11,6,6,Insufficient Balance,2,65.6,1,23,0,0.0,0.13309957499871028,LOW,Ask customer to add funds or use another method,Customer notification,0
TXN04216,CUST1109,5735.89,Net Banking,Utilities,7,8,2,Bank Declined,2,67.6,0,16,0,0.0,0.13308269860577177,LOW,Suggest alternative payment method,Customer notification,0
TXN02969,CUST1465,5274.82,UPI,Food,41,0,7,Insufficient Balance,2,22.9,0,9,0,0.0,0.13277188832812206,LOW,Ask customer to add funds or use another method,Customer notification,0
TXN00904,CUST1097,8370.19,Wallet,Food,57,5,7,Insufficient Balance,3,52.4,1,3,0,0.0,0.13271693576737698,LOW,Ask customer to add funds or use another method,Customer notification,0
TXN02753,CUST0662,1015.91,Wallet,Entertainment,11,2,7,Network Error,1,57.0,0,16,0,0.0,0.13239542180744515,LOW,Retry payment,Automatic retry,0
TXN00987,CUST1313,9635.27,UPI,Entertainment,22,4,0,Insufficient Balance,3,61.3,0,8,0,0.0,0.13232101069217575,LOW,Ask customer to add funds or use another method,Customer notification,0
TXN01549,CUST0016,8583.95,UPI,Food,54,0,6,Authentication Failed,2,70.4,0,2,0,0.0,0.1321121310795794,LOW,Request customer authentication,Customer notification,0
TXN01023,CUST1416,6790.04,Card,Entertainment,58,2,3,Insufficient Balance,3,71.1,0,22,0,0.0,0.13183665846126394,LOW,Ask customer to add funds or use another method,Customer notification,0
TXN04536,CUST1338,287.38,UPI,Utilities,38,4,4,Bank Declined,3,52.4,0,12,0,0.0,0.13142160846979395,LOW,Suggest alternative payment method,Customer notification,0
TXN00283,CUST1155,981.0,UPI,Travel,41,1,7,Insufficient Balance,2,5.9,1,15,0,0.0,0.1312515907140403,LOW,Ask customer to add funds or use another method,Customer notification,0
TXN01583,CUST0389,9293.11,Net Banking,Shopping,46,1,6,Bank Declined,2,51.7,1,5,0,0.0,0.13080455131527424,LOW,Suggest alternative payment method,Customer notification,0
TXN04195,CUST1028,5320.46,Card,Shopping,15,0,7,Insufficient Balance,1,30.0,0,6,0,0.0,0.13078449036437675,LOW,Ask customer to add funds or use another method,Customer notification,0
TXN01421,CUST1500,5357.98,UPI,Entertainment,41,3,4,Insufficient Balance,1,50.0,0,3,0,0.0,0.13077489879091186,LOW,Ask customer to add funds or use another method,Customer notification,0
TXN04437,CUST0403,6147.51,Wallet,Entertainment,42,6,4,Bank Declined,2,63.4,0,15,0,0.0,0.13063394422473876,LOW,Suggest alternative payment method,Customer notification,0
TXN02416,CUST0980,7201.99,UPI,Travel,55,0,4,Insufficient Balance,3,27.2,0,13,0,0.0,0.13058560265909042,LOW,Ask customer to add funds or use another method,Customer notification,0
TXN00287,CUST1144,9396.06,Card,Travel,17,5,3,Insufficient Balance,3,58.4,1,8,0,0.0,0.13039046690119008,LOW,Ask customer to add funds or use another method,Customer notification,0
TXN01307,CUST0759,1169.49,Wallet,Shopping,48,2,4,Bank Declined,1,51.7,0,5,0,0.0,0.12986938197199624,LOW,Suggest alternative payment method,Customer notification,0
TXN02211,CUST0085,2677.99,Wallet,Shopping,13,5,5,Authentication Failed,3,45.3,0,1,0,0.0,0.1296550695177109,LOW,Request customer authentication,Customer notification,0
TXN01530,CUST0620,5360.43,Card,Utilities,4,0,3,Insufficient Balance,3,22.2,1,14,0,0.0,0.1292735949448976,LOW,Ask customer to add funds or use another method,Customer notification,0
TXN02847,CUST1143,3901.08,UPI,Food,31,4,5,Bank Declined,3,31.0,0,8,0,0.0,0.12919534555455012,LOW,Suggest alternative payment method,Customer notification,0
TXN04442,CUST0802,3947.46,Card,Utilities,29,4,7,Bank Declined,3,29.0,0,7,0,0.0,0.12844082713183838,LOW,Suggest alternative payment method,Customer notification,0
TXN02434,CUST1185,3582.03,UPI,Food,47,2,6,Authentication Failed,2,52.9,0,3,0,0.0,0.12792237643732995,LOW,Request customer authentication,Customer notification,0
TXN03384,CUST1368,8021.51,Wallet,Entertainment,41,4,7,Bank Declined,2,67.8,1,5,0,0.0,0.12671692142868535,LOW,Suggest alternative payment method,Customer notification,0
TXN01272,CUST0286,8547.1,Card,Food,25,2,7,Authentication Failed,2,59.0,0,14,0,0.0,0.12658150648315494,LOW,Request customer authentication,Customer notification,0
TXN01928,CUST1394,996.54,Net Banking,Travel,25,5,7,Insufficient Balance,3,54.0,1,23,0,0.0,0.12620084171088383,LOW,Ask customer to add funds or use another method,Customer notification,0
TXN00182,CUST1409,3442.73,Net Banking,Travel,15,1,7,Authentication Failed,3,39.1,0,8,0,0.0,0.12581906932694917,LOW,Request customer authentication,Customer notification,0
TXN03221,CUST0646,749.23,Net Banking,Shopping,34,5,4,Bank Declined,3,65.7,1,17,0,0.0,0.12556455063765612,LOW,Suggest alternative payment method,Customer notification,0
TXN00067,CUST1452,2240.65,Wallet,Travel,33,2,7,Insufficient Balance,1,32.5,0,18,0,0.0,0.12484517480265783,LOW,Ask customer to add funds or use another method,Customer notification,0
TXN00795,CUST1102,3439.3,UPI,Utilities,4,4,7,Timeout,3,60.0,0,7,0,0.0,0.12462873305780528,LOW,Retry payment after short delay,Automatic retry,0
TXN01866,CUST1368,6134.11,Wallet,Entertainment,9,1,3,Insufficient Balance,1,66.1,0,2,0,0.0,0.12436365447331116,LOW,Ask customer to add funds or use another method,Customer notification,0
TXN04090,CUST0137,2813.01,UPI,Shopping,13,7,6,Bank Declined,3,68.4,1,11,0,0.0,0.12405388185424374,LOW,Suggest alternative payment method,Customer notification,0
TXN01589,CUST0324,1017.88,Wallet,Travel,41,1,2,Bank Declined,3,68.6,0,17,0,0.0,0.12390466632162625,LOW,Suggest alternative payment method,Customer notification,0
TXN03840,CUST1476,4372.68,Card,Shopping,41,1,4,Insufficient Balance,2,55.7,1,20,0,0.0,0.12311745081386945,LOW,Ask customer to add funds or use another method,Customer notification,0
TXN03948,CUST0776,6227.46,Wallet,Entertainment,2,8,5,Bank Declined,2,65.0,1,17,0,0.0,0.12303621893186527,LOW,Suggest alternative payment method,Customer notification,0
TXN00420,CUST0305,2391.65,Net Banking,Utilities,32,2,0,Bank Declined,3,53.0,0,4,0,0.0,0.12284846783740414,LOW,Suggest alternative payment method,Customer notification,0
TXN04825,CUST0348,4812.6,Net Banking,Food,18,3,7,Bank Declined,1,21.9,0,12,0,0.0,0.12283091437168543,LOW,Suggest alternative payment method,Customer notification,0
TXN02547,CUST0190,5076.04,Card,Shopping,44,0,7,Bank Declined,1,59.3,0,5,0,0.0,0.1224020085529633,LOW,Suggest alternative payment method,Customer notification,0
TXN01418,CUST1425,6322.81,Net Banking,Entertainment,3,8,1,Bank Declined,3,64.9,0,23,0,0.0,0.12193945956483031,LOW,Suggest alternative payment method,Customer notification,0
TXN04730,CUST0295,8076.48,Wallet,Travel,14,3,6,Insufficient Balance,3,18.2,1,18,0,0.0,0.12178552186839027,LOW,Ask customer to add funds or use another method,Customer notification,0
TXN00134,CUST0726,545.12,UPI,Travel,44,9,7,Insufficient Balance,2,52.3,0,13,0,0.0,0.12165406525912964,LOW,Ask customer to add funds or use another method,Customer notification,0
TXN03270,CUST0673,2744.94,Card,Utilities,18,3,4,Authentication Failed,3,68.7,0,14,0,0.0,0.12153366897967537,LOW,Request customer authentication,Customer notification,0
TXN00872,CUST0761,3661.96,UPI,Food,50,1,1,Bank Declined,3,50.4,0,3,0,0.0,0.12121469350217888,LOW,Suggest alternative payment method,Customer notification,0
TXN02703,CUST0149,5375.19,UPI,Utilities,22,3,4,Insufficient Balance,2,43.0,0,6,0,0.0,0.12117579290659497,LOW,Ask customer to add funds or use another method,Customer notification,0
TXN00847,CUST0166,2227.67,Net Banking,Utilities,6,3,3,Network Error,3,59.2,0,13,0,0.0,0.12113666649363129,LOW,Retry payment,Automatic retry,0
TXN00787,CUST1047,5493.25,Net Banking,Utilities,39,1,7,Bank Declined,2,40.6,0,14,0,0.0,0.12105186934984133,LOW,Suggest alternative payment method,Customer notification,0
TXN04568,CUST1211,4105.99,UPI,Entertainment,26,0,5,Insufficient Balance,3,11.4,0,13,0,0.0,0.12104627260560852,LOW,Ask customer to add funds or use another method,Customer notification,0
TXN03196,CUST0454,9304.94,Wallet,Food,14,4,1,Bank Declined,2,71.3,0,9,0,0.0,0.12099290918342273,LOW,Suggest alternative payment method,Customer notification,0
TXN02842,CUST0188,8509.75,UPI,Food,33,4,0,Insufficient Balance,3,62.9,0,19,0,0.0,0.12091770777805161,LOW,Ask customer to add funds or use another method,Customer notification,0
TXN02041,CUST0838,8675.71,Net Banking,Shopping,5,5,3,Insufficient Balance,3,52.1,0,9,0,0.0,0.12052427706648214,LOW,Ask customer to add funds or use another method,Customer notification,0
TXN00155,CUST1021,5150.47,Wallet,Utilities,20,4,2,Bank Declined,3,69.9,0,22,0,0.0,0.11971871735607671,LOW,Suggest alternative payment method,Customer notification,0
TXN04560,CUST0390,2669.55,Wallet,Entertainment,44,9,6,Insufficient Balance,2,61.7,1,23,0,0.0,0.11961268916919128,LOW,Ask customer to add funds or use another method,Customer notification,0
TXN02702,CUST0370,8509.7,Wallet,Shopping,60,3,7,Insufficient Balance,2,67.5,0,13,0,0.0,0.11944796925566119,LOW,Ask customer to add funds or use another method,Customer notification,0
TXN03709,CUST0703,6298.37,Net Banking,Food,3,0,0,Insufficient Balance,3,48.7,0,20,0,0.0,0.11940759202236322,LOW,Ask customer to add funds or use another method,Customer notification,0
TXN00669,CUST1244,8074.71,Net Banking,Travel,36,2,5,Insufficient Balance,3,71.9,0,23,0,0.0,0.11935790571146505,LOW,Ask customer to add funds or use another method,Customer notification,0
TXN01405,CUST1402,9699.2,Wallet,Shopping,9,8,6,Bank Declined,2,61.2,0,18,0,0.0,0.1190692445678281,LOW,Suggest alternative payment method,Customer notification,0
TXN04926,CUST0608,202.42,Wallet,Utilities,10,3,5,Bank Declined,3,62.9,1,1,0,0.0,0.11904138328827521,LOW,Suggest alternative payment method,Customer notification,0
TXN01419,CUST0922,6369.31,Card,Entertainment,19,1,2,Insufficient Balance,2,64.4,1,15,0,0.0,0.11880169328922321,LOW,Ask customer to add funds or use another method,Customer notification,0
TXN00372,CUST0018,1245.44,Net Banking,Utilities,36,6,6,Bank Declined,2,59.3,0,19,0,0.0,0.11877487727488548,LOW,Suggest alternative payment method,Customer notification,0
TXN00261,CUST0151,510.84,UPI,Entertainment,14,3,3,Insufficient Balance,3,48.1,0,23,0,0.0,0.11867717285704707,LOW,Ask customer to add funds or use another method,Customer notification,0
TXN01037,CUST0559,3098.02,Card,Entertainment,17,2,4,Authentication Failed,2,70.4,0,13,0,0.0,0.11855157718147735,LOW,Request customer authentication,Customer notification,0
TXN04069,CUST0245,6846.46,Card,Travel,25,0,5,Insufficient Balance,2,45.1,0,17,0,0.0,0.11851792555046328,LOW,Ask customer to add funds or use another method,Customer notification,0
TXN04624,CUST0746,1314.02,UPI,Utilities,48,1,5,Bank Declined,1,62.7,1,21,0,0.0,0.11837172413994146,LOW,Suggest alternative payment method,Customer notification,0
TXN04930,CUST0902,9681.84,Net Banking,Food,39,6,5,Insufficient Balance,3,68.1,1,17,0,0.0,0.11820682085458839,LOW,Ask customer to add funds or use another method,Customer notification,0
TXN02479,CUST0399,379.46,Wallet,Food,26,2,7,Authentication Failed,2,55.0,0,10,0,0.0,0.11798871070694038,LOW,Request customer authentication,Customer notification,0
TXN03490,CUST0023,3884.15,Wallet,Food,14,2,0,Insufficient Balance,3,63.1,1,11,0,0.0,0.11782091966752668,LOW,Ask customer to add funds or use another method,Customer notification,0
TXN03658,CUST0337,3165.05,Net Banking,Travel,25,3,2,Insufficient Balance,3,67.9,0,10,0,0.0,0.11743786132683182,LOW,Ask customer to add funds or use another method,Customer notification,0
TXN00204,CUST0564,7879.55,Wallet,Utilities,3,4,4,Bank Declined,2,47.2,0,23,0,0.0,0.11730366334331398,LOW,Suggest alternative payment method,Customer notification,0
TXN00401,CUST0512,6824.07,Net Banking,Entertainment,9,0,7,Insufficient Balance,2,21.3,0,5,0,0.0,0.11719723650622599,LOW,Ask customer to add funds or use another method,Customer notification,0
TXN02060,CUST0592,7249.94,Wallet,Travel,11,3,1,Bank Declined,2,67.3,0,10,0,0.0,0.11641864571153616,LOW,Suggest alternative payment method,Customer notification,0
TXN00412,CUST0051,8464.14,UPI,Travel,22,6,7,Insufficient Balance,3,68.3,0,19,0,0.0,0.1154467172544726,LOW,Ask customer to add funds or use another method,Customer notification,0
TXN00386,CUST1417,612.68,Net Banking,Food,11,1,4,Authentication Failed,2,59.8,0,21,0,0.0,0.11525955324023363,LOW,Request customer authentication,Customer notification,0
TXN00613,CUST1066,332.97,UPI,Utilities,9,2,0,Insufficient Balance,3,54.4,0,19,0,0.0,0.11395789491246403,LOW,Ask customer to add funds or use another method,Customer notification,0
TXN03681,CUST0696,206.9,UPI,Food,44,3,6,Bank Declined,1,59.5,0,21,0,0.0,0.11390614303461052,LOW,Suggest alternative payment method,Customer notification,0
TXN04579,CUST1359,3074.84,Net Banking,Utilities,19,5,2,Bank Declined,3,60.3,1,9,0,0.0,0.11371652556280445,LOW,Suggest alternative payment method,Customer notification,0
TXN03243,CUST0083,2684.18,Net Banking,Travel,29,7,7,Insufficient Balance,2,49.7,0,16,0,0.0,0.11340828379965777,LOW,Ask customer to add funds or use another method,Customer notification,0
TXN01409,CUST1311,1246.65,Card,Food,15,6,5,Insufficient Balance,3,62.6,0,11,0,0.0,0.11339709710334288,LOW,Ask customer to add funds or use another method,Customer notification,0
TXN00178,CUST1497,8950.45,UPI,Shopping,5,2,7,Bank Declined,2,41.9,0,5,0,0.0,0.1131504478647785,LOW,Suggest alternative payment method,Customer notification,0
TXN00049,CUST0021,1039.59,Wallet,Travel,10,7,7,Insufficient Balance,3,12.6,0,15,0,0.0,0.11307909427708403,LOW,Ask customer to add funds or use another method,Customer notification,0
TXN01821,CUST0869,401.12,UPI,Shopping,44,5,6,Insufficient Balance,2,59.2,0,15,0,0.0,0.11305974838852968,LOW,Ask customer to add funds or use another method,Customer notification,0
TXN04121,CUST0629,2407.14,Card,Utilities,36,2,7,Insufficient Balance,3,53.6,1,1,0,0.0,0.1122910742023804,LOW,Ask customer to add funds or use another method,Customer notification,0
TXN04199,CUST1205,9228.28,UPI,Food,51,0,7,Insufficient Balance,1,66.8,1,3,0,0.0,0.11222877105868831,LOW,Ask customer to add funds or use another method,Customer notification,0
TXN04954,CUST0365,7690.38,Card,Entertainment,44,3,7,Bank Declined,2,50.2,0,2,0,0.0,0.1118470812088709,LOW,Suggest alternative payment method,Customer notification,0
TXN04311,CUST0043,235.96,Card,Shopping,5,2,2,Insufficient Balance,3,62.5,0,12,0,0.0,0.11097452211624421,LOW,Ask customer to add funds or use another method,Customer notification,0
TXN02361,CUST1191,3508.65,Card,Entertainment,17,6,5,Bank Declined,2,63.1,0,11,0,0.0,0.11086907747907697,LOW,Suggest alternative payment method,Customer notification,0
TXN04760,CUST1117,5865.77,UPI,Travel,40,7,6,Insufficient Balance,2,54.4,1,18,0,0.0,0.11084122030208912,LOW,Ask customer to add funds or use another method,Customer notification,0
TXN00857,CUST0900,1568.77,UPI,Utilities,20,0,2,Insufficient Balance,3,65.1,1,1,0,0.0,0.11051382176125983,LOW,Ask customer to add funds or use another method,Customer notification,0
TXN02299,CUST0521,641.46,Net Banking,Travel,56,3,3,Insufficient Balance,3,56.0,0,8,0,0.0,0.11026317930506112,LOW,Ask customer to add funds or use another method,Customer notification,0
TXN00379,CUST0854,6918.75,UPI,Travel,3,0,5,Bank Declined,2,71.0,1,16,0,0.0,0.10985148090185522,LOW,Suggest alternative payment method,Customer notification,0
TXN04012,CUST0361,8352.38,Card,Entertainment,37,2,3,Bank Declined,3,66.5,0,0,0,0.0,0.10941671809773476,LOW,Suggest alternative payment method,Customer notification,0
TXN03364,CUST0653,5840.07,Wallet,Utilities,9,6,4,Insufficient Balance,3,27.5,1,8,0,0.0,0.1090432132658542,LOW,Ask customer to add funds or use another method,Customer notification,0
TXN04487,CUST1097,3228.45,UPI,Food,49,7,5,Insufficient Balance,3,65.8,0,14,0,0.0,0.10881131024190589,LOW,Ask customer to add funds or use another method,Customer notification,0
TXN00765,CUST0224,2337.73,Net Banking,Food,15,7,3,Bank Declined,3,66.2,0,9,0,0.0,0.10840766278269454,LOW,Suggest alternative payment method,Customer notification,0
TXN02147,CUST0303,5967.69,Net Banking,Shopping,45,4,3,Insufficient Balance,3,67.1,0,22,0,0.0,0.10753187177509728,LOW,Ask customer to add funds or use another method,Customer notification,0
TXN01807,CUST1099,4722.09,Wallet,Utilities,50,0,5,Insufficient Balance,2,23.6,0,10,0,0.0,0.10747517433175385,LOW,Ask customer to add funds or use another method,Customer notification,0
TXN04391,CUST0215,4424.91,Wallet,Food,51,3,5,Insufficient Balance,3,39.7,0,21,0,0.0,0.10740360373455284,LOW,Ask customer to add funds or use another method,Customer notification,0
TXN00685,CUST0929,7869.22,Net Banking,Travel,35,0,7,Insufficient Balance,2,57.9,1,15,0,0.0,0.10724598344046242,LOW,Ask customer to add funds or use another method,Customer notification,0
TXN00982,CUST1344,319.96,Net Banking,Travel,28,3,5,Bank Declined,2,62.5,0,7,0,0.0,0.10722874752142428,LOW,Suggest alternative payment method,Customer notification,0
TXN04041,CUST0050,5487.41,Card,Entertainment,22,5,7,Insufficient Balance,2,67.9,0,23,0,0.0,0.107187058498451,LOW,Ask customer to add funds or use another method,Customer notification,0
TXN04843,CUST0044,1875.03,Net Banking,Entertainment,24,4,5,Insufficient Balance,3,40.9,0,18,0,0.0,0.10651386688021493,LOW,Ask customer to add funds or use another method,Customer notification,0
TXN03363,CUST0749,1076.98,UPI,Food,29,2,4,Insufficient Balance,3,60.7,0,3,0,0.0,0.10599186411294426,LOW,Ask customer to add funds or use another method,Customer notification,0
TXN02238,CUST0619,426.82,Card,Travel,8,6,3,Bank Declined,3,68.6,0,21,0,0.0,0.10593690521472073,LOW,Suggest alternative payment method,Customer notification,0
TXN03576,CUST1378,6105.95,UPI,Utilities,8,1,3,Insufficient Balance,2,57.8,0,4,0,0.0,0.10541101778289257,LOW,Ask customer to add funds or use another method,Customer notification,0
TXN01863,CUST0501,2973.53,Card,Utilities,14,3,6,Insufficient Balance,3,49.5,0,23,0,0.0,0.10535683146784992,LOW,Ask customer to add funds or use another method,Customer notification,0
TXN03812,CUST0577,1774.34,Card,Shopping,8,1,4,Insufficient Balance,3,53.6,1,13,0,0.0,0.10524075536098508,LOW,Ask customer to add funds or use another method,Customer notification,0
TXN00355,CUST1373,8967.41,Card,Travel,25,1,7,Bank Declined,3,37.8,0,9,0,0.0,0.10510893345103972,LOW,Suggest alternative payment method,Customer notification,0
TXN03912,CUST0541,7795.59,Wallet,Utilities,1,4,5,Bank Declined,3,50.1,1,3,0,0.0,0.1050172773910216,LOW,Suggest alternative payment method,Customer notification,0
TXN02668,CUST0399,2748.52,Net Banking,Entertainment,15,5,5,Bank Declined,2,60.8,1,9,0,0.0,0.10496278943940998,LOW,Suggest alternative payment method,Customer notification,0
TXN00679,CUST0190,8022.04,UPI,Shopping,5,3,3,Insufficient Balance,3,60.7,1,18,0,0.0,0.10486685167031673,LOW,Ask customer to add funds or use another method,Customer notification,0
TXN03832,CUST0906,4511.82,Wallet,Shopping,54,0,6,Insufficient Balance,2,16.2,0,22,0,0.0,0.10385535212918545,LOW,Ask customer to add funds or use another method,Customer notification,0
TXN01197,CUST0814,150.88,Card,Travel,19,1,3,Bank Declined,3,50.2,0,6,0,0.0,0.10374744613230065,LOW,Suggest alternative payment method,Customer notification,0
TXN03202,CUST0640,4130.06,Card,Utilities,5,0,2,Bank Declined,3,71.4,0,4,0,0.0,0.10370317033737997,LOW,Suggest alternative payment method,Customer notification,0
TXN02862,CUST1212,3780.1,UPI,Travel,21,1,7,Insufficient Balance,2,3.7,0,9,0,0.0,0.10362360648575257,LOW,Ask customer to add funds or use another method,Customer notification,0
TXN01128,CUST0289,665.46,Net Banking,Utilities,16,0,7,Insufficient Balance,3,30.0,0,17,0,0.0,0.10343045647361752,LOW,Ask customer to add funds or use another method,Customer notification,0
TXN00482,CUST1110,8222.23,Wallet,Shopping,10,3,7,Insufficient Balance,3,20.1,0,0,0,0.0,0.10270134337200329,LOW,Ask customer to add funds or use another method,Customer notification,0
TXN02447,CUST0969,5123.16,UPI,Food,43,1,7,Bank Declined,3,35.4,0,12,0,0.0,0.10207030732215408,LOW,Suggest alternative payment method,Customer notification,0
TXN01484,CUST1041,5069.88,Wallet,Shopping,26,0,3,Insufficient Balance,2,60.5,0,5,0,0.0,0.10189334929756988,LOW,Ask customer to add funds or use another method,Customer notification,0
TXN04219,CUST0384,1979.54,UPI,Shopping,2,3,5,Authentication Failed,3,46.9,0,0,0,0.0,0.10182138103346042,LOW,Request customer authentication,Customer notification,0
TXN04586,CUST0772,5932.65,UPI,Shopping,18,1,0,Insufficient Balance,2,60.0,1,21,0,0.0,0.10132092600690011,LOW,Ask customer to add funds or use another method,Customer notification,0
TXN04319,CUST0759,6729.87,Card,Entertainment,17,1,5,Bank Declined,1,57.1,0,4,0,0.0,0.10077646422988877,LOW,Suggest alternative payment method,Customer notification,0
TXN02603,CUST0183,4237.05,Net Banking,Shopping,2,1,4,Insufficient Balance,3,51.4,1,20,0,0.0,0.10010541604234958,LOW,Ask customer to add funds or use another method,Customer notification,0
TXN03967,CUST0471,5093.8,Net Banking,Shopping,34,0,2,Insufficient Balance,3,52.9,0,3,0,0.0,0.10008325463965162,LOW,Ask customer to add funds or use another method,Customer notification,0
TXN04638,CUST0807,2896.74,UPI,Food,10,1,5,Bank Declined,1,69.5,0,7,0,0.0,0.09968990044309635,LOW,Suggest alternative payment method,Customer notification,0
TXN01754,CUST0335,2230.04,Wallet,Shopping,4,3,1,Bank Declined,2,70.0,0,4,0,0.0,0.0996669550346073,LOW,Suggest alternative payment method,Customer notification,0
TXN00911,CUST1080,2259.93,Wallet,Shopping,56,0,4,Insufficient Balance,3,35.9,0,23,0,0.0,0.09964664478275327,LOW,Ask customer to add funds or use another method,Customer notification,0
TXN00436,CUST0992,388.64,UPI,Utilities,5,2,3,Authentication Failed,3,69.0,0,14,0,0.0,0.09899813583411059,LOW,Request customer authentication,Customer notification,0
TXN02864,CUST0915,7061.68,Wallet,Travel,43,3,4,Bank Declined,2,68.7,0,1,0,0.0,0.09883591343346973,LOW,Suggest alternative payment method,Customer notification,0
TXN01594,CUST0949,8134.56,Card,Food,1,3,7,Insufficient Balance,3,59.3,0,20,0,0.0,0.09878671149331736,LOW,Ask customer to add funds or use another method,Customer notification,0
TXN02374,CUST0561,9070.4,Net Banking,Entertainment,23,0,4,Bank Declined,3,53.5,0,2,0,0.0,0.09863651424441297,LOW,Suggest alternative payment method,Customer notification,0
TXN03965,CUST1103,1590.39,Card,Utilities,20,3,5,Bank Declined,2,56.9,0,7,0,0.0,0.09783191530978672,LOW,Suggest alternative payment method,Customer notification,0
TXN00022,CUST0806,9745.05,Card,Food,33,5,4,Bank Declined,3,61.4,0,7,0,0.0,0.09686292275448116,LOW,Suggest alternative payment method,Customer notification,0
TXN04269,CUST0489,3468.14,Net Banking,Travel,47,2,4,Bank Declined,2,65.2,0,14,0,0.0,0.09611687208014028,LOW,Suggest alternative payment method,Customer notification,0
TXN02142,CUST1242,7542.77,Card,Shopping,10,3,5,Bank Declined,3,68.8,0,20,0,0.0,0.09587066687067379,LOW,Suggest alternative payment method,Customer notification,0
TXN02336,CUST1479,3225.64,UPI,Utilities,10,3,7,Bank Declined,2,60.8,0,2,0,0.0,0.09570656893212431,LOW,Suggest alternative payment method,Customer notification,0
TXN00159,CUST0231,4087.48,UPI,Food,36,2,4,Insufficient Balance,2,62.2,0,2,0,0.0,0.09521513074718943,LOW,Ask customer to add funds or use another method,Customer notification,0
TXN04334,CUST0525,4752.79,Net Banking,Entertainment,35,1,5,Bank Declined,3,44.0,0,6,0,0.0,0.09439524782033716,LOW,Suggest alternative payment method,Customer notification,0
TXN01158,CUST1278,2145.15,Net Banking,Shopping,10,1,0,Insufficient Balance,3,54.8,0,18,0,0.0,0.09405650002990017,LOW,Ask customer to add funds or use another method,Customer notification,0
TXN00526,CUST0957,7338.46,Wallet,Utilities,21,0,4,Insufficient Balance,2,65.7,0,20,0,0.0,0.09379238325702201,LOW,Ask customer to add funds or use another method,Customer notification,0
TXN03106,CUST0040,3430.3,UPI,Shopping,17,3,4,Bank Declined,3,49.1,0,23,0,0.0,0.09369316548173998,LOW,Suggest alternative payment method,Customer notification,0
TXN04380,CUST0019,6281.29,Card,Food,23,0,7,Bank Declined,3,59.6,0,20,0,0.0,0.09358415580964241,LOW,Suggest alternative payment method,Customer notification,0
TXN00199,CUST1398,2447.14,Card,Food,11,0,4,Network Error,2,62.3,0,14,0,0.0,0.09249174379350271,LOW,Retry payment,Automatic retry,0
TXN00906,CUST0249,4467.39,Wallet,Shopping,2,5,3,Bank Declined,2,59.0,1,4,0,0.0,0.0922577378322032,LOW,Suggest alternative payment method,Customer notification,0
TXN03522,CUST0930,3813.48,Net Banking,Travel,47,0,7,Insufficient Balance,2,12.7,0,15,0,0.0,0.09069432843099047,LOW,Ask customer to add funds or use another method,Customer notification,0
TXN01266,CUST1342,8704.83,Card,Food,9,1,5,Bank Declined,2,60.9,0,21,0,0.0,0.09041319005444189,LOW,Suggest alternative payment method,Customer notification,0
TXN00399,CUST0020,2122.04,Net Banking,Entertainment,20,3,6,Bank Declined,1,61.2,0,13,0,0.0,0.09033806293407576,LOW,Suggest alternative payment method,Customer notification,0
TXN01646,CUST0893,8472.11,Net Banking,Shopping,12,2,3,Bank Declined,3,47.9,0,11,0,0.0,0.08983796401481818,LOW,Suggest alternative payment method,Customer notification,0
TXN00021,CUST1438,6478.14,Wallet,Utilities,56,1,7,Insufficient Balance,3,37.4,0,6,0,0.0,0.08824627427505378,LOW,Ask customer to add funds or use another method,Customer notification,0
TXN00985,CUST0877,9681.25,Net Banking,Entertainment,19,0,5,Bank Declined,1,61.2,0,1,0,0.0,0.08785498592410536,LOW,Suggest alternative payment method,Customer notification,0
TXN03952,CUST1480,3551.16,Wallet,Food,56,2,5,Insufficient Balance,2,55.9,0,13,0,0.0,0.08751307276739512,LOW,Ask customer to add funds or use another method,Customer notification,0
TXN01129,CUST1278,1462.53,Wallet,Travel,13,0,6,Authentication Failed,3,51.2,0,6,0,0.0,0.08724962328233576,LOW,Request customer authentication,Customer notification,0
TXN01937,CUST0007,420.65,Card,Travel,48,1,5,Insufficient Balance,2,50.4,0,10,0,0.0,0.08678386488511784,LOW,Ask customer to add funds or use another method,Customer notification,0
TXN03579,CUST0762,460.61,UPI,Food,45,3,5,Bank Declined,3,45.6,0,13,0,0.0,0.0865940809388012,LOW,Suggest alternative payment method,Customer notification,0
TXN03088,CUST0567,9086.73,Wallet,Shopping,27,3,7,Insufficient Balance,2,47.2,0,23,0,0.0,0.08625796328284543,LOW,Ask customer to add funds or use another method,Customer notification,0
TXN01402,CUST1041,9513.1,UPI,Travel,29,1,4,Insufficient Balance,3,58.2,0,3,0,0.0,0.08616914498543705,LOW,Ask customer to add funds or use another method,Customer notification,0
TXN01079,CUST1189,1341.22,Wallet,Entertainment,14,2,5,Authentication Failed,3,60.6,0,17,0,0.0,0.08557898182821123,LOW,Request customer authentication,Customer notification,0
TXN04335,CUST1264,8593.38,Wallet,Utilities,22,0,6,Bank Declined,2,53.4,0,7,0,0.0,0.08532120507368228,LOW,Suggest alternative payment method,Customer notification,0
TXN00618,CUST0634,6071.6,Wallet,Shopping,3,7,3,Bank Declined,3,63.4,0,11,0,0.0,0.0851951263865802,LOW,Suggest alternative payment method,Customer notification,0
TXN02102,CUST1036,6702.66,Wallet,Utilities,52,1,6,Insufficient Balance,3,62.3,0,1,0,0.0,0.08512334296082427,LOW,Ask customer to add funds or use another method,Customer notification,0
TXN00619,CUST1157,5283.65,Wallet,Travel,16,6,7,Insufficient Balance,3,64.2,0,9,0,0.0,0.08483338892685957,LOW,Ask customer to add funds or use another method,Customer notification,0
TXN00384,CUST0785,7959.9,Net Banking,Food,11,0,5,Bank Declined,2,68.5,0,13,0,0.0,0.0846694631103509,LOW,Suggest alternative payment method,Customer notification,0
TXN04417,CUST1019,5171.77,Card,Travel,37,5,7,Insufficient Balance,2,56.2,0,20,0,0.0,0.08445996811028213,LOW,Ask customer to add funds or use another method,Customer notification,0
TXN00092,CUST0296,1232.87,Net Banking,Travel,51,0,4,Insufficient Balance,3,41.9,0,13,0,0.0,0.08402405124280665,LOW,Ask customer to add funds or use another method,Customer notification,0
TXN03594,CUST0139,8107.05,Card,Shopping,32,3,7,Insufficient Balance,3,49.9,0,21,0,0.0,0.08390061918314638,LOW,Ask customer to add funds or use another method,Customer notification,0
TXN03567,CUST1189,6931.26,Card,Utilities,47,2,7,Insufficient Balance,2,60.3,1,17,0,0.0,0.08372842603970687,LOW,Ask customer to add funds or use another method,Customer notification,0
TXN04901,CUST0990,3419.85,UPI,Food,11,3,2,Bank Declined,3,66.1,0,10,0,0.0,0.08242994503172872,LOW,Suggest alternative payment method,Customer notification,0
TXN01368,CUST1182,8660.06,Card,Food,17,3,6,Bank Declined,3,45.5,0,8,0,0.0,0.08189702435830357,LOW,Suggest alternative payment method,Customer notification,0
TXN01417,CUST0906,7702.9,Wallet,Food,8,4,4,Bank Declined,3,70.5,1,18,0,0.0,0.07923209595596331,LOW,Suggest alternative payment method,Customer notification,0
TXN01384,CUST1259,5086.71,Wallet,Travel,15,1,4,Bank Declined,3,54.7,0,10,0,0.0,0.07685558258245057,LOW,Suggest alternative payment method,Customer notification,0
TXN04952,CUST0458,4756.68,Net Banking,Entertainment,18,0,4,Bank Declined,1,67.0,0,6,0,0.0,0.07460220284283059,LOW,Suggest alternative payment method,Customer notification,0
TXN00650,CUST1351,2202.11,Wallet,Shopping,13,2,7,Insufficient Balance,3,18.1,0,9,0,0.0,0.07119936549382219,LOW,Ask customer to add funds or use another method,Customer notification,0
TXN04710,CUST0019,3123.78,UPI,Travel,34,1,6,Insufficient Balance,2,66.6,1,14,0,0.0,0.07115868458909527,LOW,Ask customer to add funds or use another method,Customer notification,0
TXN02341,CUST1101,1046.04,Wallet,Entertainment,5,3,4,Bank Declined,3,58.1,0,2,0,0.0,0.0703844899261804,LOW,Suggest alternative payment method,Customer notification,0
TXN00446,CUST0636,3199.2,Net Banking,Entertainment,14,1,6,Bank Declined,3,61.9,1,15,0,0.0,0.0701226043205308,LOW,Suggest alternative payment method,Customer notification,0
TXN03978,CUST0540,6910.31,Wallet,Food,19,4,6,Insufficient Balance,3,64.7,1,17,0,0.0,0.0696843504925368,LOW,Ask customer to add funds or use another method,Customer notification,0
TXN01173,CUST0985,353.14,Net Banking,Travel,13,2,6,Insufficient Balance,3,56.2,0,7,0,0.0,0.0694736904466136,LOW,Ask customer to add funds or use another method,Customer notification,0
TXN03797,CUST1018,8887.32,UPI,Food,4,0,5,Bank Declined,3,64.7,1,19,0,0.0,0.06737234507893057,LOW,Suggest alternative payment method,Customer notification,0
TXN02335,CUST0988,3560.28,UPI,Utilities,51,1,7,Insufficient Balance,3,54.2,0,17,0,0.0,0.06638554770273357,LOW,Ask customer to add funds or use another method,Customer notification,0
TXN03852,CUST1024,5592.78,Wallet,Utilities,45,0,4,Insufficient Balance,2,65.8,0,14,0,0.0,0.06635965909971603,LOW,Ask customer to add funds or use another method,Customer notification,0
TXN04003,CUST0216,9127.03,Wallet,Shopping,16,1,7,Insufficient Balance,3,50.1,0,8,0,0.0,0.06593811314879101,LOW,Ask customer to add funds or use another method,Customer notification,0
TXN00815,CUST1330,4720.61,Wallet,Travel,51,1,4,Bank Declined,3,68.6,0,0,0,0.0,0.06164019455880063,LOW,Suggest alternative payment method,Customer notification,0
TXN00215,CUST0220,7110.41,Wallet,Utilities,10,2,7,Insufficient Balance,3,65.7,0,9,0,0.0,0.05990091035565173,LOW,Ask customer to add funds or use another method,Customer notification,0
TXN02518,CUST0846,1303.89,Wallet,Entertainment,16,3,7,Bank Declined,3,57.1,0,14,0,0.0,0.059428711359501424,LOW,Suggest alternative payment method,Customer notification,0
TXN02615,CUST0554,3651.4,Net Banking,Travel,31,0,7,Insufficient Balance,3,69.0,0,19,0,0.0,0.04275355198422948,LOW,Ask customer to add funds or use another method,Customer notification,0
